Ticker,Price,Day%,Week%,MCap($B),Sector,Industry,Above EMA%,RSI,MACD,MACD Hist,ROC20%,Vol Ratio,Momentum,Rating
KNSA,79.44,25.03,25.0,6.1,Healthcare,Drug Manufacturers - Specialty & Generic,34.43,78.1,Bull,0.66,27.29,3.79,97.3,4.88
CBZ,54.49,16.68,35.08,2.5,Industrials,Specialty Business Services,46.93,84.4,Bull,1.0,69.86,1.72,89.4,4.0
GSHD,68.82,11.0,28.04,2.4,Financial Services,Insurance Brokers,40.54,73.4,Bull,0.85,43.43,1.6,88.3,3.62
WDAY,159.69,8.24,13.12,39.4,Technology,Software - Application,18.03,65.5,Bull,1.01,29.22,1.7,87.4,3.93
ETON,46.66,10.28,8.01,1.3,Healthcare,Drug Manufacturers - Specialty & Generic,30.82,73.3,Bull,0.42,27.04,1.7,86.2,5.0
WPP,21.3,9.01,16.84,4.6,Communication Services,Advertising Agencies,17.94,68.8,Bull,0.24,31.24,1.44,86.0,2.67
FTRE,20.7,7.81,15.58,2.0,Healthcare,Biotechnology,23.97,76.3,Bull,0.16,18.15,2.58,84.7,
ATRC,39.75,6.37,15.18,2.0,Healthcare,Medical Instruments & Supplies,25.41,75.5,Bull,0.28,38.5,1.13,84.4,4.22
DAO,15.98,0.76,5.97,1.9,Consumer Defensive,Education & Training Services,22.7,70.1,Bull,0.13,33.95,0.88,82.3,
CTSH,50.31,6.93,15.31,23.8,Technology,Information Technology Services,6.59,65.8,Bull,0.95,29.87,1.5,80.7,3.83
LAD,358.31,3.71,8.32,8.2,Consumer Cyclical,Auto & Truck Dealerships,15.6,72.4,Bull,2.51,22.98,1.65,79.5,4.31
MORN,194.12,6.41,17.15,7.4,Financial Services,Financial Data & Stock Exchanges,13.55,69.9,Bull,2.5,24.93,1.5,79.2,4.33
MGRT,101.99,4.02,18.61,1.4,Technology,Information Technology Services,21.01,63.6,Bull,2.86,35.55,0.41,78.4,
PRK,206.97,9.31,9.85,3.7,Financial Services,Banks - Regional,14.19,75.2,Bull,0.96,13.71,3.64,78.3,3.0
AWI,178.65,8.13,17.98,7.6,Industrials,Building Products & Equipment,11.94,72.8,Bull,1.99,12.03,3.31,78.0,4.22
DFIN,52.61,4.7,7.21,1.3,Technology,Software - Application,17.12,71.0,Bull,0.27,26.68,0.9,77.8,
SAH,104.69,1.66,7.34,3.3,Consumer Cyclical,Auto & Truck Dealerships,18.99,69.2,Bull,0.53,23.64,1.01,76.6,3.67
BGSI,112.93,4.87,9.95,3.1,Consumer Cyclical,Auto & Truck Dealerships,8.54,72.0,Bull,1.49,19.59,2.11,76.5,4.43
CRAI,179.98,3.64,7.45,1.2,Industrials,Consulting Services,14.19,70.1,Bull,0.91,24.96,1.13,76.5,3.5
AVTR,14.19,14.25,29.59,8.5,Healthcare,Medical Instruments & Supplies,38.51,82.7,Bull,0.23,43.33,0.16,76.3,3.06
ADSK,237.38,5.08,12.42,50.1,Technology,Software - Application,9.76,67.2,Bull,2.93,21.58,1.74,75.9,4.57
SONO,16.8,7.28,13.59,2.0,Technology,Consumer Electronics,14.37,67.7,Bull,0.22,23.71,1.2,75.9,
FBRX,76.59,-0.08,35.25,1.6,Healthcare,Biotechnology,107.6,85.5,Bull,3.31,260.42,0.1,75.8,3.4
MANH,193.33,14.96,29.66,9.9,Technology,Software - Application,28.6,75.3,Bull,2.11,38.84,0.09,75.7,4.17
HURN,136.88,12.77,22.71,2.0,Industrials,Consulting Services,23.19,73.9,Bull,2.31,51.81,0.05,75.5,
PAG,220.01,2.0,12.72,14.5,Consumer Cyclical,Auto & Truck Dealerships,17.95,74.9,Bull,2.01,22.19,1.1,75.4,3.3
TNET,69.11,1.07,15.13,3.1,Industrials,Staffing & Employment Services,30.22,83.5,Bull,0.74,40.47,0.02,75.2,3.43
THC,257.91,-1.8,32.02,22.6,Healthcare,Medical Care Facilities,29.64,77.0,Bull,6.57,37.86,0.02,75.2,4.55
RNG,56.87,-0.11,51.01,4.8,Technology,Software - Application,35.76,77.1,Bull,1.91,45.9,0.02,75.2,3.53
PYPL,58.91,1.01,6.13,51.4,Financial Services,Credit Services,20.42,79.9,Bull,0.52,36.43,0.02,75.2,3.19
UTZ,14.09,0.07,0.21,2.0,Consumer Defensive,Packaged Foods,54.35,86.9,Bull,0.59,82.99,0.01,75.1,3.1
PARR,81.33,2.84,2.41,4.0,Energy,Oil & Gas Refining & Marketing,23.67,76.2,Bull,0.46,45.03,0.02,75.1,4.43
PAY,33.98,-0.47,16.97,4.3,Technology,Software - Infrastructure,26.72,79.7,Bull,0.37,40.65,0.01,75.1,
AMC,2.64,-1.12,17.33,2.4,Communication Services,Entertainment,30.25,64.6,Bull,0.06,38.95,0.02,75.1,3.29
MAN,55.65,0.45,7.72,2.6,Industrials,Staffing & Employment Services,39.09,77.0,Bull,0.73,64.79,0.01,75.1,3.58
SAFT,103.2,0.16,42.34,1.5,Financial Services,Insurance - Property & Casualty,32.61,86.0,Bull,3.32,37.86,0.01,75.1,
TRAX,41.92,0.16,9.81,1.5,Healthcare,Biotechnology,55.3,77.1,Bull,0.47,108.33,0.0,75.0,4.62
PCTY,139.3,0.45,15.33,7.4,Technology,Software - Application,19.16,73.3,Bull,1.45,33.26,0.02,74.7,4.53
BLKB,38.25,6.46,23.71,1.7,Technology,Software - Application,19.87,73.5,Bull,0.7,29.14,0.04,74.4,3.8
BBDO,3.29,1.23,3.13,34.8,Financial Services,Banks - Regional,6.14,67.5,Bull,0.02,11.34,4.07,74.4,
ENOV,29.42,-0.34,10.81,1.7,Healthcare,Medical Devices,18.42,65.2,Bull,0.31,42.13,0.01,74.3,4.67
PAYC,163.1,0.86,17.09,7.7,Technology,Software - Application,17.08,69.4,Bull,1.69,29.78,0.04,73.7,3.6
GWRE,160.07,0.42,19.48,13.3,Technology,Software - Application,16.88,67.2,Bull,1.82,30.08,0.01,73.6,4.4
BSY,35.84,6.32,14.65,10.9,Technology,Software - Application,12.09,67.6,Bull,0.34,20.59,1.4,73.3,4.29
ATHM,23.01,7.67,8.23,2.7,Communication Services,Internet Content & Information,19.07,76.7,Bull,0.07,25.44,2.09,73.3,
HUBS,241.89,1.61,18.05,12.2,Technology,Software - Application,15.48,63.3,Bull,2.75,32.54,0.03,73.0,4.15
HPQ,28.25,-0.16,12.53,25.9,Technology,Computer Hardware,18.06,72.0,Bull,0.44,28.74,0.02,72.9,2.76
EQNR,40.74,6.45,1.95,95.7,Energy,Oil & Gas Integrated,12.32,67.0,Bull,0.49,29.75,0.14,72.0,2.67
LPG,45.35,1.97,5.51,1.9,Energy,Oil & Gas Midstream,13.27,67.1,Bull,0.55,33.33,0.02,71.8,4.0
BILL,46.98,1.34,12.15,4.6,Technology,Software - Application,17.47,68.3,Bull,0.22,29.92,0.0,71.7,4.14
WEX,180.58,-1.26,15.99,6.2,Technology,Software - Infrastructure,16.99,71.0,Bull,2.25,27.99,0.01,71.6,3.64
TEAM,100.4,0.43,17.57,25.4,Technology,Software - Application,13.54,60.2,Bull,1.09,29.07,0.03,71.1,4.47
LW,54.56,-0.1,13.68,7.5,Consumer Defensive,Packaged Foods,18.02,78.8,Bull,0.81,26.37,0.02,70.6,3.5
PLSE,34.75,-2.03,6.07,2.5,Healthcare,Medical Instruments & Supplies,26.68,68.0,Bull,0.65,25.32,0.01,70.4,
IQV,241.73,-0.5,21.77,40.5,Healthcare,Diagnostics & Research,22.96,78.2,Bull,2.73,25.11,0.04,70.4,4.55
TRI,103.85,0.54,18.92,45.1,Industrials,Specialty Business Services,15.98,66.5,Bull,0.98,27.16,0.01,70.2,4.22
CNMD,43.86,-0.88,4.43,1.3,Healthcare,Medical Devices,14.03,63.7,Bull,0.21,34.01,0.01,70.1,
EXLS,30.53,6.9,11.63,4.7,Technology,Information Technology Services,8.01,65.0,Bull,0.27,19.4,1.4,70.0,4.44
SOLV,86.17,7.08,9.63,14.9,Healthcare,Medical Instruments & Supplies,11.81,68.8,Bull,0.49,10.14,2.24,69.7,3.67
UHS,166.22,4.34,10.88,10.1,Healthcare,Medical Care Facilities,6.83,67.0,Bull,1.37,13.06,2.17,69.5,3.6
DSGR,34.56,-0.2,0.14,1.6,Industrials,Industrial Distribution,16.33,83.1,Bull,0.35,26.36,0.0,69.5,3.0
ITRI,106.03,-0.93,27.42,4.7,Technology,Scientific & Technical Instruments,23.22,81.0,Bull,2.13,22.53,0.21,69.3,4.23
ANDG,47.04,1.05,13.57,5.3,Consumer Cyclical,Personal Services,19.04,65.9,Bull,0.37,24.71,0.0,69.3,
FIG,24.21,-0.7,12.76,12.9,Technology,Software - Application,12.09,59.2,Bull,0.11,33.83,0.02,69.2,3.71
SBET,6.43,-0.23,1.66,1.4,Financial Services,Capital Markets,8.09,60.2,Bull,0.09,33.85,0.02,69.2,4.86
KFY,83.7,3.12,7.25,4.3,Industrials,Staffing & Employment Services,15.38,74.1,Bull,0.65,19.63,0.83,69.2,
BZ,16.36,3.41,6.23,7.3,Communication Services,Internet Content & Information,13.37,69.0,Bull,0.14,27.12,0.03,69.1,4.68
ACN,164.66,0.0,17.54,109.9,Technology,Information Technology Services,7.66,66.3,Bull,4.04,33.91,0.03,69.0,3.93
DJT,9.89,0.1,7.15,2.7,Communication Services,Internet Content & Information,11.35,61.7,Bull,0.06,27.78,0.07,69.0,
XNCR,19.94,-0.15,2.2,1.5,Healthcare,Biotechnology,29.15,73.1,Bull,0.22,23.85,0.01,68.9,4.5
WIX,58.67,0.21,20.58,3.2,Technology,Software - Infrastructure,8.63,65.0,Bull,1.04,29.33,0.01,68.8,3.91
CTAS,214.27,-0.29,6.41,86.0,Industrials,Specialty Business Services,14.92,76.2,Bull,1.98,25.98,0.02,68.6,3.8
KVYO,19.01,0.65,17.37,5.7,Technology,Software - Application,14.28,64.8,Bull,0.12,25.92,0.01,68.2,4.73
SSNC,78.11,0.27,16.55,18.8,Technology,Software - Application,13.76,73.8,Bull,1.19,25.88,0.02,67.9,4.3
DOCU,55.74,-0.41,16.39,10.7,Technology,Software - Application,14.39,66.1,Bull,0.56,25.48,0.01,67.8,
RYZ,31.15,0.39,4.74,1.6,Industrials,Metal Fabrication,12.01,67.8,Bull,0.34,26.57,0.02,67.7,
CBL,60.05,2.81,8.14,1.9,Real Estate,REIT - Retail,17.15,76.0,Bull,0.41,12.73,1.35,67.5,
BVS,13.21,6.1,11.2,1.1,Healthcare,Medical Devices,23.89,69.3,Bull,0.03,35.07,1.34,67.4,
EFX,187.02,5.48,8.1,22.0,Industrials,Consulting Services,9.9,63.9,Bull,1.02,17.94,1.15,67.4,4.21
G,34.81,0.58,15.99,5.9,Technology,Information Technology Services,11.2,71.4,Bull,0.59,26.58,0.01,67.2,3.75
WKC,40.22,0.41,10.82,2.0,Energy,Oil & Gas Refining & Marketing,20.98,83.0,Bull,0.28,22.09,0.01,67.2,2.33
JD,32.1,0.96,6.45,43.4,Consumer Cyclical,Internet Retail,10.61,75.4,Bull,0.36,25.96,0.06,66.8,4.58
CLF,11.89,-0.75,25.82,6.8,Basic Materials,Steel,10.03,62.4,Bull,0.39,26.62,0.01,66.8,3.08
FDS,284.18,0.11,15.89,10.1,Financial Services,Financial Data & Stock Exchanges,16.14,67.5,Bull,2.82,23.51,0.01,66.7,2.67
QTWO,59.33,0.16,12.25,3.7,Technology,Software - Application,16.29,70.0,Bull,0.43,23.36,0.02,66.7,4.42
CAKE,95.8,7.63,11.81,4.4,Consumer Cyclical,Restaurants,24.42,79.9,Bull,0.58,20.44,0.13,66.5,3.32
THRM,41.87,-0.51,16.13,1.3,Consumer Cyclical,Auto Parts,16.05,64.1,Bull,0.63,22.74,0.02,65.9,4.0
CXM,6.37,0.95,14.57,1.5,Technology,Software - Application,14.66,71.4,Bull,0.06,23.45,0.01,65.9,
WWW,20.29,-2.78,3.31,1.7,Consumer Cyclical,Footwear & Accessories,14.49,64.0,Bull,0.22,23.49,0.02,65.9,4.0
NBBK,23.05,2.76,9.55,1.0,Financial Services,Banks - Regional,9.65,72.5,Bull,0.17,8.78,2.06,65.8,3.5
CERT,7.89,-0.25,14.51,1.2,Healthcare,Health Information Services,21.23,71.3,Bull,0.07,20.46,0.03,65.7,3.67
OII,49.18,2.48,9.29,4.8,Energy,Oil & Gas Equipment & Services,18.32,65.4,Bull,0.67,21.37,0.02,65.7,2.75
PAYX,119.66,0.66,9.18,42.3,Technology,Software - Application,15.2,73.8,Bull,0.62,22.96,0.02,65.7,2.83
GIB,71.4,2.78,7.14,15.1,Technology,Information Technology Services,6.42,63.3,Bull,0.38,12.04,1.84,65.6,3.73
GENI,7.34,0.56,15.24,1.9,Communication Services,Internet Content & Information,18.23,66.4,Bull,0.08,21.14,0.03,65.5,4.7
VRSK,218.56,2.97,13.67,27.8,Industrials,Consulting Services,15.73,73.2,Bull,1.92,21.74,0.05,65.1,3.89
UGP,6.36,0.87,1.35,7.0,Energy,Oil & Gas Refining & Marketing,12.31,69.6,Bull,0.03,25.79,0.01,64.9,4.0
WK,59.74,2.1,14.77,3.3,Technology,Software - Application,13.1,66.4,Bull,0.39,23.15,0.01,64.8,4.82
EPAM,100.29,-0.11,15.85,5.2,Technology,Information Technology Services,6.21,66.4,Bull,1.97,26.39,0.01,64.6,4.0
MIAX,46.5,0.65,11.22,4.4,Financial Services,Capital Markets,8.92,66.8,Bull,0.56,25.13,0.01,64.6,3.86
GCT,39.62,-1.59,6.79,1.5,Technology,Software - Infrastructure,8.14,63.1,Bull,0.41,25.38,0.01,64.5,
MMED,17.97,1.87,10.04,5.0,Healthcare,Medical Instruments & Supplies,18.13,70.6,Bull,0.13,20.2,0.03,64.5,4.73
BRAI,7.35,26.74,38.7,1.2,Technology,Computer Hardware,8.88,58.6,Bull,0.23,20.11,0.58,64.4,
UNF,300.5,1.02,3.81,5.4,Industrials,Specialty Business Services,9.8,77.2,Bull,1.65,13.85,1.25,64.2,
TNK,76.78,1.07,1.61,2.7,Energy,Oil & Gas Midstream,5.39,60.2,Bull,0.74,16.35,1.21,64.2,3.8
TX,49.33,3.33,10.01,9.7,Basic Materials,Steel,9.06,70.6,Bull,0.62,13.35,1.31,63.8,4.0
GPN,87.3,-0.18,10.55,23.9,Industrials,Specialty Business Services,16.68,68.7,Bull,0.74,20.31,0.01,63.7,3.62
GEF,83.36,3.77,10.13,3.8,Consumer Cyclical,Packaging & Containers,15.88,78.4,Bull,0.59,12.27,1.01,63.6,3.17
TRV,395.23,-0.5,6.22,82.9,Financial Services,Insurance - Property & Casualty,17.46,81.1,Bull,3.74,19.72,0.02,63.6,3.03
RBCAA,100.64,3.72,10.25,2.0,Financial Services,Banks - Regional,15.86,79.1,Bull,0.66,11.45,1.11,63.6,3.0
DXC,10.86,-0.09,15.41,1.8,Technology,Information Technology Services,11.27,67.5,Bull,0.17,22.71,0.01,63.4,2.88
GDDY,102.11,-0.79,14.22,13.6,Technology,Software - Infrastructure,15.21,67.3,Bull,0.98,20.3,0.01,63.0,3.94
IMAX,47.45,0.34,20.74,2.6,Communication Services,Entertainment,17.58,73.2,Bull,0.99,19.04,0.02,63.0,4.45
ADNT,21.62,4.34,8.53,1.7,Consumer Cyclical,Auto Parts,5.17,59.9,Bull,0.27,18.92,0.75,62.8,4.0
GGB,4.97,0.3,4.09,9.8,Basic Materials,Steel,9.73,70.3,Bull,0.04,22.9,0.0,62.8,4.4
IQ,1.27,2.0,2.82,1.2,Communication Services,Entertainment,10.0,65.6,Bull,0.01,22.6,0.01,62.7,3.7
VOD,16.22,-1.07,4.55,38.9,Communication Services,Telecom Services,9.22,64.9,Bull,0.16,22.56,0.06,62.7,2.25
RELX,38.11,0.93,16.4,68.9,Industrials,Specialty Business Services,13.88,73.6,Bull,0.57,20.33,0.05,62.7,5.0
SPSC,68.74,0.35,14.34,2.5,Technology,Software - Application,14.64,68.3,Bull,0.38,20.24,0.01,62.6,3.25
HRB,45.25,0.69,14.41,5.7,Consumer Cyclical,Personal Services,16.94,72.4,Bull,0.33,18.83,0.01,62.4,2.8
MNDY,87.77,0.78,18.75,4.0,Technology,Software - Application,12.04,62.0,Bull,0.83,21.25,0.01,62.3,4.32
ICE,152.22,-0.33,6.8,86.4,Financial Services,Financial Data & Stock Exchanges,6.96,69.7,Bull,1.92,23.65,0.01,62.2,4.5
SAP,184.02,2.71,23.71,220.1,Technology,Software - Application,11.76,67.2,Bull,3.35,19.41,0.23,62.2,4.44
NUE,267.51,0.71,13.4,60.5,Basic Materials,Steel,13.5,72.7,Bull,4.13,20.09,0.04,62.2,4.47
NUVB,6.7,0.15,2.29,2.3,Healthcare,Biotechnology,18.06,67.0,Bull,0.05,17.96,0.02,62.1,4.6
VVX,89.49,-0.63,10.48,2.8,Industrials,Aerospace & Defense,13.98,70.7,Bull,1.68,20.02,0.01,62.1,
BLFS,31.98,7.35,9.56,1.6,Healthcare,Medical Instruments & Supplies,17.72,67.9,Bull,0.12,13.0,1.71,62.0,3.67
ARX,14.52,-1.35,7.88,3.2,Financial Services,Insurance Brokers,5.94,58.3,Bull,0.2,23.9,0.01,61.9,4.4
ADBE,250.22,0.42,14.59,99.0,Technology,Software - Application,9.1,63.8,Bull,3.06,22.05,0.04,61.9,3.3
AMTB,29.96,-2.03,17.72,1.2,Financial Services,Banks - Regional,18.72,74.1,Bull,0.42,17.4,0.01,61.8,4.0
LCID,7.8,-1.27,15.04,3.1,Consumer Cyclical,Auto Manufacturers,21.62,62.6,Bull,0.14,16.59,0.02,61.7,2.83
TMP,101.25,1.58,7.34,1.5,Financial Services,Banks - Regional,10.95,68.3,Bull,0.65,8.14,1.57,61.7,3.5
FIVN,26.9,-0.81,17.21,2.1,Technology,Software - Infrastructure,17.51,62.6,Bull,0.1,26.17,0.01,61.4,4.19
SU,65.75,2.89,1.58,75.4,Energy,Oil & Gas Integrated,7.27,65.5,Bull,0.6,22.48,0.03,61.4,3.95
EDU,54.89,8.07,12.76,8.1,Consumer Defensive,Education & Training Services,11.76,77.6,Bull,0.45,19.56,0.1,61.3,4.38
AZTA,28.93,5.12,8.8,1.3,Healthcare,Medical Instruments & Supplies,16.16,69.5,Bull,0.13,13.41,1.12,61.2,3.83
ABT,107.6,0.3,6.99,186.8,Healthcare,Medical Devices,13.15,74.0,Bull,1.08,19.42,0.01,61.1,4.33
APAM,41.57,1.69,6.64,3.3,Financial Services,Asset Management,11.01,73.2,Bull,0.35,20.39,0.02,61.1,2.75
AORT,27.33,1.17,8.69,1.3,Healthcare,Medical Devices,8.59,67.7,Bull,0.28,21.61,0.01,61.0,4.75
INSW,94.19,0.63,5.94,4.6,Energy,Oil & Gas Midstream,12.34,64.0,Bull,0.43,22.98,0.02,61.0,4.67
DUOL,139.3,-1.02,16.56,6.6,Technology,Software - Application,13.38,61.1,Bull,0.66,21.11,0.04,61.0,3.17
NDAQ,95.78,-0.19,5.37,53.6,Financial Services,Financial Data & Stock Exchanges,8.18,65.6,Bull,0.7,21.52,0.01,60.7,4.29
SF,83.9,-0.87,5.79,13.0,Financial Services,Capital Markets,10.54,72.9,Bull,0.74,20.25,0.01,60.6,3.62
DBX,32.39,1.03,12.9,7.5,Technology,Software - Infrastructure,14.56,70.8,Bull,0.17,17.91,0.01,60.3,
PCOR,49.14,0.61,17.98,7.4,Technology,Software - Application,7.7,63.2,Bull,0.68,20.97,0.0,59.9,4.3
EVCM,11.95,-0.42,4.28,2.1,Technology,Software - Application,11.88,64.0,Bull,0.07,18.79,0.01,59.8,3.56
INTU,318.0,1.6,11.79,85.6,Technology,Software - Application,4.41,64.0,Bull,5.26,22.38,0.02,59.7,4.26
CBOE,296.7,-0.23,5.29,33.3,Financial Services,Financial Data & Stock Exchanges,4.83,64.2,Bull,4.23,22.26,0.01,59.7,2.94
IDT,67.96,0.12,5.84,1.7,Communication Services,Telecom Services,15.36,76.4,Bull,0.35,16.85,0.01,59.6,
NTNX,59.49,0.75,11.49,16.0,Technology,Software - Infrastructure,15.63,70.8,Bull,0.3,16.74,0.01,59.6,3.88
ATAT,35.07,4.53,12.37,4.8,N/A,N/A,5.55,65.0,Bull,0.35,8.51,1.59,59.5,
SFL,12.24,0.91,7.84,1.8,N/A,N/A,8.71,69.8,Bull,0.13,20.0,0.01,59.5,
GPI,347.77,-0.82,6.05,4.2,N/A,N/A,8.97,65.0,Bull,4.92,19.44,0.03,59.2,
GM,90.48,0.2,10.17,79.2,N/A,N/A,13.29,74.0,Bull,1.57,17.38,0.02,59.2,
CVE,29.56,6.87,1.97,51.9,N/A,N/A,8.37,62.0,Bull,0.21,19.15,0.09,59.1,
KD,13.44,0.71,15.41,2.9,N/A,N/A,10.06,66.7,Bull,0.16,18.88,0.01,59.0,
VIA,20.69,0.49,18.23,1.7,N/A,N/A,19.24,67.6,Bull,0.15,14.06,0.01,58.7,
ARDT,11.44,-0.31,10.27,1.6,N/A,N/A,14.37,71.8,Bull,0.11,16.21,0.01,58.5,
GRFS,8.26,3.19,4.76,5.5,N/A,N/A,9.19,69.0,Bull,0.1,18.16,0.08,58.5,
AN,221.49,0.52,11.59,7.4,N/A,N/A,12.07,70.6,Bull,2.42,17.26,0.02,58.5,
ASAN,8.19,0.0,19.04,1.9,N/A,N/A,12.78,61.9,Bull,0.07,17.0,0.01,58.5,
MCK,891.43,0.22,9.51,106.9,N/A,N/A,10.37,71.9,Bull,6.92,17.98,0.03,58.4,
WF,65.69,-2.71,3.42,16.0,N/A,N/A,4.36,59.0,Bull,0.49,13.45,0.92,58.3,
ABG,235.15,-2.42,5.28,4.5,N/A,N/A,12.26,65.6,Bull,1.76,16.95,0.02,58.2,
ROP,394.43,0.9,17.14,39.5,N/A,N/A,12.46,69.1,Bull,3.39,16.85,0.02,58.2,
WDS,22.95,3.68,2.34,42.1,N/A,N/A,7.59,65.5,Bull,0.23,18.81,0.06,58.1,
RYAN,45.18,-1.8,14.99,12.1,N/A,N/A,16.99,66.7,Bull,0.19,19.65,0.01,58.1,
T,24.44,-0.89,6.08,169.0,N/A,N/A,6.49,69.2,Bull,0.44,19.65,0.01,58.0,
ROST,250.52,-0.2,5.17,80.5,N/A,N/A,9.96,70.4,Bull,2.79,17.7,0.01,57.8,
ACVA,8.15,-0.49,6.12,1.4,N/A,N/A,18.62,67.3,Bull,0.04,13.35,0.0,57.7,
INCY,129.11,-0.63,11.5,26.0,N/A,N/A,16.54,74.6,Bull,0.77,13.89,0.04,57.5,
BURL,370.05,0.01,4.54,23.3,N/A,N/A,11.02,67.2,Bull,2.93,16.81,0.0,57.4,
DPZ,349.18,-0.37,9.18,11.6,N/A,N/A,8.75,67.5,Bull,4.07,17.95,0.01,57.4,
CRM,184.13,1.45,12.96,148.6,N/A,N/A,7.84,62.4,Bull,1.96,17.53,0.09,57.2,
ADUS,119.22,3.09,5.22,2.2,N/A,N/A,14.93,77.0,Bull,0.37,21.59,0.79,57.2,
TRU,84.28,0.57,11.77,16.2,N/A,N/A,13.58,67.6,Bull,0.4,16.82,0.01,57.2,
RTX,219.09,0.23,12.42,294.6,N/A,N/A,13.01,77.7,Bull,2.27,15.47,0.03,57.2,
MMS,63.79,1.33,10.8,3.3,N/A,N/A,6.75,69.2,Bull,0.83,18.66,0.02,57.2,
TTEK,33.63,0.36,8.56,8.7,N/A,N/A,10.8,71.4,Bull,0.18,16.41,0.03,57.0,
IP,43.28,-1.85,13.61,23.3,N/A,N/A,16.36,69.9,Bull,0.6,13.58,0.03,57.0,
OSBC,25.22,2.02,6.5,1.3,N/A,N/A,11.22,76.0,Bull,0.12,8.66,1.18,57.0,
FIZZ,32.54,4.13,5.72,3.0,N/A,N/A,4.58,60.0,Bull,0.21,13.46,0.75,57.0,
IT,156.05,0.13,15.79,10.4,N/A,N/A,8.56,62.9,Bull,2.64,17.52,0.01,56.9,
LU,1.57,1.88,14.53,1.3,N/A,N/A,5.35,65.1,Bull,0.03,18.86,0.02,56.7,
TME,9.81,3.05,11.73,15.0,N/A,N/A,7.43,69.0,Bull,0.1,17.49,0.05,56.6,
DAC,141.02,0.44,6.68,2.6,N/A,N/A,10.04,75.0,Bull,1.51,16.06,0.07,56.6,
CIB,90.5,1.61,6.9,21.2,N/A,N/A,14.82,74.2,Bull,0.61,13.94,0.01,56.5,
TMO,577.7,0.22,9.73,214.2,N/A,N/A,12.34,70.5,Bull,3.45,15.23,0.01,56.5,
ECO,59.1,1.29,4.66,2.3,N/A,N/A,10.42,63.5,Bull,0.28,17.92,0.04,56.5,
HAS,95.64,-0.73,7.41,13.6,N/A,N/A,11.26,72.1,Bull,1.85,15.8,0.0,56.4,
JBS,13.83,-0.72,12.9,14.9,N/A,N/A,8.87,70.8,Bull,0.25,16.71,0.01,56.2,
INFY,12.37,0.16,13.17,50.1,N/A,N/A,6.35,62.5,Bull,0.16,17.92,0.01,56.2,
JCAP,20.53,0.49,6.32,1.1,N/A,N/A,9.86,68.2,Bull,0.11,5.28,1.31,56.1,
EXPE,291.54,-1.44,11.67,35.5,N/A,N/A,14.07,67.7,Bull,1.57,13.94,0.02,56.1,
GLOB,34.88,-0.64,13.74,1.5,N/A,N/A,0.74,58.1,Bull,0.64,20.54,0.01,56.0,
YMM,9.45,1.72,3.96,9.6,N/A,N/A,8.74,66.7,Bull,0.05,17.52,0.01,56.0,
LI,13.97,5.72,15.22,14.1,N/A,N/A,2.24,63.8,Bull,0.26,18.95,0.08,55.7,
HMC,30.92,2.11,8.38,39.3,N/A,N/A,12.39,70.5,Bull,0.2,14.05,0.06,55.7,
BP,43.36,4.06,0.09,109.1,N/A,N/A,4.4,60.3,Bull,0.31,17.35,0.13,55.6,
OPK,1.65,0.0,39.83,1.2,N/A,N/A,23.36,73.8,Bull,0.04,10.0,0.05,55.4,
OVV,61.25,3.55,1.22,16.7,N/A,N/A,7.62,61.8,Bull,0.46,16.33,0.02,55.3,
USPH,78.71,-0.37,5.82,1.2,N/A,N/A,11.27,68.6,Bull,0.39,14.6,0.01,55.3,
CTS,64.82,7.3,5.73,1.9,N/A,N/A,5.88,60.2,Bull,0.39,0.39,2.04,55.3,
SONY,23.08,1.63,10.33,134.2,N/A,N/A,9.1,70.0,Bull,0.24,15.05,0.07,55.2,
FIS,45.17,0.53,11.42,23.2,N/A,N/A,7.85,65.1,Bull,0.39,16.18,0.01,55.2,
TCOM,46.9,3.51,10.15,28.5,N/A,N/A,3.51,63.1,Bull,0.64,17.72,0.07,55.1,
SYBT,86.51,1.28,7.72,2.5,N/A,N/A,12.97,77.2,Bull,0.53,13.13,0.06,55.1,
GSL,43.46,-0.33,3.32,1.6,N/A,N/A,8.43,67.8,Bull,0.26,15.57,0.02,55.0,
CAG,15.51,0.49,4.55,7.4,N/A,N/A,8.99,65.7,Bull,0.11,15.19,0.02,54.8,
EXP,222.05,2.47,8.31,6.9,N/A,N/A,4.72,58.7,Bull,1.28,-2.41,2.09,54.8,
XOM,158.38,3.49,2.54,634.3,N/A,N/A,7.44,68.7,Bull,1.48,15.84,0.01,54.7,
CDRE,32.84,-1.68,9.83,1.4,N/A,N/A,8.92,65.4,Bull,0.49,15.19,0.01,54.7,
FAF,78.0,-1.47,10.61,8.1,N/A,N/A,11.87,67.4,Bull,0.74,13.72,0.01,54.7,
MRSH,191.1,-0.56,9.2,91.7,N/A,N/A,10.09,68.6,Bull,0.93,15.31,0.01,54.7,
CVX,193.34,3.07,0.19,373.6,N/A,N/A,5.28,63.3,Bull,1.17,16.64,0.05,54.7,
BAH,71.54,-2.25,8.18,8.8,N/A,N/A,3.0,60.0,Bull,1.43,17.92,0.02,54.6,
NIQ,11.81,0.94,11.1,3.5,N/A,N/A,16.28,72.0,Bull,0.03,26.31,0.0,54.5,
EYE,21.75,-0.28,9.74,1.7,N/A,N/A,9.75,68.9,Bull,0.13,14.41,0.01,54.4,
PCAR,136.68,-1.1,4.25,72.7,N/A,N/A,10.92,70.6,Bull,1.06,13.79,0.02,54.4,
SBRA,22.28,0.09,1.36,5.6,N/A,N/A,10.21,73.2,Bull,0.22,14.2,0.01,54.4,
STLD,262.55,1.08,10.02,37.5,N/A,N/A,9.63,67.4,Bull,3.96,14.42,0.01,54.4,
ALLE,158.36,-1.78,13.15,13.7,N/A,N/A,12.92,72.3,Bull,2.33,12.72,0.01,54.3,
REXR,38.52,-0.54,4.76,8.7,N/A,N/A,8.59,66.1,Bull,0.3,14.99,0.01,54.3,
NVGS,21.92,0.67,3.86,1.4,N/A,N/A,3.16,58.1,Bull,0.18,17.63,0.01,54.3,
OPCH,24.07,7.07,13.81,3.5,N/A,N/A,8.43,70.1,Bull,0.19,14.78,0.04,54.3,
WS,38.13,3.73,6.48,1.9,N/A,N/A,3.72,61.0,Bull,0.63,8.45,1.07,54.2,
TYL,335.86,0.75,18.13,14.1,N/A,N/A,8.33,62.4,Bull,2.79,14.84,0.02,54.2,
VZ,48.07,-0.25,8.53,201.2,N/A,N/A,7.2,69.6,Bull,0.73,15.47,0.02,54.2,
SIG,97.39,-0.66,7.9,3.9,N/A,N/A,11.16,69.9,Bull,1.16,13.43,0.01,54.1,
CPAY,382.57,-0.46,6.57,25.1,N/A,N/A,8.39,64.2,Bull,2.08,14.79,0.01,54.1,
TNDM,17.58,-1.01,3.96,1.2,N/A,N/A,4.79,57.9,Bull,0.18,16.5,0.02,54.1,
CNQ,45.9,3.86,0.19,92.2,N/A,N/A,4.95,60.3,Bull,0.36,16.19,0.04,54.0,
ANF,101.42,-1.69,5.6,4.6,N/A,N/A,12.48,62.5,Bull,0.57,12.68,0.01,54.0,
BIP,41.77,-0.38,3.78,19.3,N/A,N/A,8.77,73.4,Bull,0.35,14.47,0.01,53.9,
BR,158.33,0.09,9.86,18.3,N/A,N/A,6.38,65.0,Bull,1.23,15.61,0.01,53.9,
BL,32.15,0.63,15.36,1.9,N/A,N/A,8.51,63.5,Bull,0.28,14.54,0.01,53.9,
CNK,35.44,1.07,9.88,4.1,N/A,N/A,14.24,73.1,Bull,0.53,11.68,0.01,53.9,
ONC,330.0,-0.14,3.15,36.7,N/A,N/A,9.05,71.3,Bull,1.57,15.8,0.02,53.8,
LMT,581.26,-0.01,13.01,134.2,N/A,N/A,8.47,70.5,Bull,8.01,14.09,0.04,53.7,
CME,259.73,-0.1,4.21,93.5,N/A,N/A,1.94,61.3,Bull,3.02,17.62,0.01,53.7,
CPK,137.92,1.7,4.55,3.3,N/A,N/A,7.77,68.9,Bull,0.59,11.25,1.04,53.7,
MMM,181.6,-0.48,6.35,94.1,N/A,N/A,12.7,75.3,Bull,2.15,12.16,0.02,53.7,
HBT,35.71,-1.24,10.28,1.3,N/A,N/A,13.82,72.9,Bull,0.25,11.63,0.0,53.6,
VTRS,18.01,0.87,5.91,20.8,N/A,N/A,9.53,65.9,Bull,0.09,13.44,0.04,53.6,
DGX,235.81,-0.06,12.38,26.0,N/A,N/A,13.39,77.0,Bull,2.69,11.71,0.01,53.5,
E,53.65,6.81,5.03,79.0,N/A,N/A,6.26,63.5,Bull,0.55,14.49,0.1,53.4,
ALL,270.79,-0.6,7.53,70.1,N/A,N/A,13.49,71.8,Bull,1.26,13.8,0.02,53.4,
VERX,13.25,0.08,19.91,2.1,N/A,N/A,5.91,56.9,Bull,0.08,15.42,0.01,53.4,
NOV,21.12,6.58,3.91,7.1,N/A,N/A,7.64,63.8,Bull,0.2,13.88,0.07,53.3,
SSL,11.53,5.1,1.86,7.1,N/A,N/A,0.9,53.9,Bull,0.13,17.41,0.04,53.2,
F,15.57,4.08,7.98,59.6,N/A,N/A,10.51,69.0,Bull,0.16,12.01,0.11,53.2,
DLX,27.21,-0.07,4.21,1.2,N/A,N/A,8.02,66.2,Bull,0.19,13.94,0.02,53.1,
IMO,128.87,2.5,2.54,60.8,N/A,N/A,5.57,63.9,Bull,0.87,15.04,0.01,52.9,
LH,312.05,-0.69,10.87,25.8,N/A,N/A,12.69,76.5,Bull,3.07,11.45,0.02,52.9,
NMM,79.5,0.33,7.93,2.3,N/A,N/A,8.15,63.6,Bull,0.56,13.46,0.04,52.9,
GD,397.45,1.08,6.51,106.3,N/A,N/A,9.62,75.8,Bull,1.98,12.69,0.06,52.8,
KHC,27.36,0.24,5.41,32.4,N/A,N/A,11.51,69.7,Bull,0.12,15.86,0.06,52.8,
DRS,48.6,-1.24,5.86,13.1,N/A,N/A,7.37,63.2,Bull,0.56,13.9,0.02,52.7,
FICO,1341.76,0.41,9.85,31.0,N/A,N/A,10.31,65.1,Bull,7.42,12.3,0.01,52.6,
BIO,328.99,-0.61,7.53,8.9,N/A,N/A,10.74,70.5,Bull,2.96,12.05,0.01,52.5,
TRMD,30.15,1.17,2.27,3.0,N/A,N/A,3.46,56.5,Bull,0.15,15.69,0.05,52.5,
CALM,92.96,-0.27,5.8,4.4,N/A,N/A,11.62,68.9,Bull,0.41,15.39,0.02,52.5,
BJ,98.75,1.64,7.48,12.4,N/A,N/A,8.35,69.7,Bull,0.84,13.22,0.01,52.5,
ZGN,14.6,-2.47,5.19,4.0,N/A,N/A,7.96,59.1,Bull,0.13,13.31,0.01,52.4,
OTEX,24.94,0.61,12.29,6.2,N/A,N/A,9.33,63.6,Bull,0.2,12.6,0.01,52.4,
LUXE,8.47,2.54,3.29,1.2,N/A,N/A,7.38,63.9,Bull,0.04,12.93,0.62,52.4,
WAB,300.84,-1.62,3.74,51.7,N/A,N/A,11.08,69.6,Bull,4.57,11.59,0.01,52.3,
RCL,322.5,5.72,12.02,86.5,N/A,N/A,10.77,66.3,Bull,2.31,0.33,1.38,52.3,
FIVE,207.49,-0.24,1.28,11.5,N/A,N/A,3.44,62.8,Bull,2.19,15.41,0.0,52.2,
WTW,307.8,-2.65,7.43,29.9,N/A,N/A,9.82,65.4,Bull,1.29,17.76,0.01,52.2,
CHWY,22.46,-2.01,4.37,9.4,N/A,N/A,5.53,59.4,Bull,0.18,14.3,0.01,52.2,
KNSL,368.66,-0.43,13.21,8.4,N/A,N/A,10.52,63.6,Bull,2.45,11.78,0.01,52.1,
ENSG,182.22,-0.5,7.75,10.7,N/A,N/A,6.64,67.2,Bull,1.45,13.67,0.01,52.1,
LPLA,338.85,-1.04,3.5,27.4,N/A,N/A,9.26,67.1,Bull,1.31,20.29,0.01,52.1,
BX,132.76,-0.86,8.09,99.5,N/A,N/A,7.98,63.8,Bull,0.93,12.82,0.02,52.0,
TM,186.3,2.28,3.3,294.3,N/A,N/A,2.81,63.1,Bull,1.09,8.72,0.83,52.0,
CNXC,25.38,-0.12,8.01,1.6,N/A,N/A,3.58,55.8,Bull,0.31,15.17,0.01,52.0,
TEN,39.24,-0.41,3.6,1.2,N/A,N/A,3.56,55.8,Bull,0.23,9.64,0.66,51.9,
VTOL,45.35,-1.65,0.47,1.3,N/A,N/A,3.58,61.6,Bull,0.24,9.15,0.7,51.8,
PAHC,36.25,-0.33,7.22,1.5,N/A,N/A,2.68,64.1,Bull,0.44,15.45,0.01,51.8,
KMPR,30.41,-1.67,10.72,1.8,N/A,N/A,7.43,62.0,Bull,0.19,12.78,0.01,51.6,
DYN,25.96,0.23,11.85,4.8,N/A,N/A,19.75,70.1,Bull,0.09,16.88,0.01,51.6,
SBLK,28.12,0.43,5.04,3.1,N/A,N/A,7.38,61.1,Bull,0.22,12.62,0.03,51.5,
FCN,167.11,3.23,7.54,5.0,N/A,N/A,5.65,63.2,Bull,0.68,11.94,1.0,51.4,
TRMB,57.91,-0.81,15.59,13.6,N/A,N/A,6.25,65.3,Bull,0.77,13.15,0.01,51.4,
AMBP,5.16,-1.06,9.45,3.1,N/A,N/A,15.15,68.7,Bull,0.04,8.76,0.01,51.4,
VRSN,285.81,1.66,8.84,25.4,N/A,N/A,5.25,61.8,Bull,2.17,13.62,0.01,51.4,
SUN,76.99,0.64,1.37,15.7,N/A,N/A,10.59,68.7,Bull,0.35,14.06,0.01,51.3,
REZI,36.65,4.0,5.83,5.5,N/A,N/A,9.16,61.7,Bull,0.1,21.36,0.74,51.3,
SJM,123.93,0.72,4.98,13.2,N/A,N/A,11.49,68.3,Bull,0.98,10.16,0.03,51.2,
NOW,111.18,0.51,16.47,114.4,N/A,N/A,7.51,58.3,Bull,0.64,11.99,0.05,51.1,
CHCO,145.02,0.08,4.2,2.0,N/A,N/A,9.93,73.7,Bull,0.86,10.05,0.12,51.1,
YUMC,46.29,1.67,6.61,16.0,N/A,N/A,5.21,67.1,Bull,0.36,13.26,0.02,51.1,
BKNG,196.32,-1.5,10.38,154.4,N/A,N/A,11.0,65.0,Bull,1.46,10.14,0.06,51.1,
ADT,7.31,-0.38,5.97,5.4,N/A,N/A,6.74,66.2,Bull,0.05,12.49,0.01,51.0,
SUNC,75.98,0.65,2.06,3.9,N/A,N/A,9.49,68.2,Bull,0.29,11.05,1.0,51.0,
J,139.93,-0.48,7.23,16.6,N/A,N/A,9.56,71.4,Bull,0.93,11.06,0.01,50.9,
BMY,63.42,-0.28,4.38,129.9,N/A,N/A,8.63,67.6,Bull,0.39,11.31,0.02,50.8,
PVH,84.14,-3.2,5.07,4.0,N/A,N/A,4.97,58.2,Bull,1.09,13.31,0.0,50.8,
GBX,51.8,3.02,3.48,1.6,N/A,N/A,5.67,60.4,Bull,0.36,6.75,0.74,50.8,
HAFN,7.6,0.8,0.93,3.8,N/A,N/A,1.96,55.5,Bull,0.04,14.46,0.03,50.7,
TMDX,76.65,0.47,7.65,2.6,N/A,N/A,0.16,57.3,Bull,0.46,15.4,0.03,50.7,
ORIC,11.84,-0.63,10.09,1.2,N/A,N/A,15.77,65.6,Bull,0.06,9.28,0.01,50.6,
CSW,298.93,1.87,7.91,4.9,N/A,N/A,6.7,60.7,Bull,1.27,10.62,0.84,50.6,
JEF,56.64,-1.03,1.22,11.1,N/A,N/A,4.34,55.2,Bull,0.29,13.33,0.0,50.5,
ARES,126.39,-1.18,5.7,42.2,N/A,N/A,3.59,56.5,Bull,0.79,13.55,0.02,50.5,
SCI,84.45,-0.62,9.18,11.7,N/A,N/A,8.34,68.5,Bull,0.65,11.18,0.02,50.5,
BAX,24.35,-0.08,12.01,12.6,N/A,N/A,14.86,67.0,Bull,0.1,14.21,0.02,50.5,
COIN,167.94,0.02,1.1,44.2,N/A,N/A,0.25,53.0,Bull,1.19,14.88,0.05,50.4,
SKYW,108.27,-4.82,13.13,4.4,N/A,N/A,12.6,63.3,Bull,1.05,9.0,0.01,50.4,
CNXN,83.1,2.21,2.31,2.1,N/A,N/A,12.84,74.1,Bull,0.28,14.97,0.65,50.3,
POST,94.32,3.75,7.99,4.3,N/A,N/A,3.06,61.9,Bull,0.98,5.49,0.97,50.1,
BGC,11.96,-0.08,3.91,5.7,N/A,N/A,6.34,62.4,Bull,0.09,11.88,0.01,50.1,
LDOS,117.77,-0.5,9.8,14.9,N/A,N/A,0.9,64.2,Bull,1.97,14.37,0.02,50.0,
INTA,30.58,-0.07,17.3,2.4,N/A,N/A,17.42,65.6,Bull,0.09,21.3,0.01,50.0,
CMC,70.85,0.54,4.09,7.8,N/A,N/A,3.45,59.1,Bull,0.9,13.28,0.0,50.0,
FNF,52.84,-2.33,5.26,14.6,N/A,N/A,7.16,62.1,Bull,0.26,12.04,0.01,49.9,
VNT,32.4,-1.31,7.32,4.6,N/A,N/A,6.17,67.9,Bull,0.35,11.72,0.01,49.9,
LRN,95.93,0.05,13.9,4.1,N/A,N/A,7.18,63.9,Bull,1.06,11.24,0.01,49.9,
PM,199.3,-0.44,2.57,312.0,N/A,N/A,8.73,64.4,Bull,1.22,10.16,0.02,49.7,
SRCE,88.94,-1.85,7.37,2.2,N/A,N/A,10.91,70.9,Bull,0.5,9.03,0.01,49.6,
MDLZ,64.22,2.78,5.52,80.2,N/A,N/A,6.49,64.5,Bull,0.42,11.03,0.04,49.6,
SPH,18.74,2.35,2.24,1.2,N/A,N/A,1.82,58.0,Bull,0.1,7.15,0.79,49.6,
PTC,129.0,1.17,14.05,14.7,N/A,N/A,1.9,57.8,Bull,1.04,13.55,0.01,49.6,
OBK,55.21,2.45,6.58,1.7,N/A,N/A,10.07,72.4,Bull,0.2,7.43,1.39,49.6,
AAPL,340.07,-0.0,4.35,4994.9,N/A,N/A,10.06,68.9,Bull,1.29,17.52,0.05,49.5,
MQ,17.92,-0.8,4.46,1.9,N/A,N/A,8.07,60.2,Bull,0.09,10.38,0.0,49.4,
SPOT,510.12,-0.28,7.58,105.3,N/A,N/A,5.94,61.9,Bull,3.01,11.11,0.03,49.4,
VIPS,14.85,0.0,1.16,7.1,N/A,N/A,4.77,64.2,Bull,0.08,11.99,0.01,49.4,
SNN,32.2,-1.11,7.55,13.8,N/A,N/A,4.93,61.0,Bull,0.21,11.77,0.01,49.3,
FSUN,39.34,13.01,15.0,1.8,Financial Services,Banks - Regional,8.27,64.3,Bull,0.1,1.44,3.75,49.2,4.5
HLNE,88.27,-1.4,8.79,5.0,N/A,N/A,4.22,60.6,Bull,0.76,11.98,0.02,49.2,
SFD,27.06,-0.15,2.34,10.7,N/A,N/A,5.21,67.5,Bull,0.23,11.54,0.0,49.2,
AMTM,23.21,-1.07,8.36,5.7,N/A,N/A,3.57,63.5,Bull,0.36,12.29,0.01,49.2,
GRMN,261.8,3.21,8.85,48.9,N/A,N/A,8.36,68.0,Bull,1.29,10.21,0.02,49.1,
KO,88.89,0.71,8.14,379.9,N/A,N/A,8.77,68.2,Bull,0.48,9.38,0.04,49.1,
RS,412.49,-0.44,6.8,21.2,N/A,N/A,7.26,64.2,Bull,2.93,10.41,0.01,49.1,
PBH,51.72,2.62,5.49,2.5,N/A,N/A,3.88,60.9,Bull,0.24,7.68,0.89,49.1,
EXR,158.18,3.93,9.06,32.2,N/A,N/A,8.58,70.1,Bull,0.9,8.87,0.11,49.1,
BIPC,42.77,0.59,4.96,5.7,N/A,N/A,5.74,68.5,Bull,0.3,11.09,0.02,49.1,
NTR,70.25,1.13,2.55,33.5,N/A,N/A,4.5,63.5,Bull,0.38,11.59,0.02,49.0,
AMGN,394.33,0.31,7.73,212.2,N/A,N/A,9.84,73.9,Bull,2.31,8.9,0.02,49.0,
SHEL,88.3,2.44,0.6,245.2,N/A,N/A,4.77,64.0,Bull,0.41,13.88,0.07,49.0,
CIGI,104.24,0.32,6.64,5.3,N/A,N/A,5.47,61.7,Bull,0.56,11.14,0.01,49.0,
MAT,15.34,-0.65,6.53,4.5,N/A,N/A,6.72,66.0,Bull,0.19,10.52,0.0,48.9,
PHI,19.97,-0.2,1.37,4.3,N/A,N/A,4.93,64.8,Bull,0.09,13.98,0.01,48.9,
UAN,121.78,1.44,1.0,1.3,N/A,N/A,3.09,59.1,Bull,0.65,8.34,0.47,48.8,
LEA,147.74,-0.64,2.82,7.4,N/A,N/A,6.82,63.9,Bull,1.1,10.2,0.02,48.7,
KARO,63.53,-0.66,1.7,2.0,N/A,N/A,17.11,70.5,Bull,0.09,31.75,0.01,48.7,
BFAM,80.36,-0.37,11.56,4.2,N/A,N/A,10.3,65.6,Bull,0.35,13.38,0.01,48.7,
BDX,165.53,-0.49,8.08,45.8,N/A,N/A,8.18,65.8,Bull,0.95,9.38,0.02,48.6,
APA,36.19,3.59,0.01,12.3,N/A,N/A,3.02,57.3,Bull,0.25,11.88,0.03,48.6,
MH,10.73,-2.32,17.86,2.1,N/A,N/A,0.5,55.9,Bull,0.19,13.25,0.0,48.5,
UPWK,9.38,-4.43,4.63,1.2,N/A,N/A,2.1,55.2,Bull,0.05,12.14,0.04,48.5,
RVLV,26.51,-1.19,4.49,1.9,N/A,N/A,13.48,65.3,Bull,0.1,15.81,0.01,48.4,
STBA,53.1,-0.49,7.06,1.9,N/A,N/A,10.02,73.2,Bull,0.28,8.19,0.01,48.3,
FISV,54.53,0.59,8.58,28.9,N/A,N/A,3.77,60.5,Bull,0.53,11.17,0.01,48.2,
SYK,344.36,-0.65,11.36,132.9,N/A,N/A,7.34,61.9,Bull,2.18,9.38,0.02,48.2,
AEBI,13.61,-1.02,1.95,1.1,N/A,N/A,9.14,62.7,Bull,0.12,8.45,0.01,48.1,
PEBO,42.01,-0.52,4.84,1.5,N/A,N/A,11.49,74.4,Bull,0.2,9.37,0.01,48.0,
TTE,86.4,2.64,1.75,183.7,N/A,N/A,3.53,60.9,Bull,0.89,11.11,0.02,48.0,
SEIC,102.46,-0.66,3.75,12.4,N/A,N/A,9.76,67.1,Bull,0.38,16.81,0.01,47.8,
ZWS,54.11,9.73,13.96,8.2,Industrials,Pollution & Treatment Controls,11.35,74.1,Bull,0.51,7.08,0.0,47.8,4.0
CMRE,15.59,1.03,2.49,1.9,N/A,N/A,1.18,56.2,Bull,0.12,12.13,0.01,47.8,
OWL,9.73,-0.87,6.17,15.3,N/A,N/A,2.79,57.1,Bull,0.05,11.14,0.02,47.7,
SON,60.24,-0.54,9.22,6.0,N/A,N/A,11.5,68.8,Bull,0.4,6.89,0.01,47.7,
STE,229.73,-0.27,9.1,22.5,N/A,N/A,6.9,64.8,Bull,1.55,9.1,0.01,47.6,
GATX,185.8,1.2,3.77,6.6,N/A,N/A,3.99,62.0,Bull,0.77,4.19,1.48,47.5,
ITW,291.86,-1.12,6.54,84.9,N/A,N/A,8.63,68.3,Bull,1.62,7.91,0.02,47.4,
SHAK,62.67,-0.83,12.04,2.7,N/A,N/A,0.86,60.0,Bull,0.84,11.88,0.01,47.4,
ULTA,499.39,-0.42,3.28,21.6,N/A,N/A,2.73,61.4,Bull,3.6,10.73,0.02,47.3,
DHT,18.62,0.16,2.7,3.0,N/A,N/A,5.04,57.3,Bull,0.09,12.64,0.02,47.3,
LZ,8.08,6.88,10.16,1.4,N/A,N/A,18.74,68.1,Bear,-0.01,32.24,0.95,47.3,
CLBK,10.96,-0.27,0.18,1.1,N/A,N/A,12.15,71.6,Bull,0.04,13.63,0.0,47.2,
UVE,43.98,-0.54,16.36,1.2,N/A,N/A,10.98,63.7,Bull,0.39,6.34,0.01,46.9,
HON,244.51,-1.03,4.94,78.3,N/A,N/A,4.87,61.1,Bull,2.55,9.21,0.01,46.8,
BLK,1085.93,-1.06,2.77,170.4,N/A,N/A,4.76,59.4,Bull,4.87,12.93,0.01,46.8,
ABM,49.66,0.89,5.64,2.9,N/A,N/A,11.37,75.9,Bull,0.2,12.99,0.01,46.8,
FOXA,58.08,0.63,2.9,24.3,N/A,N/A,0.65,56.0,Bull,0.48,11.36,0.01,46.8,
DEO,87.1,-2.02,3.28,49.5,N/A,N/A,5.43,59.2,Bull,0.47,8.36,0.07,46.7,
SLB,51.24,2.51,7.48,74.7,N/A,N/A,2.54,58.4,Bull,0.75,10.21,0.03,46.7,
UNFI,50.38,-0.8,0.53,3.1,N/A,N/A,2.72,54.5,Bull,0.25,10.3,0.01,46.6,
U,32.47,2.01,10.93,13.9,N/A,N/A,12.54,64.1,Bull,0.12,13.61,0.04,46.5,
ARLO,14.42,1.34,11.52,1.5,N/A,N/A,8.79,64.8,Bull,0.14,6.97,0.01,46.5,
HST,25.32,-0.61,3.33,17.4,N/A,N/A,8.93,67.9,Bull,0.15,6.77,0.01,46.4,
NXST,193.65,-0.06,6.47,5.9,N/A,N/A,5.79,66.9,Bull,1.56,8.43,0.01,46.4,
FRMEP,26.6,2.5,3.87,1.7,N/A,N/A,4.03,82.9,Bull,0.06,3.46,12.0,46.3,
ADP,264.17,0.0,8.66,106.4,N/A,N/A,12.18,69.3,Bull,0.83,17.96,0.03,46.3,
USLM,113.9,0.14,6.21,3.3,N/A,N/A,4.71,62.0,Bull,1.36,8.82,0.01,46.2,
CAE,26.36,2.17,7.9,8.5,N/A,N/A,3.4,62.3,Bull,0.13,4.6,0.57,46.1,
TAP,42.44,-0.16,3.41,8.0,N/A,N/A,4.2,60.3,Bull,0.27,8.93,0.01,46.1,
GPK,11.38,-2.32,2.43,3.4,N/A,N/A,6.63,60.3,Bull,0.08,7.66,0.01,46.1,
KMT,35.61,0.82,3.55,2.7,N/A,N/A,1.87,56.8,Bull,0.2,2.27,0.93,45.9,
FBP,29.04,-0.85,0.62,4.5,N/A,N/A,10.79,73.4,Bull,0.12,11.39,0.01,45.8,
FOX,51.86,0.45,2.43,21.7,N/A,N/A,0.01,55.1,Bull,0.41,10.72,0.01,45.8,
SAIL,15.78,0.03,6.8,9.0,N/A,N/A,7.03,56.8,Bull,0.08,7.82,0.01,45.7,
MLKN,23.38,-0.95,6.74,1.6,N/A,N/A,21.13,71.6,Bull,0.07,14.25,0.01,45.7,
AHCO,11.22,0.0,3.13,1.5,N/A,N/A,5.78,61.6,Bull,0.06,7.68,0.01,45.6,
PJT,171.88,-0.78,4.65,6.9,N/A,N/A,7.23,61.0,Bull,0.69,13.88,0.01,45.6,
VLTO,98.47,4.44,9.19,24.2,N/A,N/A,9.71,70.2,Bull,0.21,11.66,1.69,45.6,
ARLP,25.94,0.12,4.13,3.3,N/A,N/A,4.42,67.7,Bull,0.19,8.17,0.02,45.5,
BF-B,28.42,-1.66,7.61,5.0,N/A,N/A,7.46,62.3,Bull,0.31,6.64,0.02,45.5,
SPNT,26.31,2.61,7.43,3.1,N/A,N/A,10.21,71.3,Bull,0.09,9.76,0.86,45.4,
CACI,505.12,-0.97,8.06,11.3,N/A,N/A,2.66,58.7,Bull,5.69,9.04,0.01,45.4,
VC,108.67,1.63,5.34,2.9,N/A,N/A,1.42,53.7,Bull,0.76,9.54,0.01,45.3,
APPN,27.35,7.05,7.89,2.0,N/A,N/A,14.62,62.6,Bull,0.03,21.66,1.1,45.3,
GGG,80.89,-1.67,9.48,13.3,N/A,N/A,5.64,65.8,Bull,0.94,7.4,0.01,45.3,
SUZ,8.48,0.77,0.3,10.6,N/A,N/A,1.78,61.8,Bull,0.04,9.21,0.01,45.2,
HG,37.07,-0.56,7.61,3.7,N/A,N/A,10.94,69.7,Bull,0.16,9.22,0.01,45.2,
ICFI,83.14,3.91,10.85,1.5,N/A,N/A,12.18,65.3,Bull,0.24,11.61,0.89,45.1,
EPR,64.27,-0.08,3.61,4.9,N/A,N/A,7.99,76.8,Bull,0.28,10.79,0.02,45.1,
GIC,36.31,-0.16,4.4,1.4,N/A,N/A,9.39,72.2,Bull,0.16,8.52,0.01,45.1,
WB,8.07,1.57,2.87,2.0,N/A,N/A,3.15,63.2,Bull,0.04,11.23,0.04,45.0,
MLI,66.03,-0.69,5.38,14.7,N/A,N/A,5.08,63.3,Bull,1.14,7.43,0.01,45.0,
RITM,9.75,-0.31,6.79,5.5,N/A,N/A,5.85,66.1,Bull,0.05,6.68,0.04,45.0,
MOS,23.0,-0.35,0.97,7.3,N/A,N/A,2.53,56.8,Bull,0.12,8.54,0.01,44.9,
ZBH,95.65,-0.1,7.87,18.5,N/A,N/A,7.03,62.2,Bull,0.41,11.11,0.01,44.8,
DLR,192.87,-0.16,8.1,72.8,N/A,N/A,4.58,60.3,Bull,2.48,7.4,0.01,44.8,
CPRT,30.59,-0.31,12.61,28.4,N/A,N/A,2.22,61.2,Bull,0.47,8.53,0.02,44.8,
FSLY,21.11,1.49,3.18,3.3,N/A,N/A,6.76,59.1,Bull,0.08,14.98,0.02,44.7,
MLCO,5.67,0.53,3.66,2.3,N/A,N/A,3.41,58.5,Bull,0.04,7.59,0.03,44.6,
PLUS,92.81,0.23,5.94,2.6,N/A,N/A,8.55,65.7,Bull,0.38,11.51,0.01,44.6,
DOX,55.3,0.78,7.97,5.9,N/A,N/A,0.27,59.2,Bull,0.61,9.42,0.01,44.6,
CSAN,3.15,1.29,0.64,3.1,N/A,N/A,0.06,56.8,Bull,0.02,9.37,0.01,44.5,
HAE,82.54,3.29,5.73,3.8,N/A,N/A,12.95,70.8,Bull,0.2,9.88,1.29,44.4,
UVV,54.79,0.07,1.93,1.4,N/A,N/A,4.54,63.5,Bull,0.35,6.74,0.02,44.2,
PKG,249.71,-1.4,9.43,22.6,N/A,N/A,8.31,65.2,Bull,2.25,4.79,0.02,44.1,
PINS,24.17,-0.76,7.25,13.6,N/A,N/A,11.22,64.4,Bull,0.08,14.95,0.01,44.0,
BKR,59.99,2.62,5.99,58.0,N/A,N/A,1.48,56.8,Bull,0.65,8.09,0.02,44.0,
PTON,6.57,0.38,5.03,2.8,N/A,N/A,11.98,63.0,Bull,0.03,11.25,0.01,44.0,
HCA,416.04,-0.51,11.88,92.8,N/A,N/A,4.27,61.6,Bull,3.68,6.71,0.01,43.9,
NSP,53.32,1.41,9.33,2.0,N/A,N/A,26.68,70.9,Bull,0.03,29.07,0.01,43.8,
TOP,2.26,5.61,1.35,1.4,N/A,N/A,34.69,59.6,Bear,-0.03,35.33,0.46,43.8,
OMC,86.22,4.62,8.85,24.6,N/A,N/A,10.72,65.2,Bull,0.15,16.62,1.19,43.8,
TOST,32.17,-0.53,10.13,18.8,N/A,N/A,14.29,67.1,Bull,0.1,15.64,0.01,43.8,
VGNT,44.26,0.19,7.52,3.1,N/A,N/A,6.59,60.5,Bull,0.5,5.34,0.01,43.7,
FMBH,51.97,-1.16,7.15,1.4,N/A,N/A,9.66,67.4,Bull,0.23,8.07,0.03,43.7,
BKE,45.12,-1.15,4.34,2.4,N/A,N/A,1.36,58.8,Bull,0.48,7.8,0.01,43.6,
EMR,150.69,-0.74,7.92,85.0,N/A,N/A,6.33,64.7,Bull,1.6,5.27,0.02,43.6,
MNSO,12.95,3.55,3.63,3.9,N/A,N/A,1.2,58.6,Bull,0.11,7.41,0.08,43.6,
AXTA,35.51,0.18,8.25,7.6,N/A,N/A,9.39,65.3,Bull,0.23,3.76,0.01,43.5,
BEKE,16.77,0.72,4.42,18.8,N/A,N/A,3.55,57.9,Bull,0.06,15.42,0.02,43.4,
HII,301.85,0.65,8.86,11.8,N/A,N/A,0.92,63.1,Bull,3.78,7.85,0.02,43.4,
FINV,5.02,2.03,4.8,1.2,N/A,N/A,3.83,61.5,Bull,0.04,4.8,0.2,43.4,
PLNT,55.92,-0.04,3.46,4.4,N/A,N/A,2.06,61.2,Bull,0.4,7.19,0.01,43.3,
NOC,549.01,-0.04,4.52,78.0,N/A,N/A,0.59,57.9,Bull,3.48,7.79,0.01,43.2,
AMT,175.43,2.29,5.64,79.9,N/A,N/A,1.58,58.2,Bull,1.22,7.25,0.02,43.2,
MSI,437.49,-0.64,8.2,73.1,N/A,N/A,5.26,65.6,Bull,2.57,5.35,0.02,43.1,
IEP,7.83,0.0,0.9,5.3,N/A,N/A,4.67,69.8,Bull,0.04,8.6,0.02,43.1,
CAAP,26.1,-0.53,5.41,4.3,N/A,N/A,2.26,57.8,Bull,0.16,1.36,0.67,43.0,
UL,65.45,-2.12,5.85,146.1,N/A,N/A,8.01,63.2,Bull,0.27,8.87,0.08,43.0,
PFE,25.25,0.0,3.51,143.9,N/A,N/A,2.17,61.7,Bull,0.16,6.69,0.03,43.0,
ELF,82.86,-1.47,4.85,5.0,N/A,N/A,17.09,65.5,Bull,0.26,11.97,0.02,42.9,
SHOP,130.54,0.2,10.24,168.8,N/A,N/A,10.2,62.3,Bull,0.44,14.33,0.02,42.9,
TEL,213.63,-0.31,6.67,62.0,N/A,N/A,3.69,60.3,Bull,1.7,5.96,0.01,42.9,
HLI,143.63,-1.26,3.06,10.0,N/A,N/A,1.41,55.9,Bull,0.8,7.09,0.0,42.8,
TSN,60.85,-0.54,6.64,21.5,N/A,N/A,2.66,63.5,Bull,0.48,6.29,0.01,42.7,
SAIC,120.5,-0.9,3.92,5.1,N/A,N/A,9.41,64.0,Bull,0.49,9.49,0.01,42.7,
SW,47.64,-6.22,7.03,26.6,N/A,N/A,8.3,57.4,Bull,0.51,2.98,0.06,42.6,
TOWN,38.29,-0.91,6.1,2.9,N/A,N/A,7.32,68.8,Bull,0.18,5.66,0.01,42.6,
KT,18.56,-1.21,3.12,9.1,N/A,N/A,0.09,56.8,Bull,0.16,7.42,0.01,42.5,
RCI,34.86,0.32,5.8,18.8,N/A,N/A,0.2,54.8,Bull,0.23,7.26,0.0,42.4,
ASO,50.26,-0.32,2.86,3.1,N/A,N/A,1.47,57.1,Bull,0.52,6.64,0.01,42.4,
KFRC,58.49,0.62,1.77,1.0,N/A,N/A,17.31,65.4,Bear,-0.13,18.38,1.82,42.2,
ACM,73.45,-1.33,8.86,9.6,N/A,N/A,2.7,61.7,Bull,0.75,5.7,0.01,42.2,
WOR,56.91,-0.47,3.53,2.8,N/A,N/A,2.29,56.1,Bull,0.34,5.86,0.03,42.2,
JAN,31.92,0.87,3.75,8.3,N/A,N/A,12.52,73.9,Bull,0.11,11.26,0.0,42.1,
MGA,69.35,0.47,2.61,18.9,N/A,N/A,6.86,62.2,Bull,0.33,5.61,0.01,42.1,
TAK,17.6,0.46,4.33,2.5,N/A,N/A,5.87,68.0,Bull,0.07,9.79,0.06,41.9,
BALL,66.01,-1.32,5.87,17.8,N/A,N/A,8.53,67.9,Bull,0.3,5.79,0.02,41.9,
VCTR,100.61,0.14,4.79,6.3,N/A,N/A,12.09,69.6,Bull,0.23,19.69,0.02,41.9,
GEHC,68.59,6.99,11.76,29.2,N/A,N/A,6.61,63.5,Bull,0.3,7.22,0.13,41.9,
MTN,157.08,5.93,6.56,5.6,N/A,N/A,12.59,69.2,Bull,0.08,16.18,1.88,41.8,
JOYY,74.88,0.07,3.38,3.9,N/A,N/A,10.96,73.9,Bull,0.24,13.47,0.03,41.8,
THO,78.61,-0.85,1.3,4.1,N/A,N/A,2.81,57.3,Bull,0.47,5.31,0.01,41.8,
TJX,159.83,-0.6,2.84,177.6,N/A,N/A,2.35,59.3,Bull,0.98,5.5,0.01,41.8,
ARE,54.12,0.22,9.02,9.4,N/A,N/A,8.32,64.9,Bull,0.47,2.4,0.01,41.7,
ATMU,53.65,-1.61,2.13,4.5,N/A,N/A,2.86,57.3,Bull,0.31,5.22,0.01,41.7,
ALSN,119.35,-1.46,0.24,10.0,N/A,N/A,1.35,53.8,Bull,0.73,5.86,0.01,41.6,
WLTH,9.52,-0.21,3.59,1.4,N/A,N/A,0.14,53.9,Bull,0.07,6.49,0.0,41.6,
PRU,123.82,-0.09,4.18,43.0,N/A,N/A,11.23,74.8,Bull,0.37,14.72,0.02,41.4,
HALO,83.51,0.08,7.32,9.9,N/A,N/A,11.35,69.0,Bull,0.35,6.7,0.01,41.4,
PEP,143.2,0.23,5.56,195.0,N/A,N/A,0.91,57.3,Bull,0.87,5.76,0.02,41.3,
EOG,144.66,3.59,0.46,74.4,N/A,N/A,5.88,60.6,Bull,0.53,12.33,0.03,41.3,
EHC,116.01,-0.02,4.49,11.5,N/A,N/A,8.18,71.7,Bull,0.37,14.99,0.01,41.2,
TPR,148.08,-1.87,3.03,30.5,N/A,N/A,3.46,56.5,Bull,0.92,1.16,0.39,41.1,
AFL,129.28,-0.21,4.61,65.9,N/A,N/A,7.58,73.4,Bull,0.5,10.26,0.02,41.1,
SAM,186.5,0.44,7.23,1.9,N/A,N/A,1.42,56.9,Bull,1.48,5.35,0.0,41.1,
BSM,14.92,0.88,2.75,3.1,N/A,N/A,5.47,66.8,Bull,0.07,6.8,0.01,41.0,
PDD,86.5,0.92,3.48,122.0,N/A,N/A,0.65,56.5,Bull,0.33,13.4,0.04,41.0,
ZM,91.26,-0.24,6.35,26.8,N/A,N/A,0.1,52.3,Bull,0.46,5.74,0.01,40.9,
FRPT,60.55,-1.09,4.92,3.0,N/A,N/A,6.92,61.0,Bull,0.43,2.42,0.01,40.9,
RHP,135.5,-0.36,3.6,8.6,N/A,N/A,10.52,69.9,Bull,0.58,5.41,0.01,40.9,
WLY,54.64,0.63,10.45,2.8,N/A,N/A,15.96,69.8,Bull,0.15,13.41,0.02,40.8,
ESLT,796.5,-2.7,0.48,38.1,N/A,N/A,0.57,53.2,Bull,8.43,4.98,0.07,40.8,
STNG,79.61,0.65,1.46,4.1,N/A,N/A,3.0,56.1,Bull,0.28,14.94,0.01,40.7,
MDT,86.52,-0.41,5.65,111.2,N/A,N/A,5.82,63.6,Bull,0.33,10.6,0.02,40.7,
HSY,183.61,0.12,6.55,37.2,N/A,N/A,1.9,59.8,Bull,1.63,4.65,0.01,40.7,
AON,381.26,3.84,6.08,81.4,N/A,N/A,10.93,68.4,Bull,0.47,16.39,1.22,40.6,
RRC,38.9,1.67,0.39,8.9,N/A,N/A,1.56,57.7,Bull,0.31,4.6,0.01,40.5,
IEX,242.46,7.93,8.65,16.6,Industrials,Specialty Industrial Machinery,10.32,74.3,Bull,0.95,7.18,0.08,40.5,4.0
MPT,4.83,0.0,0.42,2.9,N/A,N/A,1.54,56.6,Bull,0.03,4.55,0.01,40.4,
LVS,48.49,0.49,7.15,31.3,N/A,N/A,0.65,60.1,Bull,0.5,4.97,0.02,40.4,
IR,85.5,-1.15,2.35,33.9,N/A,N/A,7.17,63.0,Bull,0.4,4.29,0.01,40.4,
LHX,304.25,-0.31,6.69,56.9,N/A,N/A,1.19,59.1,Bull,2.87,4.7,0.01,40.4,
TWFG,27.6,3.92,2.83,1.5,N/A,N/A,17.27,67.6,Bear,-0.11,14.48,2.07,40.3,
AQN,6.07,-0.08,1.93,4.7,N/A,N/A,3.13,61.2,Bull,0.04,3.67,0.0,40.3,
MAAS,17.72,3.63,7.39,7.6,N/A,N/A,20.22,54.2,Bear,-0.12,36.31,0.03,40.2,
TW,103.91,-0.35,5.12,24.6,N/A,N/A,1.73,58.3,Bull,0.68,4.26,0.01,40.2,
VSNT,37.36,0.32,3.23,5.3,N/A,N/A,0.0,54.4,Bull,0.28,4.84,0.03,40.1,
BOX,31.69,0.6,11.39,4.4,N/A,N/A,14.14,66.7,Bull,0.06,19.4,0.01,40.1,
TRN,37.77,-0.78,4.75,3.0,N/A,N/A,7.84,62.2,Bull,0.14,10.18,0.02,40.0,
CRNX,83.89,0.04,0.2,8.8,N/A,N/A,39.48,92.2,Bear,-1.05,124.18,0.0,40.0,
FTV,64.09,1.86,5.64,19.4,N/A,N/A,5.15,62.3,Bull,0.17,5.64,1.63,39.9,
AMLX,19.32,-1.2,9.12,2.2,N/A,N/A,14.28,62.3,Bull,0.07,7.54,0.03,39.9,
COKE,194.29,-0.36,5.53,13.0,N/A,N/A,5.91,61.9,Bull,1.53,1.91,0.01,39.9,
ALH,26.89,2.99,9.26,5.3,N/A,N/A,5.87,61.7,Bull,0.09,2.28,1.48,39.9,
JKHY,157.85,0.27,8.0,11.2,N/A,N/A,9.02,67.2,Bull,0.47,14.6,0.01,39.9,
RQI,12.72,0.0,2.42,1.7,N/A,N/A,1.57,60.5,Bull,0.07,4.08,0.01,39.9,
KOF,108.19,-0.5,2.9,5.7,N/A,N/A,3.47,59.8,Bull,0.62,2.94,0.02,39.8,
VRTS,170.06,-0.58,3.58,1.1,N/A,N/A,11.03,67.3,Bull,0.38,18.51,0.01,39.8,
CBRE,146.1,-0.64,6.58,43.1,N/A,N/A,5.54,60.6,Bull,0.59,8.48,0.01,39.7,
A,141.55,0.72,6.06,39.7,N/A,N/A,8.27,65.0,Bull,0.59,6.56,0.01,39.7,
REGN,696.9,0.25,7.02,72.9,N/A,N/A,5.3,65.5,Bull,2.51,11.76,0.02,39.7,
EPAC,36.71,-1.02,6.04,1.9,N/A,N/A,4.42,58.5,Bull,0.22,2.37,0.01,39.6,
CUBE,42.86,0.85,4.23,9.6,N/A,N/A,5.87,65.0,Bull,0.17,9.23,0.01,39.5,
BFH,106.67,-1.03,4.71,4.4,N/A,N/A,9.0,64.4,Bull,0.59,-1.55,0.01,39.5,
DD,140.65,-0.09,0.72,19.2,N/A,N/A,1.02,55.9,Bull,0.78,3.69,0.01,39.3,
HTHT,43.37,1.2,7.1,13.2,N/A,N/A,0.04,57.2,Bull,0.32,3.94,0.02,39.2,
MTD,1390.25,0.13,7.09,28.1,N/A,N/A,10.51,68.6,Bull,4.65,10.44,0.01,39.2,
SARO,29.92,-0.78,8.5,10.0,N/A,N/A,7.96,63.6,Bull,0.22,0.05,0.01,39.1,
ATR,136.05,-1.27,5.33,8.8,N/A,N/A,8.14,66.7,Bull,0.51,8.67,0.02,39.0,
KKR,100.36,-2.24,5.06,92.2,N/A,N/A,3.48,56.3,Bull,0.4,9.35,0.02,39.0,
COST,965.19,-0.14,4.25,428.7,N/A,N/A,0.88,57.8,Bull,6.12,3.34,0.02,39.0,
CHH,114.03,-0.53,5.58,5.2,N/A,N/A,3.68,57.9,Bull,0.54,3.68,0.01,39.0,
DKL,57.85,0.25,1.09,3.1,N/A,N/A,8.11,68.9,Bull,0.18,12.23,0.03,38.9,
BRO,72.7,-1.29,11.18,24.6,N/A,N/A,11.58,65.7,Bull,0.2,13.33,0.03,38.9,
KBR,37.12,-0.75,4.21,4.7,N/A,N/A,4.83,59.9,Bull,0.15,7.5,0.01,38.9,
ECPG,97.28,1.44,10.28,2.1,N/A,N/A,11.98,65.7,Bull,0.39,4.28,0.01,38.8,
EG,395.02,-0.92,5.88,15.8,N/A,N/A,9.39,68.7,Bull,1.32,10.58,0.01,38.8,
PAA,24.75,1.31,1.23,17.2,N/A,N/A,7.48,69.1,Bull,0.08,11.19,0.01,38.8,
BILI,18.61,3.05,5.2,7.5,N/A,N/A,0.28,56.5,Bull,0.08,9.28,0.08,38.7,
WRB,75.62,-0.72,4.51,28.4,N/A,N/A,7.51,66.1,Bull,0.3,7.22,0.01,38.6,
DRH,13.11,0.34,1.67,2.7,N/A,N/A,10.28,71.2,Bull,0.05,7.68,0.01,38.5,
TEVA,34.4,8.62,14.1,36.9,Healthcare,Drug Manufacturers - Specialty & Generic,4.9,59.8,Bull,0.16,1.53,0.26,38.4,4.58
GLPI,45.74,-0.24,2.3,13.0,N/A,N/A,1.3,57.2,Bull,0.25,2.72,0.01,38.4,
RJF,176.0,-0.67,4.76,34.5,N/A,N/A,9.14,70.2,Bull,0.44,16.18,0.01,38.4,
DRI,207.49,0.25,6.99,23.6,N/A,N/A,3.41,60.0,Bull,1.09,1.53,0.01,38.3,
FRO,39.17,1.0,3.18,8.6,N/A,N/A,5.89,56.5,Bull,0.12,12.58,0.1,38.3,
AVY,165.96,-1.87,5.25,12.9,N/A,N/A,2.83,56.9,Bull,0.82,2.22,0.02,38.2,
HIW,35.15,4.49,8.15,3.7,N/A,N/A,16.49,76.0,Bull,0.06,16.55,0.06,37.9,
AOS,63.1,-1.41,6.33,8.8,N/A,N/A,4.16,60.9,Bull,0.35,0.61,0.02,37.9,
CNH,11.16,-2.45,4.3,14.2,N/A,N/A,4.55,58.0,Bull,0.09,-0.62,0.08,37.9,
DE,627.62,-1.91,3.34,172.7,N/A,N/A,5.34,59.5,Bull,3.22,-1.06,0.02,37.8,
PAGP,26.57,1.14,1.37,5.2,N/A,N/A,6.99,69.3,Bull,0.09,9.48,0.03,37.7,
CCS,71.25,1.09,11.68,2.0,N/A,N/A,12.11,65.1,Bull,0.23,-1.56,1.1,37.7,
SXT,121.68,-2.32,8.2,5.3,N/A,N/A,5.03,56.1,Bull,1.1,-1.31,0.01,37.6,
ZBRA,284.4,7.49,8.38,13.5,N/A,N/A,12.37,66.6,Bull,0.18,11.18,1.88,37.5,
CNA,54.99,-0.59,6.05,15.0,N/A,N/A,11.78,71.8,Bull,0.14,13.11,0.01,37.4,
TGT,143.14,-0.74,3.78,65.5,N/A,N/A,7.91,62.8,Bull,0.48,9.59,0.02,37.4,
SLNHP,10.5,4.17,7.36,1.5,N/A,N/A,3.45,55.2,Bull,0.1,-6.67,0.05,37.2,
ASIC,25.61,0.1,12.74,1.2,N/A,N/A,13.14,63.5,Bull,0.09,6.55,0.01,37.1,
RPM,109.81,-1.76,2.21,14.3,N/A,N/A,3.99,56.6,Bull,0.64,-0.69,0.01,37.1,
MTG,30.44,-0.46,4.82,6.5,N/A,N/A,9.17,75.1,Bull,0.11,7.94,0.01,36.9,
UTL,55.99,0.81,3.84,1.0,N/A,N/A,5.78,67.1,Bull,0.17,5.42,0.86,36.7,
CDW,145.0,0.67,11.68,18.4,N/A,N/A,9.86,63.3,Bull,0.59,3.1,0.01,36.7,
CG,45.57,-1.94,3.38,16.7,N/A,N/A,0.65,53.6,Bull,0.18,8.22,0.01,36.6,
SNY,45.37,-0.38,3.6,111.1,N/A,N/A,3.97,61.1,Bull,0.18,6.34,0.02,36.5,
WMG,28.78,0.07,5.11,15.0,N/A,N/A,0.76,54.4,Bull,0.12,6.32,0.0,36.4,
COR,319.05,-0.17,6.14,62.2,N/A,N/A,7.5,68.5,Bull,0.9,12.75,0.01,36.3,
LOPE,150.45,3.86,8.73,4.0,N/A,N/A,0.96,57.4,Bull,0.44,6.14,1.1,36.3,
AAP,57.68,-1.74,3.95,3.5,N/A,N/A,2.37,53.2,Bull,0.44,-6.87,0.01,36.3,
HOMB,31.27,-0.65,2.91,6.3,N/A,N/A,8.4,71.4,Bull,0.1,9.54,0.01,36.2,
CHDN,88.98,-0.27,8.33,6.2,N/A,N/A,2.08,57.2,Bull,0.6,-0.74,0.01,36.2,
CI,302.15,0.36,6.07,79.6,N/A,N/A,5.27,61.1,Bull,1.03,9.6,0.01,36.2,
ATKR,76.18,-1.64,4.41,2.6,N/A,N/A,1.9,53.6,Bull,0.66,0.18,0.01,36.2,
BRKRP,463.98,4.21,4.33,71.9,N/A,N/A,11.57,61.9,Bear,-0.17,5.27,6.52,36.1,
SR,82.55,0.13,2.43,4.9,N/A,N/A,0.82,55.6,Bull,0.29,4.12,0.79,36.1,
NU,14.56,-0.82,0.34,71.3,N/A,N/A,6.64,62.5,Bull,0.05,8.98,0.01,36.1,
LECO,263.0,-1.59,5.55,14.6,N/A,N/A,1.76,55.7,Bull,1.65,-0.95,0.02,36.0,
CYD,46.77,0.73,1.37,1.7,N/A,N/A,0.46,52.6,Bull,0.43,0.61,0.01,36.0,
EXPO,65.2,0.31,7.38,3.2,N/A,N/A,6.51,63.4,Bull,0.2,10.96,0.01,36.0,
ORI,43.75,-1.49,5.17,10.8,N/A,N/A,7.27,64.6,Bull,0.16,6.92,0.02,35.9,
AGCO,117.64,-4.91,0.31,9.0,N/A,N/A,1.27,52.2,Bull,0.65,-1.72,0.03,35.9,
FOUR,54.08,-1.39,12.14,4.4,N/A,N/A,14.7,63.2,Bull,0.13,11.17,0.01,35.8,
ST,46.6,-0.28,1.41,6.8,N/A,N/A,1.25,51.9,Bull,0.29,-2.39,0.02,35.8,
WPC,75.94,0.44,0.68,16.8,N/A,N/A,3.68,61.0,Bull,0.3,6.21,0.03,35.7,
NTAP,174.24,-0.17,4.62,34.2,N/A,N/A,12.28,61.9,Bull,0.41,12.93,0.01,35.7,
ALV,123.64,-0.37,3.89,9.1,N/A,N/A,3.15,56.2,Bull,0.49,6.43,0.01,35.7,
BBY,89.04,-0.48,2.22,18.9,N/A,N/A,14.9,70.8,Bull,0.14,17.34,0.02,35.7,
MBIN,52.57,7.79,9.23,2.2,Financial Services,Banks - Regional,9.02,66.4,Bull,0.19,5.14,0.06,35.6,
MET,97.2,-0.3,4.21,62.7,N/A,N/A,10.06,71.5,Bull,0.22,14.88,0.02,35.6,
ORLY,89.51,-1.82,3.45,75.6,N/A,N/A,1.01,53.9,Bull,0.63,-2.8,0.02,35.6,
GABC,50.63,-0.75,6.47,1.9,N/A,N/A,8.88,68.8,Bull,0.17,6.69,0.04,35.6,
QCRH,102.01,-1.23,5.94,1.7,N/A,N/A,6.46,63.1,Bull,0.4,4.79,0.01,35.5,
BC,82.01,1.69,1.76,5.3,N/A,N/A,2.11,54.0,Bull,0.28,-4.32,1.3,35.5,
HXL,108.06,-1.79,1.35,8.3,N/A,N/A,9.0,63.2,Bull,0.35,8.0,0.01,35.4,
CCL,27.37,-3.05,4.87,38.7,N/A,N/A,0.47,51.7,Bull,0.15,-4.2,0.02,35.4,
UFPI,89.86,-1.26,3.65,5.2,N/A,N/A,3.67,58.4,Bull,0.43,-0.96,0.02,35.3,
TXG,47.97,1.97,1.97,6.0,N/A,N/A,28.85,68.5,Bear,-0.12,25.13,0.01,35.3,
LFUS,433.73,10.63,4.24,9.9,Technology,Electronic Components,1.93,54.4,Bull,2.1,-4.74,0.05,35.3,
ULS,91.86,0.2,6.71,18.5,N/A,N/A,0.5,53.9,Bull,0.72,-9.82,0.01,35.3,
PHM,133.26,-1.11,5.14,25.3,N/A,N/A,5.83,59.4,Bull,0.61,-2.88,0.01,35.2,
LOW,216.24,-0.92,5.82,122.4,N/A,N/A,0.08,54.3,Bull,1.13,-1.32,0.02,35.2,
SUI,124.38,0.23,3.94,15.2,N/A,N/A,2.13,59.8,Bull,0.54,3.73,0.01,35.2,
LKQ,26.28,-1.05,4.33,6.8,N/A,N/A,0.18,54.5,Bull,0.16,-0.19,0.01,35.2,
MFC,44.42,-0.48,3.22,74.5,N/A,N/A,8.36,73.3,Bull,0.13,9.66,0.02,35.2,
FLS,72.97,-0.62,6.39,9.4,N/A,N/A,0.25,53.6,Bull,0.65,-1.6,0.01,35.2,
SSD,198.28,2.61,6.95,8.2,N/A,N/A,3.63,57.9,Bull,0.53,-5.09,1.77,35.2,
EAT,200.01,0.89,6.82,8.5,N/A,N/A,16.85,69.0,Bull,0.21,19.05,0.01,34.9,
CLH,329.14,8.39,7.47,16.0,Industrials,Waste Management,10.03,74.6,Bull,0.91,10.17,0.05,34.9,4.38
ITGR,99.6,-0.78,3.15,3.4,N/A,N/A,6.63,61.5,Bull,0.35,6.58,0.01,34.9,
GRND,16.89,1.75,16.48,3.0,N/A,N/A,17.43,69.3,Bull,0.02,17.54,0.02,34.8,
ALRM,55.12,1.13,9.07,2.7,N/A,N/A,12.48,70.9,Bull,0.08,17.99,0.01,34.8,
AMCR,45.97,-1.54,6.39,21.6,N/A,N/A,8.87,62.9,Bull,0.15,6.04,0.08,34.7,
NCLH,20.56,-3.13,6.34,9.7,N/A,N/A,5.55,57.0,Bull,0.09,-2.63,0.02,34.7,
PNFP,104.73,-0.49,7.57,15.9,N/A,N/A,6.05,62.0,Bull,0.41,3.82,0.01,34.6,
SMA,35.14,-0.71,2.45,2.0,N/A,N/A,6.71,62.9,Bull,0.11,8.12,0.02,34.5,
FCNCA,2194.06,-0.18,5.61,25.5,N/A,N/A,5.55,59.4,Bull,8.19,5.44,0.0,34.4,
AMP,541.35,-0.96,2.76,49.1,N/A,N/A,9.69,68.7,Bull,0.89,18.0,0.01,34.4,
MAR,379.3,-1.1,2.57,101.1,N/A,N/A,1.79,54.1,Bull,1.67,2.35,0.02,34.3,
TXRH,204.72,-0.03,6.94,13.5,N/A,N/A,10.46,67.9,Bull,0.67,5.95,0.01,34.3,
PRGS,40.37,4.42,2.31,1.7,N/A,N/A,15.14,63.4,Bear,-0.21,19.3,0.88,34.2,
MPLX,59.3,0.17,4.75,60.1,N/A,N/A,4.48,66.9,Bull,0.23,5.27,0.01,34.2,
NHC,231.0,2.17,3.66,3.6,N/A,N/A,12.7,68.3,Bull,0.34,12.32,0.61,34.1,
TAL,10.63,1.82,2.9,5.8,N/A,N/A,4.31,64.5,Bull,0.03,11.08,0.09,34.1,
RMD,207.84,-0.54,7.74,30.3,N/A,N/A,2.59,57.1,Bull,0.78,6.65,0.01,34.1,
SMG,72.37,-1.0,5.6,4.3,N/A,N/A,10.19,62.1,Bull,0.23,6.91,0.0,34.1,
OHI,51.7,0.12,2.15,15.4,N/A,N/A,7.06,68.4,Bull,0.16,8.43,0.01,34.0,
ROCK,45.92,-1.73,3.28,1.4,N/A,N/A,8.36,61.6,Bull,0.18,1.82,0.02,34.0,
FELE,110.47,0.69,5.54,4.8,N/A,N/A,6.74,66.3,Bull,0.43,3.06,0.04,33.9,
XRAY,13.49,0.0,1.66,2.7,N/A,N/A,13.15,63.3,Bear,-0.04,27.14,0.02,33.9,
GEN,27.82,0.87,8.76,16.6,N/A,N/A,10.77,64.7,Bull,0.06,11.77,0.03,33.7,
MT,66.83,-0.7,0.51,51.2,N/A,N/A,3.37,54.9,Bull,0.19,10.98,0.06,33.5,
URBN,74.07,-1.51,0.48,6.4,N/A,N/A,3.12,54.4,Bull,0.29,4.52,0.01,33.5,
BHP,83.82,0.04,0.44,212.9,N/A,N/A,0.89,51.6,Bull,0.36,2.54,0.03,33.4,
YELP,27.54,0.51,11.0,1.5,N/A,N/A,9.35,61.7,Bull,0.06,12.32,0.01,33.3,
BEPI,16.14,0.19,1.51,4.6,N/A,N/A,4.45,80.3,Bull,0.05,8.92,0.12,33.2,
JJSF,79.11,-0.51,2.26,1.5,N/A,N/A,3.21,58.7,Bull,0.27,7.71,0.01,33.1,
JAZZ,256.49,-0.17,2.43,16.1,N/A,N/A,8.26,64.4,Bull,0.82,6.44,0.01,33.0,
WTRG,40.74,0.09,3.41,11.5,N/A,N/A,5.55,67.1,Bull,0.14,6.36,0.01,32.9,
HR,21.93,0.27,3.05,7.6,N/A,N/A,7.06,69.7,Bull,0.06,8.73,0.02,32.9,
BJRI,70.31,1.97,4.12,1.4,N/A,N/A,23.48,73.1,Bull,0.07,15.75,0.02,32.8,
JBLU,6.0,10.5,12.15,2.2,Industrials,Airlines,11.52,59.7,Bear,-0.01,6.57,2.45,32.7,2.59
ICLR,180.24,6.79,8.17,13.8,N/A,N/A,16.52,68.1,Bear,-0.66,4.19,2.42,32.6,
AMAL,49.53,-0.72,5.47,1.5,N/A,N/A,9.03,64.8,Bull,0.14,7.91,0.02,32.5,
AGYS,110.7,7.23,9.99,3.1,N/A,N/A,15.98,61.5,Bear,-1.03,7.06,2.08,32.4,
TDG,1294.18,-1.05,8.33,73.2,N/A,N/A,2.86,56.7,Bull,5.7,-2.84,0.01,32.3,
MMSI,76.74,-1.99,4.96,4.7,N/A,N/A,8.59,62.7,Bull,0.19,10.66,0.02,32.2,
STRA,82.71,1.63,11.87,1.8,N/A,N/A,4.85,59.3,Bull,0.25,7.95,0.01,32.0,
IBP,233.93,-2.56,3.93,6.5,N/A,N/A,2.32,56.3,Bull,0.97,1.78,0.0,32.0,
BRC,97.08,-0.65,3.96,4.6,N/A,N/A,8.82,71.3,Bull,0.29,6.31,0.02,31.9,
HNI,44.1,2.68,7.85,3.2,N/A,N/A,15.81,71.9,Bull,0.03,10.53,0.94,31.8,
HQY,101.39,0.14,5.66,8.5,N/A,N/A,10.48,66.8,Bull,0.2,12.25,0.01,31.7,
BRZE,25.11,6.81,3.42,3.1,N/A,N/A,8.36,56.4,Bear,-0.24,19.74,0.93,31.7,
LTH,45.66,0.07,8.56,10.2,N/A,N/A,18.48,78.6,Bull,0.07,11.8,0.01,31.4,
RNR,334.24,1.63,4.07,13.9,N/A,N/A,7.43,64.7,Bull,0.66,3.47,1.24,31.4,
JBTM,145.75,3.0,10.03,7.6,N/A,N/A,7.71,63.3,Bull,0.33,3.17,1.03,31.3,
CTBI,77.84,-0.36,4.92,1.4,N/A,N/A,9.17,68.7,Bull,0.21,7.57,0.01,31.1,
SCSC,57.27,2.97,3.17,1.2,N/A,N/A,13.95,71.8,Bull,0.05,11.68,0.78,30.9,
TRST,57.83,0.09,3.38,1.0,N/A,N/A,8.05,71.6,Bull,0.18,5.32,0.01,30.9,
SNDA,42.98,-0.21,7.45,2.0,N/A,N/A,10.5,65.6,Bull,0.12,5.34,0.02,30.8,
SLG,53.42,0.69,6.57,3.8,N/A,N/A,8.88,60.4,Bull,0.18,3.18,0.01,30.7,
CHT,43.24,0.37,0.51,33.5,N/A,N/A,1.77,58.9,Bull,0.15,1.05,0.6,30.6,
MA,561.54,-0.22,5.56,497.2,N/A,N/A,7.89,67.0,Bull,1.33,9.52,0.05,30.5,
SSB,105.59,-0.95,3.33,10.4,N/A,N/A,5.77,62.8,Bull,0.33,5.7,0.03,30.5,
LILA,8.31,6.61,14.87,1.8,N/A,N/A,24.35,73.9,Bear,-0.0,7.44,1.56,30.4,
LKFN,63.24,-0.72,4.03,1.6,N/A,N/A,4.19,59.4,Bull,0.22,3.34,0.01,30.3,
DSGX,75.59,6.34,6.48,6.5,N/A,N/A,5.81,58.4,Bull,0.06,8.73,1.59,30.3,
JLL,340.0,-0.9,4.93,15.9,N/A,N/A,6.98,63.0,Bull,0.82,9.7,0.01,30.2,
BBIO,85.55,1.7,3.76,16.7,N/A,N/A,12.36,66.8,Bear,-0.1,18.8,0.62,30.2,
MEDP,571.62,0.11,8.24,15.9,N/A,N/A,10.92,61.1,Bull,1.37,7.94,0.01,30.2,
TGLS,47.22,4.05,4.58,2.1,N/A,N/A,6.28,59.6,Bull,0.07,2.52,1.76,30.2,
RLI,64.1,-1.54,8.65,6.0,N/A,N/A,11.07,64.0,Bull,0.15,8.51,0.02,30.1,
MWA,25.8,-0.42,3.66,4.1,N/A,N/A,0.52,55.4,Bull,0.11,-0.12,0.01,30.0,
MSA,176.68,-1.7,2.82,6.9,N/A,N/A,3.9,60.4,Bull,0.67,1.2,0.01,29.8,
NWN,52.44,1.0,1.71,2.2,N/A,N/A,3.77,62.2,Bull,0.16,6.89,0.02,29.7,
SYF,76.19,-1.21,4.64,25.1,N/A,N/A,3.4,56.6,Bull,0.3,0.18,0.02,29.7,
FHI,60.38,-0.26,4.73,4.6,N/A,N/A,4.72,60.4,Bull,0.15,9.34,0.01,29.6,
CASY,868.04,1.3,1.32,31.7,N/A,N/A,5.21,57.4,Bull,2.18,9.22,0.02,29.6,
LIND,29.29,-1.51,5.36,2.0,N/A,N/A,16.23,65.0,Bull,0.07,3.72,0.01,29.6,
VOR,20.53,2.65,5.23,1.1,N/A,N/A,18.78,63.2,Bull,0.02,11.52,0.01,29.5,
KMX,59.9,1.74,4.27,8.4,N/A,N/A,15.96,69.4,Bull,0.07,13.26,0.03,29.4,
MGRC,119.98,-0.02,2.87,2.9,N/A,N/A,3.6,59.0,Bull,0.16,-0.89,2.16,29.4,
BEPH,15.15,-0.26,0.4,4.4,N/A,N/A,2.94,69.7,Bull,0.04,5.65,0.6,29.3,
DCI,93.22,-2.24,2.48,11.1,N/A,N/A,4.96,61.3,Bull,0.31,3.84,0.01,29.3,
NSIT,124.82,0.02,5.9,3.8,N/A,N/A,13.4,65.7,Bull,0.36,2.48,0.01,29.3,
NKTR,71.8,1.46,3.58,2.4,N/A,N/A,4.76,57.2,Bull,0.24,2.85,0.03,29.2,
VICI,27.19,0.35,2.31,29.0,N/A,N/A,0.8,55.7,Bull,0.1,2.43,0.02,29.2,
SPG,236.12,-0.24,4.38,76.8,N/A,N/A,8.15,70.3,Bull,0.65,5.58,0.01,28.9,
LNC,42.25,-1.35,1.32,8.2,N/A,N/A,9.84,64.8,Bull,0.02,20.9,0.02,28.9,
WY,24.42,-0.77,2.52,17.7,N/A,N/A,1.7,55.0,Bull,0.09,2.01,0.02,28.8,
CCEP,110.71,-0.66,4.57,50.6,N/A,N/A,8.79,67.8,Bull,0.21,10.64,0.03,28.8,
MANU,23.37,-0.09,4.8,4.0,N/A,N/A,7.59,62.8,Bull,0.08,1.92,0.03,28.7,
ACIW,60.22,0.41,10.06,6.1,N/A,N/A,17.86,71.7,Bear,-0.06,19.74,0.0,28.7,
ARCO,8.42,1.45,1.94,1.8,N/A,N/A,0.85,54.0,Bull,0.02,3.69,0.66,28.7,
APPF,178.27,5.65,6.21,6.3,N/A,N/A,6.64,58.6,Bear,-0.71,13.86,1.35,28.5,
GIII,36.36,-1.22,1.71,1.6,N/A,N/A,7.53,60.8,Bull,0.09,7.86,0.01,28.3,
NDSN,298.92,-1.23,2.51,16.9,N/A,N/A,3.26,58.2,Bull,1.13,-0.92,0.01,28.2,
NAT,6.45,0.94,1.42,1.4,N/A,N/A,9.75,61.4,Bull,0.01,16.43,0.02,28.1,
HSBC,103.55,-0.14,0.43,356.4,N/A,N/A,7.27,65.0,Bull,0.22,8.9,0.05,28.0,
CHE,517.63,1.63,2.68,6.9,N/A,N/A,10.73,72.7,Bear,-0.06,12.55,1.22,28.0,
SCHW,106.16,0.18,5.32,184.3,N/A,N/A,9.26,70.2,Bull,0.12,15.05,0.05,28.0,
BMRN,62.01,-0.1,6.17,12.0,N/A,N/A,7.29,67.1,Bull,0.14,8.36,0.01,27.9,
EMBJ,68.07,-1.48,3.06,12.5,N/A,N/A,7.39,61.7,Bull,0.16,7.06,0.03,27.8,
GSK,53.61,-0.19,5.61,108.8,N/A,N/A,3.04,59.1,Bull,0.18,2.27,0.06,27.8,
EVTC,31.51,3.38,4.96,1.9,N/A,N/A,12.45,65.9,Bull,0.0,14.21,0.85,27.7,
SHW,348.0,-1.77,8.78,87.4,N/A,N/A,6.43,60.1,Bull,1.15,1.07,0.03,27.7,
JPM,355.56,-0.49,2.11,957.4,N/A,N/A,7.67,68.4,Bull,0.73,9.11,0.04,27.7,
VTR,98.14,0.0,0.99,47.7,N/A,N/A,8.35,66.4,Bull,0.18,10.52,0.01,27.6,
ATLC,105.44,0.6,10.8,1.6,N/A,N/A,12.8,61.7,Bull,0.27,3.12,0.01,27.6,
FAST,47.29,-1.68,4.9,55.2,N/A,N/A,3.0,56.2,Bull,0.17,-1.0,0.01,27.5,
AKR,22.5,1.65,0.87,3.0,N/A,N/A,4.07,59.9,Bull,0.06,7.63,0.02,27.5,
ZS,152.5,0.57,7.2,24.5,N/A,N/A,6.2,58.5,Bull,0.35,8.04,0.02,27.5,
PCRX,26.8,-0.04,4.73,1.1,N/A,N/A,8.34,70.2,Bull,0.07,5.64,0.01,27.4,
RGEN,145.34,10.9,6.1,8.2,Healthcare,Medical Instruments & Supplies,8.0,57.2,Bear,-1.43,6.09,2.08,27.4,4.55
OGS,80.93,0.29,0.82,5.1,N/A,N/A,1.45,57.6,Bull,0.25,5.01,0.01,27.3,
GRDN,42.1,0.57,5.86,2.7,N/A,N/A,5.13,57.9,Bull,0.15,0.55,0.01,27.3,
ASH,73.2,7.63,7.0,3.1,Basic Materials,Specialty Chemicals,14.15,71.0,Bull,0.09,11.09,0.08,27.1,4.42
DMLP,27.44,1.57,0.64,1.3,N/A,N/A,2.42,58.9,Bull,0.06,8.69,0.08,27.1,
DBD,88.08,-2.94,1.11,3.1,N/A,N/A,5.14,58.3,Bull,0.26,3.6,0.0,27.0,
OTTR,93.59,1.65,3.33,3.9,N/A,N/A,4.29,61.3,Bull,0.17,5.31,0.8,27.0,
GRPN,28.13,0.11,0.75,1.1,N/A,N/A,24.65,61.1,Bear,-0.16,16.92,0.01,27.0,
WES,47.28,0.48,0.48,18.5,N/A,N/A,5.57,62.7,Bull,0.11,8.06,0.01,27.0,
CRL,240.43,7.19,9.59,11.6,N/A,N/A,15.92,68.0,Bear,-1.12,6.59,1.48,26.9,
EPD,39.17,1.4,0.72,83.6,N/A,N/A,3.79,61.5,Bull,0.1,6.56,0.02,26.8,
LILAK,8.18,6.51,12.98,1.8,N/A,N/A,22.75,73.3,Bear,-0.01,7.21,1.15,26.8,
BXDC,21.0,1.82,4.24,1.8,N/A,N/A,0.37,51.3,Bull,0.08,-2.89,0.0,26.7,
NCNO,18.26,-1.35,10.0,2.0,N/A,N/A,8.9,60.1,Bull,0.03,11.68,0.01,26.7,
HWM,284.2,-0.65,1.25,114.4,N/A,N/A,5.17,59.2,Bull,0.74,5.7,0.01,26.5,
ENR,21.65,-0.94,5.59,1.5,N/A,N/A,6.83,60.9,Bull,0.07,0.96,0.03,26.5,
L,119.06,-0.28,3.8,24.6,N/A,N/A,5.75,68.8,Bull,0.25,5.17,0.43,26.4,
WAY,23.28,-1.73,11.98,4.5,N/A,N/A,7.83,58.4,Bull,0.03,13.4,0.01,26.4,
ACT,47.64,-0.69,4.09,6.7,N/A,N/A,6.85,66.8,Bull,0.12,4.22,0.2,26.2,
IRM,124.68,-0.81,0.14,37.4,N/A,N/A,1.13,50.7,Bull,0.46,-1.29,0.01,26.2,
DOO,61.49,-1.6,1.91,4.6,N/A,N/A,2.06,56.3,Bull,0.21,0.77,0.01,26.1,
NVS,158.8,-0.66,3.74,305.0,N/A,N/A,3.82,58.8,Bull,0.5,1.33,0.09,26.1,
PSA,331.37,0.27,6.31,58.0,N/A,N/A,5.16,61.4,Bull,0.91,4.1,0.01,26.0,
JNJ,267.1,0.14,4.49,642.8,N/A,N/A,7.73,65.4,Bull,0.64,5.17,0.03,26.0,
ABNB,152.88,-0.15,9.16,92.3,N/A,N/A,7.6,62.2,Bull,0.33,6.83,0.02,26.0,
PODD,166.2,-0.76,4.57,11.6,N/A,N/A,2.26,57.4,Bull,0.36,9.16,0.03,25.8,
UBSI,48.79,-0.43,4.01,6.8,N/A,N/A,6.87,67.7,Bull,0.11,6.46,0.01,25.8,
CCK,119.81,-1.15,2.9,13.5,N/A,N/A,9.93,65.5,Bull,0.23,7.15,0.01,25.8,
MTX,74.89,-0.51,0.45,2.3,N/A,N/A,0.14,51.0,Bull,0.26,1.25,0.01,25.7,
ITT,196.2,-1.4,1.66,17.8,N/A,N/A,0.68,53.2,Bull,0.71,-0.79,0.0,25.6,
DIS,98.89,2.32,2.86,171.7,N/A,N/A,0.35,54.0,Bull,0.21,1.03,1.09,25.5,
STGW,7.97,0.0,12.89,2.0,N/A,N/A,11.43,64.4,Bull,0.01,7.27,0.01,25.4,
FRSH,11.18,0.0,11.13,3.1,N/A,N/A,12.39,61.7,Bull,0.01,10.47,0.01,25.3,
MLM,583.98,0.05,6.05,35.2,N/A,N/A,0.72,54.2,Bull,1.96,1.26,0.01,25.2,
RPRX,59.9,-0.13,2.0,34.5,N/A,N/A,7.48,64.1,Bull,0.12,6.82,0.01,25.2,
IOSP,85.64,-0.3,0.4,2.1,N/A,N/A,4.19,60.4,Bull,0.22,5.22,0.01,25.2,
RBA,115.53,-0.91,4.54,21.7,N/A,N/A,5.22,60.2,Bull,0.37,-0.79,0.01,25.1,
NICE,101.41,6.74,7.73,6.0,N/A,N/A,5.93,58.7,Bear,-0.37,10.47,1.39,25.0,
AWK,138.09,0.03,3.18,27.0,N/A,N/A,5.43,64.0,Bull,0.34,4.94,0.01,24.9,
REAL,11.84,-0.75,4.13,1.4,N/A,N/A,6.42,57.0,Bull,0.04,0.42,0.01,24.9,
KAI,310.36,-1.5,1.13,3.7,N/A,N/A,0.88,52.6,Bull,1.08,-1.11,0.02,24.9,
NWSA,28.58,1.42,4.54,15.4,N/A,N/A,6.93,62.1,Bull,0.03,15.1,0.01,24.9,
PSO,17.56,0.69,9.14,11.1,N/A,N/A,10.33,66.5,Bull,0.02,10.51,0.02,24.8,
MAIN,55.38,0.11,3.24,5.1,N/A,N/A,5.17,65.4,Bull,0.12,7.29,0.03,24.8,
STVN,20.2,0.27,4.31,6.1,N/A,N/A,9.27,62.7,Bull,0.02,11.82,0.02,24.8,
LEVI,25.08,-1.51,1.35,9.8,N/A,N/A,6.06,57.6,Bull,0.07,1.65,0.02,24.8,
AMRX,18.81,0.27,5.97,6.0,N/A,N/A,15.59,71.3,Bull,0.02,8.67,0.02,24.6,
NBIX,183.28,0.25,6.13,18.4,N/A,N/A,10.26,66.7,Bull,0.28,8.75,0.02,24.6,
AVAH,9.97,0.83,5.75,2.2,N/A,N/A,15.93,66.1,Bear,-0.05,16.36,0.02,24.5,
NFG,81.39,0.81,0.63,7.7,N/A,N/A,1.43,56.0,Bull,0.13,4.31,1.04,24.5,
TNL,77.39,-1.35,2.37,4.8,N/A,N/A,5.7,58.4,Bull,0.22,1.26,0.01,24.5,
CB,364.48,0.27,6.19,141.0,N/A,N/A,6.78,62.5,Bull,0.72,6.97,0.02,24.3,
LCII,107.67,4.01,2.76,2.6,N/A,N/A,2.74,58.8,Bull,0.17,7.54,0.43,23.8,
RUSHA,78.9,0.1,3.34,6.1,N/A,N/A,7.64,64.7,Bull,0.13,8.1,0.02,23.8,
AHR,58.46,1.28,2.42,11.1,N/A,N/A,10.72,70.7,Bull,0.05,12.1,0.01,23.8,
MRK,131.35,-0.36,3.04,325.6,N/A,N/A,6.69,61.9,Bull,0.34,2.22,0.02,23.8,
NHPAP,23.15,0.04,0.43,1.7,N/A,N/A,3.44,62.8,Bear,-0.06,2.76,2.3,23.6,
BRK-B,509.7,-0.52,4.15,5.0,N/A,N/A,3.67,64.9,Bull,1.4,1.86,0.07,23.5,
CLX,98.29,-2.02,2.64,12.1,N/A,N/A,2.03,54.9,Bull,0.27,2.99,0.02,23.3,
KMPB,24.71,-0.32,1.94,1.5,N/A,N/A,3.19,71.8,Bull,0.06,4.61,0.05,23.2,
SLVM,38.92,3.21,3.95,1.5,N/A,N/A,0.13,53.0,Bull,0.06,4.94,0.87,23.1,
GHC,1213.52,2.95,5.37,5.2,N/A,N/A,5.57,63.4,Bull,0.98,5.34,1.12,23.1,
CCC,6.06,-0.98,5.76,3.6,N/A,N/A,11.24,60.2,Bear,-0.02,17.44,0.0,23.1,
MBX,62.23,3.61,6.74,2.9,N/A,N/A,23.74,60.7,Bear,-0.8,12.74,0.03,23.0,
NVRI,22.16,0.41,1.33,1.8,N/A,N/A,3.23,50.6,Bear,-0.17,1.28,2.41,23.0,
BBSI,41.2,0.37,4.3,1.0,N/A,N/A,13.61,74.2,Bull,0.0,15.99,0.01,23.0,
EL,83.13,-1.91,0.61,30.7,N/A,N/A,0.08,51.2,Bull,0.21,5.29,0.02,22.9,
NAVN,26.31,-0.15,11.77,6.7,N/A,N/A,15.63,57.4,Bear,-0.17,15.04,0.01,22.9,
XYZ,82.86,-0.29,6.97,49.5,N/A,N/A,9.55,62.5,Bull,0.11,9.03,0.02,22.9,
HTH,39.81,3.38,4.0,2.3,N/A,N/A,4.28,60.1,Bull,0.05,1.95,1.19,22.8,
AVPT,13.06,1.16,9.02,2.7,N/A,N/A,11.87,62.9,Bear,-0.05,16.5,0.03,22.7,
SNOW,285.15,5.47,6.48,93.7,N/A,N/A,17.95,69.0,Bear,-1.0,12.04,0.2,22.7,
FA,20.81,-0.34,4.26,3.6,N/A,N/A,14.35,59.2,Bear,-0.22,15.29,0.01,22.5,
IOT,37.87,0.99,13.62,21.9,N/A,N/A,11.12,58.8,Bear,-0.06,16.77,0.01,22.4,
AIZ,283.08,2.24,2.62,14.0,N/A,N/A,7.04,69.1,Bear,-0.58,5.63,1.58,22.3,
CMCSA,24.19,0.0,2.85,85.8,N/A,N/A,0.79,55.9,Bull,0.07,-0.12,0.01,22.2,
HGV,52.74,4.17,7.22,4.2,N/A,N/A,5.66,58.6,Bull,0.1,-1.93,0.79,22.2,
PATH,12.23,0.29,14.25,6.3,N/A,N/A,8.43,59.0,Bull,0.01,12.47,0.01,22.1,
HEI,363.9,0.13,8.55,50.8,N/A,N/A,8.17,64.8,Bull,0.8,2.2,0.03,22.0,
DUK,129.87,0.48,1.5,100.8,N/A,N/A,2.77,58.9,Bull,0.33,2.6,0.02,21.9,
ICUI,164.74,-0.62,4.64,4.1,N/A,N/A,11.33,63.5,Bull,0.09,12.38,0.01,21.8,
BCC,78.46,-2.39,0.98,2.8,N/A,N/A,4.54,55.4,Bull,0.21,1.07,0.01,21.8,
ESQ,126.38,-0.94,4.44,1.1,N/A,N/A,8.07,62.1,Bull,0.21,6.1,0.0,21.7,
FCF,21.75,1.75,4.39,2.2,N/A,N/A,8.49,71.6,Bull,0.03,6.96,0.04,21.7,
CMBT,15.77,2.37,2.77,4.9,N/A,N/A,5.68,56.6,Bull,0.01,12.69,0.02,21.7,
INSP,52.47,0.95,4.1,1.5,N/A,N/A,8.06,60.6,Bear,-0.08,17.61,0.01,21.7,
EBAY,117.34,-0.09,5.76,52.3,N/A,N/A,6.08,61.2,Bull,0.23,5.0,0.02,21.7,
AIT,342.15,-1.69,0.21,12.9,N/A,N/A,5.09,58.5,Bull,0.87,1.18,0.0,21.6,
BTI,62.67,0.59,0.98,135.1,N/A,N/A,3.45,57.1,Bull,0.15,2.88,0.08,21.6,
BANF,115.72,-0.21,0.07,3.9,N/A,N/A,1.93,53.6,Bear,-0.12,3.52,2.04,21.5,
CQP,64.25,0.27,0.77,31.0,N/A,N/A,2.16,53.7,Bull,0.13,6.04,0.04,21.4,
NOMD,12.16,-0.21,2.66,1.7,N/A,N/A,10.45,70.2,Bull,0.01,11.1,0.01,21.4,
HASI,38.9,0.35,2.6,5.0,N/A,N/A,0.99,55.3,Bull,0.11,0.71,0.02,21.4,
WSFS,81.44,-0.44,3.27,4.3,N/A,N/A,7.09,66.8,Bull,0.13,6.14,0.01,21.3,
ECL,284.12,0.43,6.46,79.6,N/A,N/A,5.22,62.6,Bull,0.67,1.98,0.04,21.3,
TSLX,17.68,3.21,3.21,1.7,N/A,N/A,3.1,59.2,Bull,0.02,3.45,1.14,21.3,
THG,224.15,2.11,4.23,7.8,N/A,N/A,9.26,67.8,Bull,0.13,4.48,0.98,21.3,
NMIH,43.71,-0.55,4.85,3.3,N/A,N/A,8.37,68.7,Bull,0.07,6.38,0.01,21.3,
MO,74.86,0.05,3.73,124.9,N/A,N/A,4.84,60.7,Bull,0.16,4.04,0.02,21.2,
AER,154.21,0.08,2.39,27.6,N/A,N/A,5.32,62.2,Bull,0.28,5.78,0.02,21.1,
SLGN,48.01,3.07,5.24,5.1,N/A,N/A,10.41,69.3,Bear,-0.06,3.78,1.43,20.9,
BLX,60.08,1.08,1.47,2.2,N/A,N/A,3.68,56.4,Bull,0.03,-2.48,1.89,20.8,
ESTC,63.15,1.69,7.61,6.5,N/A,N/A,7.24,59.1,Bull,0.06,10.75,0.01,20.7,
NWS,32.06,0.8,3.6,17.4,N/A,N/A,5.62,59.5,Bull,0.02,14.27,0.02,20.7,
BLLN,133.74,0.07,3.48,6.1,N/A,N/A,17.88,63.6,Bear,-0.47,11.47,0.02,20.6,
BFST,31.78,-0.94,4.23,1.0,N/A,N/A,6.59,63.4,Bull,0.06,3.42,0.01,20.4,
TRIP,14.93,4.55,8.19,1.7,N/A,N/A,14.89,63.2,Bear,-0.06,6.41,0.79,20.4,
ETSY,85.46,-1.17,6.19,8.2,N/A,N/A,13.73,64.0,Bear,-0.08,13.45,0.01,20.4,
PRI,318.0,-1.13,1.65,10.1,N/A,N/A,8.38,66.4,Bull,0.19,11.89,0.02,20.3,
CRON,2.84,-0.35,2.16,1.1,N/A,N/A,3.25,57.8,Bull,0.01,2.16,0.02,20.1,
PNTG,42.01,-0.02,3.86,1.5,N/A,N/A,12.49,67.3,Bear,-0.09,13.69,0.01,20.0,
SLDE,21.66,1.21,9.31,2.5,N/A,N/A,11.46,63.2,Bear,-0.01,11.82,0.27,19.8,
SLF,83.58,-0.58,2.75,46.9,N/A,N/A,7.76,70.2,Bull,0.11,6.59,0.02,19.8,
NBTB,53.42,-0.41,3.27,2.8,N/A,N/A,8.61,68.9,Bull,0.06,8.2,0.01,19.8,
XHR,21.7,-0.55,1.83,2.0,N/A,N/A,10.9,69.7,Bull,0.02,6.58,0.03,19.8,
BYD,89.81,-1.58,3.64,6.8,N/A,N/A,3.54,57.6,Bull,0.21,1.68,0.01,19.6,
EEFT,82.05,-0.83,5.03,3.2,N/A,N/A,10.12,65.3,Bull,0.03,12.11,0.01,19.6,
CDP,38.24,-0.08,1.73,4.3,N/A,N/A,8.53,72.4,Bear,-0.02,5.29,1.2,19.6,
AMPL,8.81,0.86,0.86,1.2,N/A,N/A,8.31,53.7,Bear,-0.15,15.23,0.02,19.5,
AMG,370.12,1.74,8.67,9.8,N/A,N/A,8.08,59.6,Bear,-1.2,8.08,0.88,19.5,
IPAR,125.79,-1.47,2.92,4.1,N/A,N/A,14.03,66.7,Bear,-0.31,12.45,0.01,19.5,
HIG,142.96,-0.32,1.5,38.8,N/A,N/A,4.89,61.8,Bull,0.18,7.87,0.01,19.4,
WSM,232.37,-1.67,4.51,27.8,N/A,N/A,7.05,58.8,Bull,0.53,0.02,0.01,19.4,
OPY,111.85,1.66,1.18,1.2,N/A,N/A,4.73,54.3,Bear,-0.79,7.24,1.18,19.4,
IGIC,28.8,-0.45,2.6,1.2,N/A,N/A,7.29,63.2,Bull,0.02,10.05,0.01,19.3,
LZB,41.3,2.28,5.3,1.7,N/A,N/A,7.3,61.7,Bull,0.04,3.38,0.76,19.3,
PACS,47.46,1.06,5.32,7.4,N/A,N/A,14.27,68.3,Bull,0.0,11.3,0.01,19.2,
MUSA,620.27,3.08,0.39,11.1,N/A,N/A,7.84,59.8,Bear,-0.3,15.1,0.02,19.2,
NEO,15.84,18.21,13.06,1.7,Healthcare,Diagnostics & Research,24.74,66.6,Bear,-0.13,8.57,0.06,19.1,4.17
DASH,195.52,6.05,3.98,85.2,N/A,N/A,10.28,60.5,Bear,-1.05,5.79,0.98,19.1,
AXGN,41.67,1.28,5.85,2.2,N/A,N/A,1.24,51.6,Bull,0.11,-9.77,0.08,19.0,
BRBR,13.39,-1.98,4.77,1.6,N/A,N/A,9.71,62.4,Bull,0.02,3.48,0.01,19.0,
CORT,95.67,1.57,5.27,10.1,N/A,N/A,17.66,61.1,Bear,-0.46,10.03,0.01,18.9,
FMS,24.97,0.89,2.76,13.8,N/A,N/A,6.85,66.4,Bull,0.02,10.44,0.02,18.8,
IDXX,565.72,-0.67,3.8,44.9,N/A,N/A,1.2,53.8,Bull,0.86,7.46,0.01,18.8,
FLNG,30.86,-0.11,0.11,1.7,N/A,N/A,1.73,53.2,Bull,0.03,10.0,0.02,18.7,
FE,50.07,0.85,1.5,28.7,N/A,N/A,4.25,62.6,Bull,0.08,5.32,0.03,18.7,
VYX,8.56,-0.47,9.88,1.2,N/A,N/A,10.19,61.7,Bull,0.01,4.77,0.01,18.7,
CCNE,35.34,-0.31,4.77,1.1,N/A,N/A,7.36,63.7,Bull,0.05,4.84,0.03,18.7,
CRTO,21.15,0.0,0.48,1.1,N/A,N/A,6.08,53.5,Bear,-0.3,15.7,0.0,18.7,
DLO,14.85,-0.2,4.14,4.4,N/A,N/A,8.65,59.8,Bear,-0.07,14.27,0.0,18.6,
KNTK,51.16,3.58,0.69,8.0,N/A,N/A,6.47,61.1,Bull,0.06,7.52,0.03,18.6,
OSK,149.35,-2.07,0.47,9.5,N/A,N/A,3.64,55.0,Bull,0.35,-2.69,0.04,18.5,
DG,125.85,-0.1,4.67,27.8,N/A,N/A,6.91,60.0,Bull,0.09,9.89,0.01,18.5,
VEEV,200.3,-0.45,8.53,32.8,N/A,N/A,10.73,62.6,Bear,-0.04,12.86,0.03,18.5,
LPX,75.29,-1.65,3.68,5.3,N/A,N/A,0.8,51.6,Bull,0.19,-4.28,0.01,18.3,
GLBE,39.1,0.51,9.99,6.5,N/A,N/A,11.39,62.7,Bear,-0.05,12.58,0.01,18.3,
AGO,85.48,0.21,0.85,3.8,N/A,N/A,5.18,66.0,Bear,-0.01,6.6,1.1,18.3,
RLJ,12.44,0.08,0.89,1.9,N/A,N/A,12.78,69.2,Bull,0.01,4.98,0.01,18.2,
ZETA,22.27,1.74,10.36,5.5,N/A,N/A,9.53,58.6,Bear,-0.02,13.16,0.03,18.2,
AJG,259.34,-2.25,6.94,68.2,N/A,N/A,10.3,61.7,Bear,-0.49,12.97,0.01,18.2,
NYT,75.53,0.47,3.48,12.2,N/A,N/A,1.67,55.5,Bull,0.1,8.27,0.01,18.2,
UHAL,72.96,-0.42,2.29,14.3,N/A,N/A,13.15,71.9,Bear,-0.04,11.5,0.01,18.1,
AMN,34.69,3.71,1.43,1.3,N/A,N/A,11.97,58.7,Bear,-0.13,7.13,0.59,18.0,
SKT,42.11,0.0,1.67,4.8,N/A,N/A,6.72,65.3,Bull,0.05,6.69,0.01,17.9,
UGI,37.24,0.81,1.11,7.9,N/A,N/A,4.33,64.8,Bull,0.04,7.82,0.01,17.8,
EQBK,50.98,1.09,1.09,1.1,N/A,N/A,5.81,63.3,Bull,0.03,4.19,0.79,17.8,
KTB,88.06,2.66,3.24,4.9,N/A,N/A,10.2,60.5,Bear,-0.3,7.4,0.63,17.8,
MAC,26.39,-0.47,4.04,7.5,N/A,N/A,8.19,64.7,Bull,0.03,4.74,0.01,17.7,
CFR,166.32,-0.45,2.5,10.5,N/A,N/A,8.85,72.1,Bull,0.13,7.63,0.01,17.7,
PTGX,136.9,0.04,1.08,8.8,N/A,N/A,11.92,60.5,Bear,-0.89,11.68,0.0,17.7,
XPRO,16.13,4.6,2.41,1.7,N/A,N/A,3.37,56.5,Bull,0.02,9.21,0.01,17.6,
OSCR,31.39,-0.03,6.41,9.5,N/A,N/A,14.55,59.2,Bear,-0.17,10.06,0.02,17.5,
TDOC,9.39,0.27,5.21,1.7,N/A,N/A,13.44,58.3,Bear,-0.1,10.67,0.01,17.5,
SE,107.92,0.47,2.89,65.8,N/A,N/A,9.48,59.8,Bear,-0.6,12.61,0.02,17.5,
MKL,2012.51,-1.32,3.49,25.5,N/A,N/A,4.42,61.9,Bull,3.49,3.05,0.01,17.5,
CNI,129.64,0.09,1.35,78.2,N/A,N/A,6.91,67.3,Bull,0.1,8.72,0.01,17.5,
EQH,49.55,0.32,1.64,13.9,N/A,N/A,8.96,64.6,Bear,-0.03,12.92,0.0,17.4,
NMRK,15.6,-3.67,1.69,2.9,N/A,N/A,1.88,52.4,Bull,0.03,3.24,0.02,17.4,
CPF,39.71,1.66,1.61,1.0,N/A,N/A,7.19,64.8,Bear,-0.06,5.33,1.02,17.4,
NEU,782.93,1.02,0.14,7.2,N/A,N/A,2.89,53.9,Bull,0.47,-0.94,1.39,17.3,
CUBI,79.59,1.18,3.3,2.7,N/A,N/A,3.83,59.0,Bull,0.1,0.59,0.72,17.2,
SNA,419.31,2.92,3.79,21.7,N/A,N/A,6.39,63.4,Bear,-0.26,5.26,1.05,17.2,
NSC,337.53,-0.39,1.99,76.1,N/A,N/A,4.77,58.0,Bull,0.36,7.29,0.01,17.2,
NWBI,15.85,-0.31,3.32,2.3,N/A,N/A,7.16,68.3,Bull,0.02,4.55,0.03,17.1,
NJR,59.9,0.06,1.72,6.0,N/A,N/A,4.75,62.6,Bull,0.07,6.88,0.01,17.1,
OXSQG,24.45,0.0,0.82,1.6,N/A,N/A,2.13,68.1,Bull,0.05,2.87,0.0,17.1,
VIK,103.25,-1.23,2.89,46.6,N/A,N/A,7.94,62.2,Bull,0.19,-1.35,0.01,17.0,
BOW,32.16,3.04,5.58,1.1,N/A,N/A,10.94,63.8,Bear,-0.07,7.16,0.53,17.0,
LMAT,102.3,3.41,1.68,2.3,N/A,N/A,3.09,56.4,Bear,-0.23,6.56,1.05,16.9,
ECCV,24.01,0.5,0.54,1.5,N/A,N/A,0.99,60.7,Bear,-0.01,0.84,1.87,16.9,
CWT,52.8,0.69,3.47,3.1,N/A,N/A,9.28,71.6,Bull,0.03,8.53,0.01,16.9,
AS,35.24,-2.08,2.5,20.1,N/A,N/A,0.96,52.0,Bull,0.06,4.14,0.05,16.8,
GTLB,33.76,2.41,7.69,5.6,N/A,N/A,12.19,59.1,Bear,-0.1,10.58,0.02,16.8,
NET,273.08,3.4,1.52,93.4,N/A,N/A,10.0,60.0,Bear,-1.69,11.33,0.03,16.6,
WSBC,41.74,-0.64,2.03,4.0,N/A,N/A,9.41,65.8,Bull,0.03,6.94,0.01,16.5,
WLYB,51.9,0.0,2.08,2.6,N/A,N/A,10.8,68.6,Bear,-0.16,11.07,0.0,16.5,
BRKR,62.61,-0.48,4.8,9.8,N/A,N/A,11.88,59.1,Bull,0.06,4.04,0.01,16.5,
NVCR,16.31,0.0,4.75,1.9,N/A,N/A,0.64,48.9,Bull,0.02,7.66,0.03,16.4,
DRVN,14.97,4.18,2.82,2.5,N/A,N/A,6.54,56.4,Bear,-0.12,7.16,0.71,16.3,
ADC,81.31,0.23,1.36,9.7,N/A,N/A,5.04,67.2,Bull,0.07,7.35,0.01,16.3,
LSPD,10.72,3.98,4.59,1.4,N/A,N/A,8.26,61.3,Bear,-0.02,4.18,0.96,16.3,
FG,30.15,-0.99,0.97,4.0,N/A,N/A,5.18,55.1,Bear,-0.11,13.39,0.01,16.0,
BPOP,174.16,1.6,1.1,11.2,N/A,N/A,7.1,65.1,Bear,-0.38,5.65,0.82,16.0,
CSCO,116.49,0.79,3.81,455.6,N/A,N/A,3.6,53.8,Bull,0.23,-0.45,0.03,16.0,
CRBG,31.98,-1.04,0.93,14.8,N/A,N/A,8.4,62.8,Bear,-0.02,11.68,0.0,15.9,
AGM,212.37,-0.13,2.11,2.3,N/A,N/A,10.01,69.6,Bull,0.13,6.57,0.0,15.9,
ABBV,264.54,0.51,4.44,465.0,N/A,N/A,10.59,69.3,Bull,0.17,5.87,0.02,15.8,
BHRB,73.95,-0.18,4.14,1.5,N/A,N/A,7.73,67.7,Bull,0.09,2.91,0.01,15.8,
COLM,63.83,-0.99,0.57,3.3,N/A,N/A,1.29,51.7,Bull,0.11,3.25,0.01,15.7,
CTRE,42.76,0.08,0.91,10.1,N/A,N/A,5.6,60.3,Bull,0.04,5.99,0.01,15.7,
O,65.87,0.21,1.29,61.3,N/A,N/A,4.17,64.0,Bull,0.07,6.31,0.03,15.7,
WTM,2202.61,0.4,0.43,5.5,N/A,N/A,2.96,60.7,Bull,0.15,5.34,1.0,15.6,
SYY,85.62,0.49,4.26,40.7,N/A,N/A,6.37,65.7,Bull,0.11,3.12,0.02,15.6,
BAM,47.56,-1.01,2.49,78.7,N/A,N/A,1.38,53.1,Bull,0.06,6.05,0.01,15.4,
NNI,136.16,-0.57,2.68,4.9,N/A,N/A,2.77,59.6,Bull,0.23,2.12,0.0,15.3,
ERIE,242.43,6.21,12.33,11.2,N/A,N/A,5.17,57.0,Bear,-0.55,2.66,1.21,15.3,
CNS,82.25,-0.22,2.28,4.2,N/A,N/A,7.42,60.9,Bull,0.04,8.02,0.01,15.2,
PLMR,139.63,-2.47,7.04,3.8,N/A,N/A,9.09,57.9,Bear,-0.32,10.48,0.02,15.2,
VTMX,34.93,1.81,3.37,3.1,N/A,N/A,2.41,58.2,Bull,0.03,2.86,0.57,15.2,
RDN,39.73,1.17,3.92,5.2,N/A,N/A,7.3,67.0,Bull,0.03,5.47,0.01,15.2,
SIRI,31.62,-0.17,6.02,10.7,N/A,N/A,8.9,66.8,Bull,0.02,7.06,0.01,15.2,
CON,32.53,-0.5,4.01,4.2,N/A,N/A,11.55,69.2,Bear,-0.07,9.33,0.02,15.2,
TTAN,78.18,-0.27,11.85,7.5,N/A,N/A,8.86,57.2,Bear,-0.26,10.56,0.01,15.1,
VSXY,87.79,-1.71,0.51,7.1,N/A,N/A,15.78,61.2,Bull,0.02,5.16,0.02,15.1,
CHYM,22.48,0.5,3.03,8.5,N/A,N/A,10.48,61.9,Bear,-0.04,9.77,0.0,15.0,
ACGL,102.82,-3.44,4.25,37.2,N/A,N/A,4.75,56.6,Bull,0.09,5.93,0.03,14.8,
CHA,11.56,-0.73,5.05,2.2,N/A,N/A,2.18,52.1,Bull,0.02,-3.87,0.01,14.7,
ILMN,192.38,-0.31,0.79,29.2,N/A,N/A,10.2,58.3,Bear,-0.97,9.42,0.01,14.6,
ATO,180.15,0.43,0.94,29.9,N/A,N/A,2.22,58.7,Bull,0.23,4.57,0.01,14.6,
ONON,37.49,-1.04,2.31,24.2,N/A,N/A,0.71,52.1,Bull,0.04,5.86,0.02,14.6,
CHKP,138.46,0.6,8.25,14.1,N/A,N/A,4.44,58.3,Bull,0.14,5.35,0.01,14.5,
KIM,26.25,0.04,0.42,17.7,N/A,N/A,4.89,61.7,Bull,0.03,3.55,0.01,14.4,
RGA,236.73,-2.44,0.6,15.9,N/A,N/A,6.18,59.1,Bear,-0.47,11.32,0.0,14.4,
OXLCM,25.17,1.29,1.08,4.4,N/A,N/A,1.47,62.6,Bull,0.01,1.45,1.06,14.3,
PLD,145.63,-1.01,0.64,140.1,N/A,N/A,1.71,52.3,Bull,0.12,7.5,0.01,14.2,
UMH,15.69,1.1,1.29,1.3,N/A,N/A,2.32,57.5,Bull,0.01,1.62,0.87,14.1,
BAC,62.51,-0.17,1.45,444.4,N/A,N/A,8.25,69.9,Bear,-0.02,9.71,0.02,14.0,
OZKAP,16.45,0.37,0.18,1.9,N/A,N/A,0.96,60.5,Bull,0.02,1.98,0.43,14.0,
BOBS,16.9,-0.62,9.0,2.2,N/A,N/A,14.26,61.3,Bear,-0.01,6.8,0.01,14.0,
MHK,112.98,-3.55,2.33,7.1,N/A,N/A,2.24,51.8,Bull,0.2,-6.88,0.01,13.9,
VOYA,99.33,-0.67,0.83,9.1,N/A,N/A,8.17,64.1,Bear,-0.32,9.73,0.01,13.9,
CTVA,89.25,0.34,0.82,59.5,N/A,N/A,6.85,65.7,Bull,0.06,5.39,0.02,13.9,
CPAC,12.11,0.67,2.98,1.0,N/A,N/A,5.7,62.3,Bear,-0.0,1.68,1.13,13.9,
GPC,128.05,-1.28,6.38,17.9,N/A,N/A,10.5,62.7,Bear,-0.19,8.54,0.0,13.8,
CPB,22.87,0.26,4.52,6.8,N/A,N/A,4.77,57.8,Bull,0.02,4.43,0.01,13.8,
DVA,240.23,0.32,3.51,15.4,N/A,N/A,11.46,68.9,Bear,-0.78,7.98,0.01,13.8,
HOPE,14.04,-0.57,3.69,1.8,N/A,N/A,6.45,62.3,Bull,0.02,2.63,0.02,13.7,
TBBK,68.31,-0.73,2.75,2.9,N/A,N/A,9.19,63.7,Bear,-0.21,9.05,0.0,13.7,
CBRL,54.97,2.16,3.39,1.2,N/A,N/A,19.33,63.6,Bear,-0.32,3.64,0.02,13.5,
VLYPN,25.8,-0.31,0.41,14.3,N/A,N/A,0.79,56.5,Bull,0.02,-0.19,0.79,13.4,
SGHC,14.9,-0.7,2.87,7.6,N/A,N/A,6.77,55.7,Bear,-0.07,9.93,0.01,13.4,
WAT,384.86,0.25,3.79,37.7,N/A,N/A,5.61,58.6,Bull,0.44,2.62,0.01,13.4,
SHO,11.81,0.25,0.51,2.2,N/A,N/A,5.19,60.9,Bull,0.01,3.14,0.02,13.4,
GIS,37.74,0.24,2.25,20.1,N/A,N/A,5.84,59.1,Bear,-0.06,10.33,0.01,13.4,
AME,239.78,-0.68,1.13,55.3,N/A,N/A,2.4,55.8,Bull,0.41,-0.89,0.03,13.4,
ADPT,22.62,0.44,3.05,3.6,N/A,N/A,15.78,60.8,Bear,-0.14,5.45,0.01,13.4,
MMI,31.73,2.06,4.34,1.2,N/A,N/A,5.5,59.6,Bear,-0.03,1.67,1.08,13.4,
URI,1085.82,-0.5,4.9,67.9,N/A,N/A,3.96,51.8,Bull,1.72,-4.16,0.04,13.3,
CSL,347.72,2.07,7.78,14.1,N/A,N/A,0.43,52.3,Bull,0.34,-8.12,0.74,13.3,
NNN,49.35,0.23,0.77,9.4,N/A,N/A,5.38,64.6,Bull,0.03,6.05,0.02,13.3,
JHX,26.38,-1.9,6.46,15.6,N/A,N/A,7.57,57.1,Bull,0.03,0.76,0.01,13.2,
ODC,101.98,3.44,7.79,1.5,N/A,N/A,10.0,60.8,Bear,-0.75,0.3,0.94,13.2,
RYN,22.06,-0.14,2.46,6.6,N/A,N/A,3.74,59.1,Bull,0.02,3.67,0.01,13.2,
ARXS,44.12,0.14,4.85,18.1,N/A,N/A,5.22,54.9,Bull,0.07,-4.38,0.0,13.0,
GDRX,3.12,-0.16,6.31,1.1,N/A,N/A,9.35,59.7,Bear,-0.01,8.16,0.01,12.9,
MAA,135.64,1.63,2.57,15.8,N/A,N/A,2.0,54.5,Bear,-0.12,-2.45,1.42,12.9,
NEE,90.08,0.9,0.75,186.2,N/A,N/A,1.71,58.3,Bull,0.12,2.63,0.02,12.9,
MELI,1861.33,-0.06,3.45,94.4,N/A,N/A,5.66,63.2,Bear,-2.47,9.66,0.03,12.8,
CUZ,32.06,1.09,2.64,5.2,N/A,N/A,9.26,65.4,Bear,-0.06,8.03,0.01,12.8,
SKWD,62.0,-1.23,7.03,2.5,N/A,N/A,12.64,62.5,Bear,-0.12,6.26,0.02,12.8,
CNO,53.52,0.73,0.94,5.0,N/A,N/A,5.99,62.9,Bear,-0.13,2.67,0.85,12.7,
SBH,15.21,-1.68,3.82,1.5,N/A,N/A,7.06,59.5,Bull,0.0,7.57,0.0,12.7,
NTSK,12.04,0.5,0.71,4.8,N/A,N/A,5.13,51.6,Bear,-0.2,10.05,0.01,12.7,
BWNB,25.21,0.12,0.1,2.5,N/A,N/A,1.11,68.1,Bear,-0.0,0.88,1.35,12.7,
BETA,18.42,0.3,0.52,4.2,N/A,N/A,5.22,54.5,Bear,-0.02,10.0,0.01,12.7,
MCY,109.51,1.01,3.54,6.1,N/A,N/A,5.26,58.6,Bear,-0.21,2.15,0.94,12.6,
BWIN,27.99,-2.24,11.07,4.1,N/A,N/A,14.38,60.7,Bear,-0.07,5.3,0.02,12.6,
LFST,11.25,0.09,2.18,4.4,N/A,N/A,14.93,62.8,Bear,-0.1,5.04,0.0,12.5,
UFCS,52.76,2.55,2.45,1.4,N/A,N/A,7.94,60.0,Bear,-0.14,0.21,1.0,12.5,
QGEN,42.14,-0.33,3.87,8.7,N/A,N/A,7.18,64.4,Bear,-0.02,8.75,0.02,12.5,
RACE,385.99,-1.06,3.87,91.3,N/A,N/A,5.97,58.6,Bull,0.27,3.68,0.11,12.4,
IBOC,77.68,1.34,2.66,4.8,N/A,N/A,3.78,60.1,Bull,0.03,2.02,0.66,12.3,
FRT,125.83,-0.23,0.62,10.9,N/A,N/A,3.92,60.3,Bull,0.13,2.88,0.04,12.2,
TPG,43.13,-1.44,3.21,16.8,N/A,N/A,1.65,53.5,Bull,0.03,6.36,0.0,12.1,
PLTK,4.01,0.75,4.97,1.5,N/A,N/A,8.36,55.3,Bear,-0.01,7.8,0.02,12.1,
PHIN,80.49,-0.01,0.94,3.0,N/A,N/A,2.47,53.4,Bull,0.12,-2.28,0.01,12.0,
AVTX,19.6,0.41,7.99,1.0,N/A,N/A,11.56,58.0,Bear,-0.02,6.06,0.02,12.0,
CVSA,126.3,5.06,8.55,4.3,N/A,N/A,3.6,55.2,Bear,-0.23,1.98,0.98,12.0,
DOC,22.83,0.02,2.86,15.7,N/A,N/A,9.59,69.1,Bear,-0.0,7.14,0.01,12.0,
IMNM,23.11,-0.45,1.03,2.6,N/A,N/A,5.82,58.2,Bear,-0.06,9.08,0.0,12.0,
S,18.39,0.27,0.93,6.3,N/A,N/A,6.86,54.4,Bear,-0.16,8.37,0.01,11.9,
EBC,23.53,-0.08,4.23,5.4,N/A,N/A,8.41,65.6,Bull,0.01,5.8,0.01,11.8,
MFAN,25.4,-0.04,0.08,2.6,N/A,N/A,0.7,58.7,Bear,-0.01,0.79,1.28,11.8,
OXLCN,24.67,-0.44,0.13,4.3,N/A,N/A,0.55,52.5,Bull,0.01,-0.3,1.07,11.8,
BXP,71.06,1.57,5.41,11.2,N/A,N/A,8.71,65.6,Bear,-0.01,7.16,0.03,11.7,
MBWM,59.58,-1.24,3.08,1.0,N/A,N/A,6.57,60.1,Bull,0.04,3.76,0.01,11.7,
MFAO,25.48,0.04,0.24,2.6,N/A,N/A,0.75,59.4,Bear,-0.01,0.75,1.26,11.7,
BFC,151.24,0.0,3.33,1.7,N/A,N/A,3.72,58.0,Bull,0.17,1.95,0.01,11.6,
CARG,36.38,-0.11,8.05,3.3,N/A,N/A,9.63,63.1,Bear,-0.01,6.72,0.01,11.6,
ESNT,67.4,0.03,3.6,6.2,N/A,N/A,6.89,66.2,Bull,0.03,4.85,0.01,11.6,
CHEF,101.35,1.17,7.9,4.1,N/A,N/A,12.03,64.8,Bear,-0.22,5.46,0.01,11.6,
AIG,80.55,-0.35,2.94,42.9,N/A,N/A,3.93,58.6,Bull,0.02,8.08,0.01,11.6,
DXCM,73.95,-1.2,3.53,28.9,N/A,N/A,3.19,52.5,Bear,-0.19,9.8,0.02,11.5,
ARQT,28.1,-1.13,0.72,3.6,N/A,N/A,8.2,58.0,Bear,-0.12,7.17,0.02,11.4,
FWONK,102.11,0.9,5.31,25.4,N/A,N/A,7.83,65.1,Bear,-0.05,7.33,0.01,11.3,
EXC,47.49,0.38,1.69,48.4,N/A,N/A,2.26,56.5,Bull,0.05,1.87,0.04,11.2,
ENVA,247.0,-0.82,11.02,6.2,N/A,N/A,16.74,64.4,Bear,-0.23,2.6,0.01,11.1,
NVST,27.7,2.76,4.82,4.4,N/A,N/A,6.74,63.8,Bull,0.01,5.14,0.07,11.1,
COGT,40.71,0.1,2.97,6.9,N/A,N/A,8.64,62.5,Bull,0.01,5.2,0.01,11.1,
PK,15.12,-0.46,0.4,3.1,N/A,N/A,9.62,64.7,Bear,-0.0,6.11,0.01,11.0,
WM,240.42,0.42,3.1,96.1,N/A,N/A,5.08,61.9,Bull,0.02,7.63,0.04,11.0,
CVS,109.26,-0.08,1.72,139.5,N/A,N/A,9.04,65.9,Bear,-0.08,6.27,0.02,11.0,
AIN,76.25,0.12,0.45,2.2,N/A,N/A,8.42,63.9,Bear,-0.08,1.01,0.67,10.8,
HEPS,2.96,4.23,3.86,1.1,N/A,N/A,4.03,58.2,Bear,-0.01,2.07,0.81,10.8,
GILD,134.3,-0.01,3.04,166.8,N/A,N/A,2.57,56.9,Bull,0.06,6.3,0.01,10.8,
NVO,50.96,0.0,5.75,225.6,N/A,N/A,7.97,63.1,Bear,-0.08,6.3,0.05,10.7,
HTO,65.02,1.2,1.7,2.7,N/A,N/A,7.01,68.0,Bear,-0.05,6.99,0.02,10.7,
MC,67.34,-1.82,2.25,5.4,N/A,N/A,1.25,50.9,Bull,0.07,2.93,0.02,10.6,
DHR,200.38,0.67,11.85,139.9,N/A,N/A,5.53,57.5,Bear,-0.28,5.19,0.32,10.6,
FWONA,93.49,0.64,4.73,23.3,N/A,N/A,7.34,64.3,Bear,-0.08,6.8,0.01,10.6,
V,365.64,-0.26,3.46,694.5,N/A,N/A,6.72,64.0,Bear,-0.02,6.57,0.07,10.6,
UNP,293.31,-0.39,0.26,174.9,N/A,N/A,4.97,55.9,Bear,-0.45,7.83,0.02,10.5,
RNST,43.89,1.34,0.76,4.0,N/A,N/A,4.45,59.4,Bear,-0.02,2.84,0.66,10.5,
DNTH,102.85,1.22,0.08,5.6,N/A,N/A,9.69,56.7,Bear,-0.23,5.5,0.01,10.5,
KRYS,364.23,3.53,7.42,10.7,N/A,N/A,8.88,58.4,Bear,-1.94,-3.68,0.73,10.5,
BTSGU,238.29,0.84,2.92,47.0,N/A,N/A,11.16,67.3,Bear,-0.62,4.46,0.06,10.5,
AWR,88.28,0.25,1.44,3.5,N/A,N/A,7.24,66.3,Bear,-0.09,6.84,0.01,10.5,
CIMN,25.42,0.0,0.04,2.0,N/A,N/A,0.62,57.0,Bear,-0.0,0.51,1.15,10.4,
SOMN,50.32,-0.18,1.8,56.8,N/A,N/A,0.12,52.1,Bull,0.07,0.0,0.05,10.4,
CHD,97.79,-2.15,0.67,23.7,N/A,N/A,0.88,51.2,Bull,0.12,0.93,0.02,10.4,
CURB,31.57,-0.25,2.47,3.6,N/A,N/A,4.88,59.5,Bull,0.02,3.85,0.01,10.3,
SION,46.48,-0.15,3.22,2.1,N/A,N/A,9.08,56.8,Bear,-0.09,5.66,0.01,10.3,
RHLD,133.11,3.38,2.72,1.1,N/A,N/A,0.01,50.2,Bear,-1.27,-4.15,1.24,10.3,
CXT,53.45,-2.03,3.29,3.1,N/A,N/A,11.44,66.2,Bear,-0.03,4.48,0.01,10.3,
CBT,90.92,-0.15,2.3,4.7,N/A,N/A,5.04,57.3,Bull,0.09,0.61,0.01,10.3,
ELVN,53.0,-1.41,0.28,3.3,N/A,N/A,11.39,58.7,Bear,-0.26,4.43,0.0,10.2,
TNC,87.8,-0.45,1.89,1.5,N/A,N/A,2.65,54.0,Bull,0.11,0.3,0.02,10.2,
TFC,52.86,-0.25,2.18,66.0,N/A,N/A,4.55,59.8,Bull,0.01,6.1,0.01,10.1,
CNP,44.34,0.54,1.51,28.8,N/A,N/A,2.3,56.0,Bull,0.05,0.68,0.01,10.1,
MSEX,57.86,3.01,3.3,1.1,N/A,N/A,5.98,63.8,Bull,0.0,3.27,0.44,10.1,
FBK,59.41,-0.4,0.88,3.1,N/A,N/A,5.49,61.9,Bear,-0.04,7.34,0.0,10.1,
CBC,32.23,-0.68,2.48,7.8,N/A,N/A,7.83,65.0,Bear,-0.03,6.09,0.0,10.0,
RNP,20.7,-0.19,0.88,1.0,N/A,N/A,1.2,56.0,Bull,0.02,2.65,0.03,9.9,
ATEC,9.32,7.5,12.29,1.4,Healthcare,Medical Devices,4.5,57.7,Bear,-0.03,-1.89,0.91,9.9,4.77
ET,20.38,0.87,0.02,69.5,N/A,N/A,3.65,60.5,Bull,0.0,6.56,0.02,9.9,
DB,35.95,1.67,1.01,66.5,N/A,N/A,5.29,56.3,Bear,-0.11,6.49,0.09,9.9,
MGNI,19.76,0.29,7.96,2.8,N/A,N/A,11.42,57.6,Bear,-0.2,4.1,0.01,9.9,
WD,50.98,3.45,6.03,1.8,N/A,N/A,0.94,53.1,Bull,0.01,-5.29,1.03,9.9,
AFG,143.98,-0.62,2.54,12.0,N/A,N/A,4.64,61.8,Bull,0.08,3.53,0.01,9.8,
UBS,52.71,1.31,0.11,161.5,N/A,N/A,5.85,56.7,Bear,-0.2,6.36,0.06,9.8,
HLN,10.01,-2.53,1.63,45.7,N/A,N/A,4.34,57.9,Bull,0.0,7.29,0.03,9.8,
BUSE,30.15,-0.26,2.76,2.6,N/A,N/A,5.8,62.7,Bull,0.02,3.11,0.02,9.8,
KKRS,16.32,0.28,0.59,14.6,N/A,N/A,0.41,56.8,Bull,0.0,0.28,0.95,9.7,
LFMDP,23.49,0.13,0.61,1.1,N/A,N/A,1.42,57.8,Bull,0.02,2.39,0.04,9.6,
TROW,120.06,-1.33,3.49,26.1,N/A,N/A,7.75,61.0,Bear,-0.12,5.6,0.02,9.6,
SO,97.36,0.6,1.63,109.2,N/A,N/A,2.47,57.2,Bull,0.09,1.72,0.01,9.5,
AVO,12.8,-0.39,1.19,1.1,N/A,N/A,1.83,52.2,Bear,-0.09,8.57,0.0,9.5,
CSX,50.66,-0.35,1.46,94.2,N/A,N/A,5.16,56.4,Bear,-0.01,6.59,0.03,9.4,
PDM,9.7,0.83,1.36,1.2,N/A,N/A,6.18,57.7,Bear,-0.03,6.01,0.04,9.4,
WGS,61.88,2.21,0.37,1.8,N/A,N/A,0.56,49.4,Bear,-0.82,-10.47,1.09,9.4,
PLGO,25.68,-1.14,2.05,2.2,N/A,N/A,7.31,60.8,Bear,-0.04,5.48,0.01,9.3,
NRIX,24.46,1.3,3.66,2.5,N/A,N/A,16.61,66.6,Bear,-0.16,0.84,0.02,9.3,
VCEL,46.42,-0.62,4.17,2.4,N/A,N/A,9.68,58.8,Bear,-0.42,4.34,0.02,9.3,
OC,143.13,-0.22,2.17,11.5,N/A,N/A,7.05,57.1,Bear,-0.76,-7.77,0.69,9.3,
SN,156.97,-1.8,6.7,22.6,N/A,N/A,12.29,63.2,Bear,-0.29,3.09,0.01,9.3,
SFBS,88.96,-1.05,2.72,4.9,N/A,N/A,6.13,60.1,Bull,0.04,3.0,0.01,9.3,
GFL,39.53,0.97,1.1,14.0,N/A,N/A,3.19,56.4,Bear,-0.1,7.49,0.01,9.2,
PRM,35.48,1.63,4.26,5.7,N/A,N/A,6.36,56.8,Bull,0.03,-0.48,0.01,9.1,
GLP,48.63,0.85,0.79,1.7,N/A,N/A,2.1,54.0,Bull,0.01,3.42,0.45,9.1,
IHS,8.26,0.12,0.12,2.8,N/A,N/A,0.41,55.0,Bull,0.01,0.24,0.0,9.1,
DFH,16.23,3.84,6.5,1.5,N/A,N/A,4.57,54.4,Bear,-0.04,-6.72,0.81,9.0,
DORM,142.75,-0.29,5.82,4.3,N/A,N/A,8.61,61.7,Bear,-0.2,4.62,0.01,9.0,
LLY,1222.16,0.12,5.09,1149.5,N/A,N/A,7.47,61.6,Bull,0.54,1.9,0.04,9.0,
OXLCL,24.57,-0.01,0.31,4.3,N/A,N/A,1.18,57.2,Bull,0.0,0.96,0.74,9.0,
MD,26.6,-0.95,3.0,2.2,N/A,N/A,7.42,58.1,Bear,-0.05,5.03,0.01,8.9,
IRTC,117.37,4.65,7.68,3.9,N/A,N/A,1.95,55.0,Bear,-0.29,-0.89,0.95,8.9,
CENT,44.43,2.73,1.83,2.8,N/A,N/A,5.69,58.7,Bear,-0.07,-0.38,0.73,8.9,
BANR,70.68,0.19,1.53,2.4,N/A,N/A,4.81,60.1,Bear,-0.02,6.39,0.01,8.9,
MTB,250.9,-0.68,0.07,37.0,N/A,N/A,6.71,61.9,Bear,-0.35,5.42,0.01,8.8,
OXLCZ,24.91,0.44,0.57,4.3,N/A,N/A,1.09,66.8,Bull,0.0,1.05,0.76,8.8,
APGE,134.18,0.01,0.07,10.1,N/A,N/A,15.12,79.9,Bear,-1.71,1.09,0.01,8.7,
BIIB,209.5,1.89,5.95,30.4,N/A,N/A,4.79,55.9,Bull,0.18,-3.04,0.03,8.7,
VRDN,19.48,-0.15,1.62,2.0,N/A,N/A,5.17,58.0,Bear,-0.02,6.04,0.01,8.7,
ANRO,27.4,-0.07,0.62,1.1,N/A,N/A,9.63,57.0,Bear,-0.15,3.83,0.01,8.7,
MBC,9.02,3.09,8.15,1.2,N/A,N/A,2.01,53.0,Bear,-0.03,-10.34,0.91,8.6,
BTSG,72.12,-0.47,3.41,14.3,N/A,N/A,10.19,60.8,Bear,-0.17,3.41,0.01,8.6,
SCCD,24.78,0.32,0.43,1.2,N/A,N/A,0.33,57.6,Bull,0.02,0.75,0.35,8.6,
DLTR,126.54,-0.18,3.59,24.4,N/A,N/A,7.89,58.4,Bear,-0.54,4.62,0.0,8.6,
ABXL,25.85,-0.15,0.02,1.9,N/A,N/A,1.01,60.5,Bull,0.01,1.49,0.4,8.5,
BY,38.89,-0.79,3.02,1.8,N/A,N/A,7.23,65.0,Bull,0.01,3.27,0.0,8.5,
TRNZ,25.34,0.24,0.42,1.8,N/A,N/A,0.89,64.4,Bear,-0.0,0.64,0.89,8.5,
LYFT,15.45,0.03,5.42,5.9,N/A,N/A,4.89,55.4,Bear,-0.07,5.78,0.02,8.4,
POWWP,24.29,0.17,0.83,2.8,N/A,N/A,0.65,52.2,Bull,0.01,2.36,0.47,8.4,
RUSHB,78.98,2.24,4.36,6.0,N/A,N/A,8.07,65.1,Bull,0.01,3.24,0.01,8.4,
XZO,16.44,3.4,3.98,1.5,N/A,N/A,5.31,54.3,Bear,-0.2,-3.52,0.69,8.4,
PPL,36.38,0.14,0.78,27.3,N/A,N/A,0.71,53.9,Bull,0.04,0.08,0.01,8.3,
COF,210.19,-1.05,4.39,130.8,N/A,N/A,5.4,58.9,Bull,0.02,4.77,0.01,8.3,
HRL,25.69,0.51,1.9,14.1,N/A,N/A,6.39,60.0,Bear,-0.0,4.75,0.03,8.2,
KWR,153.99,1.58,2.03,2.7,N/A,N/A,3.92,55.7,Bear,-0.16,-1.39,0.74,8.2,
ELS,66.08,0.09,0.92,12.8,N/A,N/A,3.09,58.0,Bull,0.04,2.53,0.01,8.2,
ADAMZ,19.0,0.11,1.17,1.7,N/A,N/A,2.17,60.3,Bear,-0.01,2.49,0.54,8.1,
TFSL,18.42,-0.32,0.82,5.2,N/A,N/A,7.88,67.1,Bear,-0.03,3.95,0.01,8.0,
RDDT,183.3,2.72,7.58,34.3,N/A,N/A,4.02,51.8,Bear,-1.99,5.6,0.05,8.0,
TECH,72.02,-0.07,0.33,11.3,N/A,N/A,11.76,74.3,Bear,-0.65,1.94,0.02,8.0,
VNO,40.6,1.35,5.43,7.5,N/A,N/A,9.04,61.3,Bear,-0.1,3.31,0.01,7.9,
ROKU,144.08,0.12,0.7,21.2,N/A,N/A,6.8,62.5,Bear,-0.45,4.3,0.01,7.8,
ADAMN,23.84,0.59,0.17,2.1,N/A,N/A,1.71,53.8,Bear,-0.06,2.4,0.53,7.7,
DV,11.35,0.89,4.22,1.7,N/A,N/A,4.59,54.3,Bear,-0.08,4.7,0.08,7.7,
MYE,32.87,-1.79,6.76,1.3,N/A,N/A,15.03,63.5,Bear,-0.01,-6.91,0.01,7.6,
BATRK,50.91,0.34,1.23,3.3,N/A,N/A,0.88,49.1,Bear,-0.19,-0.91,0.86,7.6,
ADAML,24.46,-0.29,0.45,2.2,N/A,N/A,1.64,63.9,Bear,-0.01,1.9,0.57,7.5,
CWST,91.1,2.02,0.62,5.8,N/A,N/A,0.05,46.9,Bear,-1.09,-3.37,0.89,7.5,
KRC,39.21,1.41,1.44,4.5,N/A,N/A,5.29,55.6,Bear,-0.19,4.63,0.01,7.4,
NVR,6471.37,2.53,2.31,17.5,N/A,N/A,0.49,51.0,Bear,-24.8,-5.13,0.86,7.4,
MICC,18.26,-1.3,1.05,11.3,N/A,N/A,4.54,54.2,Bear,-0.1,4.88,0.01,7.3,
PFG,112.97,-0.98,4.36,24.6,N/A,N/A,4.69,57.2,Bear,-0.15,4.82,0.01,7.3,
OMF,61.38,-1.37,2.62,7.2,N/A,N/A,4.95,58.6,Bull,0.04,0.68,0.02,7.3,
APOS,25.75,-0.31,0.31,14.7,N/A,N/A,0.77,58.6,Bull,0.02,0.7,0.09,7.3,
GFF,92.25,-1.31,2.88,4.3,N/A,N/A,2.35,52.6,Bull,0.08,-5.41,0.02,7.2,
LOB,42.53,-0.91,3.61,2.0,N/A,N/A,5.79,57.5,Bear,-0.06,4.14,0.0,7.1,
NTST,22.09,0.68,2.32,2.2,N/A,N/A,4.97,58.8,Bear,-0.03,4.54,0.0,7.1,
SVV,10.08,-1.66,5.44,1.6,N/A,N/A,6.67,57.1,Bull,0.01,-0.1,0.01,7.1,
CGON,73.25,0.87,5.68,6.4,N/A,N/A,7.53,57.0,Bear,-0.16,3.1,0.02,7.0,
ACAD,26.02,0.03,4.24,4.5,N/A,N/A,7.95,63.1,Bear,-0.11,2.84,0.03,7.0,
XEL,80.61,0.35,0.53,50.1,N/A,N/A,1.15,53.3,Bull,0.07,0.39,0.01,6.8,
FOR,29.34,1.56,8.59,1.5,N/A,N/A,1.63,50.9,Bear,-0.2,-8.26,0.72,6.8,
WSBCO,25.67,0.0,0.27,2.5,N/A,N/A,1.01,57.7,Bull,0.01,2.03,0.05,6.7,
OKTA,138.54,1.71,1.36,23.7,N/A,N/A,10.15,53.1,Bear,-2.45,1.54,0.01,6.7,
SWK,90.4,-4.02,1.29,14.6,N/A,N/A,5.28,53.6,Bull,0.04,-3.95,0.1,6.7,
WMS,145.06,1.31,4.47,11.1,N/A,N/A,0.31,50.0,Bear,-0.91,-6.1,0.78,6.7,
MTCH,39.27,-0.03,3.26,9.2,N/A,N/A,5.81,58.1,Bear,-0.1,3.76,0.01,6.7,
ES,75.36,-0.05,1.2,28.4,N/A,N/A,4.3,60.6,Bear,-0.07,4.27,0.03,6.6,
FLUT,107.75,-1.2,7.97,19.1,N/A,N/A,2.14,54.4,Bear,-0.1,5.46,0.01,6.6,
LAMR,162.07,-0.09,1.99,16.5,N/A,N/A,5.25,61.9,Bear,-0.17,3.9,0.01,6.6,
RELY,23.27,-0.24,0.71,4.9,N/A,N/A,5.29,53.3,Bear,-0.22,3.86,0.01,6.6,
EXEL,56.37,-0.25,2.53,14.2,N/A,N/A,5.79,59.0,Bear,-0.15,3.6,0.01,6.5,
MMYT,54.74,1.89,6.0,5.1,N/A,N/A,7.12,54.9,Bear,-0.58,2.71,0.03,6.5,
LNN,115.14,0.47,2.73,1.2,N/A,N/A,0.04,49.8,Bear,-0.2,-7.32,0.77,6.5,
ELAN,25.6,0.31,1.03,12.7,N/A,N/A,4.63,57.8,Bear,-0.04,4.02,0.02,6.5,
WFC,86.72,-0.17,0.35,265.8,N/A,N/A,2.99,54.5,Bear,-0.26,4.94,0.01,6.5,
RAPP,42.56,1.43,2.98,2.0,N/A,N/A,8.51,57.4,Bear,-0.0,2.14,0.01,6.5,
AB,37.38,0.07,0.09,3.5,N/A,N/A,0.55,52.4,Bear,-0.0,6.12,0.01,6.5,
D,71.12,0.71,0.04,62.1,N/A,N/A,3.92,58.2,Bear,-0.14,4.14,0.02,6.3,
XYL,122.76,-1.76,5.7,29.7,N/A,N/A,4.47,58.7,Bear,-0.01,3.85,0.02,6.3,
PGEN,5.6,1.27,5.26,2.0,N/A,N/A,12.34,59.8,Bear,-0.0,-1.75,0.01,6.3,
ONB,26.8,-0.32,1.57,10.4,N/A,N/A,5.24,59.9,Bear,-0.04,3.49,0.02,6.3,
HTFC,24.9,0.32,0.36,1.1,N/A,N/A,0.67,54.5,Bear,-0.01,0.4,0.67,6.3,
BCPC,164.82,-0.59,1.68,5.3,N/A,N/A,0.16,51.9,Bull,0.14,-2.44,0.03,6.2,
GDV,29.94,-0.2,1.08,2.7,N/A,N/A,2.61,63.6,Bull,0.01,2.35,0.04,6.2,
NIC,169.74,-1.97,1.17,3.7,N/A,N/A,6.84,60.4,Bear,-0.37,2.63,0.01,6.1,
TDAY,8.74,1.27,2.46,1.3,N/A,N/A,7.29,59.7,Bear,-0.02,2.22,0.01,6.0,
PH,976.95,-1.41,0.64,124.9,N/A,N/A,3.4,57.2,Bull,0.59,-0.12,0.01,6.0,
COMP,11.82,-0.51,4.97,8.9,N/A,N/A,11.88,56.4,Bear,-0.13,-4.14,0.01,6.0,
GNK,25.5,0.45,0.29,1.1,N/A,N/A,3.63,53.7,Bull,0.0,2.93,0.01,5.9,
SFNC,23.41,-0.3,1.3,3.4,N/A,N/A,4.96,60.6,Bear,-0.0,3.36,0.01,5.9,
HMN,53.06,1.06,3.31,2.1,N/A,N/A,6.12,61.7,Bear,-0.16,2.73,0.02,5.9,
CVBF,22.95,0.66,3.19,4.0,N/A,N/A,5.86,62.1,Bear,-0.05,2.7,0.03,5.9,
PFGC,114.25,-1.11,2.59,18.1,N/A,N/A,7.38,60.6,Bear,-0.22,2.2,0.01,5.9,
ONBPP,25.05,-0.14,0.02,9.7,N/A,N/A,0.49,53.3,Bear,-0.01,0.22,0.64,5.8,
NTRS,180.86,0.0,1.23,33.5,N/A,N/A,3.21,52.1,Bear,-0.93,4.04,0.01,5.8,
DDOG,259.69,3.51,5.66,89.3,N/A,N/A,10.79,57.3,Bear,-2.19,-0.26,0.05,5.8,
IBN,29.97,-0.96,1.77,108.3,N/A,N/A,4.81,59.7,Bear,-0.03,3.24,0.02,5.8,
CM,119.08,-0.62,1.14,109.6,N/A,N/A,4.35,58.4,Bear,-0.15,3.55,0.01,5.8,
RF,31.17,-0.32,1.0,26.7,N/A,N/A,4.71,57.6,Bear,-0.11,3.21,0.01,5.7,
CLBT,15.1,1.68,6.49,3.7,N/A,N/A,4.46,53.9,Bear,-0.16,3.42,0.01,5.7,
LAUR,37.7,-0.05,4.49,5.3,N/A,N/A,3.62,54.3,Bear,-0.16,3.8,0.01,5.7,
ZD,53.28,0.67,2.04,1.9,N/A,N/A,7.81,60.8,Bear,-0.26,1.75,0.01,5.7,
NLY,23.11,-0.39,3.08,17.0,N/A,N/A,4.38,60.3,Bear,-0.03,3.35,0.02,5.7,
OCFC,19.89,-0.75,1.12,1.2,N/A,N/A,4.2,59.8,Bull,0.0,1.84,0.01,5.6,
EVC,11.08,1.37,6.03,1.0,N/A,N/A,10.96,52.4,Bear,-0.14,-15.03,0.02,5.6,
TRVI,18.44,0.05,6.22,2.6,N/A,N/A,11.13,55.7,Bear,-0.07,-1.13,0.0,5.6,
UMBF,146.32,1.63,3.94,10.9,N/A,N/A,5.95,59.7,Bear,-0.49,2.49,0.01,5.6,
JCI,144.03,2.67,1.08,85.6,N/A,N/A,1.63,53.4,Bull,0.08,-1.42,0.09,5.5,
FITB,57.82,0.03,0.26,52.4,N/A,N/A,5.65,59.3,Bear,-0.24,2.57,0.01,5.5,
RRR,66.31,0.27,3.79,6.9,N/A,N/A,6.81,59.9,Bear,-0.12,1.92,0.01,5.4,
INDB,86.2,0.07,1.07,4.2,N/A,N/A,4.45,60.7,Bear,-0.05,2.96,0.02,5.4,
FULT,24.62,-0.24,0.74,4.7,N/A,N/A,5.27,59.0,Bear,-0.08,2.58,0.02,5.4,
LXRX,2.38,1.79,5.87,1.0,N/A,N/A,9.89,57.3,Bear,-0.0,-0.75,0.04,5.3,
SLMBP,74.64,0.59,0.53,14.0,N/A,N/A,0.64,56.1,Bear,-0.01,0.42,0.54,5.3,
RY,211.12,-0.59,0.44,295.2,N/A,N/A,5.2,58.9,Bear,-0.71,2.62,0.01,5.3,
ADAMM,25.06,0.12,0.11,2.3,N/A,N/A,0.89,56.5,Bear,-0.01,1.4,0.41,5.3,
W,92.58,-2.07,9.82,12.5,N/A,N/A,9.82,57.7,Bear,-0.1,0.17,0.01,5.2,
VSECU,57.34,9.36,10.5,1.5,Industrials,Aerospace & Defense,8.95,60.7,Bull,0.0,-0.57,0.02,5.2,
BFLY,7.2,0.42,8.93,1.9,N/A,N/A,10.11,52.8,Bear,-0.1,-14.49,0.01,5.1,
CNOBP,25.18,0.08,0.32,1.3,N/A,N/A,0.97,68.5,Bull,0.0,0.8,0.35,5.1,
CATY,63.41,-0.22,3.34,4.3,N/A,N/A,5.29,60.1,Bear,-0.01,2.29,0.01,5.0,
CAH,233.03,0.22,5.66,54.5,N/A,N/A,4.56,57.8,Bear,-0.63,-1.69,0.33,5.0,
PVLA,146.32,2.44,2.91,2.0,N/A,N/A,9.6,54.4,Bear,-1.26,-4.25,0.02,4.9,
QSR,74.84,-0.04,2.25,34.2,N/A,N/A,1.03,53.3,Bull,0.01,3.21,0.0,4.9,
UVSP,44.65,-0.76,1.96,1.3,N/A,N/A,5.49,58.4,Bear,-0.09,2.06,0.01,4.9,
DBRG,15.85,0.0,0.25,2.9,N/A,N/A,0.72,59.7,Bull,0.0,0.44,0.23,4.9,
CBSH,59.14,-1.45,0.75,8.7,N/A,N/A,4.93,59.5,Bear,-0.11,2.41,0.0,4.9,
HSIC,85.79,0.09,1.15,9.8,N/A,N/A,4.3,56.4,Bear,-0.41,2.71,0.01,4.9,
OMCL,43.12,0.15,5.52,2.0,N/A,N/A,1.84,51.1,Bear,-0.36,3.84,0.01,4.9,
VAC,101.22,-1.32,4.35,3.5,N/A,N/A,9.53,58.0,Bear,-0.24,-0.65,0.01,4.8,
NMFCZ,25.52,0.0,0.02,2.7,N/A,N/A,0.56,57.8,Bear,-0.01,1.15,0.4,4.8,
IRON,75.36,0.95,1.4,2.9,N/A,N/A,3.48,53.2,Bear,-0.37,3.04,0.01,4.8,
MNST,97.86,0.12,2.29,95.6,N/A,N/A,5.67,58.4,Bear,-0.29,1.81,0.01,4.7,
EMA,54.64,0.33,0.55,16.7,N/A,N/A,2.62,57.1,Bull,0.0,3.06,0.01,4.7,
TGTX,54.65,-0.39,1.31,8.4,N/A,N/A,9.35,54.3,Bear,-0.57,-1.91,0.0,4.7,
AFYA,14.45,1.76,3.21,1.3,N/A,N/A,1.02,54.5,Bear,-0.0,-2.82,0.5,4.7,
LIF,54.94,-3.07,5.59,4.6,N/A,N/A,8.58,55.2,Bear,-0.25,-0.76,0.03,4.6,
HCI,179.02,-0.14,1.94,2.3,N/A,N/A,4.72,55.9,Bear,-0.84,2.15,0.01,4.6,
AXON,543.35,-0.79,10.55,44.1,N/A,N/A,8.99,55.9,Bear,-4.55,-3.08,0.02,4.6,
PAYO,7.14,-0.14,0.28,2.4,N/A,N/A,8.52,73.5,Bear,-0.05,0.28,0.0,4.6,
AUB,42.97,-0.24,1.5,6.2,N/A,N/A,5.69,60.3,Bear,-0.08,1.57,0.01,4.5,
CDZIP,22.2,-0.45,0.09,1.9,N/A,N/A,2.24,51.5,Bear,-0.03,0.12,0.37,4.4,
HTGC,16.21,-0.18,1.76,3.0,N/A,N/A,3.09,58.1,Bear,-0.01,2.79,0.01,4.4,
ECCC,24.9,0.0,0.11,1.5,N/A,N/A,1.07,56.4,Bear,-0.01,0.3,0.43,4.4,
DEI,12.14,1.08,0.75,2.0,N/A,N/A,2.75,51.4,Bear,-0.05,2.88,0.0,4.3,
MBINL,24.92,0.26,0.43,1.1,N/A,N/A,1.36,58.0,Bear,-0.01,1.28,0.28,4.3,
WCN,170.79,0.93,1.72,43.2,N/A,N/A,3.62,58.5,Bear,-0.58,2.46,0.01,4.3,
LGIH,60.46,-1.53,4.59,1.4,N/A,N/A,8.52,56.3,Bear,-0.11,-5.05,0.01,4.3,
LLYVA,99.48,0.66,3.58,9.2,N/A,N/A,2.37,54.2,Bear,-0.32,-2.5,0.38,4.3,
DT,44.51,1.4,7.63,12.8,N/A,N/A,5.36,55.9,Bear,-0.15,1.38,0.01,4.2,
RVMD,184.36,0.27,0.73,39.1,N/A,N/A,8.05,55.1,Bear,-1.3,-1.56,0.02,4.2,
PFS,24.16,-0.06,0.6,3.1,N/A,N/A,3.88,59.3,Bear,-0.01,2.18,0.0,4.2,
OBDC,10.98,-0.32,1.62,5.5,N/A,N/A,1.2,54.4,Bull,0.0,1.06,0.01,4.2,
RSG,218.71,0.96,1.01,66.6,N/A,N/A,2.05,54.0,Bear,-0.66,2.94,0.02,4.1,
GWW,1384.0,-1.07,2.21,66.0,N/A,N/A,4.4,56.6,Bear,-1.85,1.73,0.02,4.1,
NP,31.67,-0.67,5.55,4.4,N/A,N/A,7.01,55.9,Bear,-0.15,0.52,0.01,4.1,
TTWO,249.06,0.58,6.63,46.0,N/A,N/A,6.07,59.6,Bear,-0.06,-0.37,0.12,4.1,
TVTX,56.46,0.98,0.36,5.2,N/A,N/A,7.61,54.5,Bear,-0.42,-0.62,0.04,4.1,
BNS,87.65,-0.78,0.09,108.4,N/A,N/A,4.1,55.9,Bear,-0.31,1.87,0.0,4.0,
PPLC,48.74,0.66,1.8,36.7,N/A,N/A,0.22,52.6,Bull,0.03,-1.14,0.03,4.0,
RDNT,62.87,-0.55,6.16,5.0,N/A,N/A,3.99,54.1,Bear,-0.31,1.95,0.0,4.0,
SENEB,163.1,0.0,1.1,1.1,N/A,N/A,2.01,46.6,Bear,-2.15,2.9,0.0,3.9,
IFF,78.6,-0.83,1.81,20.2,N/A,N/A,2.85,54.1,Bull,0.03,-0.79,0.01,3.9,
BMO,179.18,-0.8,0.07,127.3,N/A,N/A,4.72,56.9,Bear,-0.66,1.4,0.01,3.9,
AX,98.73,-0.45,1.67,5.6,N/A,N/A,4.73,58.4,Bear,-0.32,1.38,0.01,3.9,
BOKF,141.67,-0.54,0.08,8.7,N/A,N/A,3.68,57.9,Bear,-0.11,2.01,0.01,3.9,
UFPT,253.81,-1.65,6.66,2.0,N/A,N/A,6.12,55.6,Bull,0.03,-4.27,0.0,3.8,
DCOM,40.81,-0.01,3.41,1.8,N/A,N/A,4.96,60.0,Bear,-0.0,0.99,0.01,3.6,
DEA,25.32,0.38,0.78,1.2,N/A,N/A,3.55,58.3,Bear,-0.04,1.54,0.04,3.6,
BPYPO,15.3,0.23,0.33,17.8,N/A,N/A,1.26,54.4,Bull,0.0,0.23,0.16,3.6,
AGNCP,25.07,0.08,0.16,28.8,N/A,N/A,1.26,65.7,Bear,-0.01,2.74,0.02,3.5,
IDYA,36.5,0.94,4.29,3.2,N/A,N/A,6.55,54.8,Bear,-0.27,-2.07,0.02,3.4,
HQH,21.92,0.38,3.07,1.0,N/A,N/A,6.43,65.2,Bear,-0.01,-0.21,0.02,3.4,
ARMK,57.27,-0.23,1.13,15.1,N/A,N/A,5.37,59.4,Bear,-0.15,0.65,0.0,3.4,
ALC,68.98,-0.19,2.42,34.5,N/A,N/A,0.88,54.1,Bull,0.0,2.8,0.01,3.4,
BCRX,9.7,-0.41,2.97,2.5,N/A,N/A,3.31,52.3,Bear,-0.06,1.57,0.02,3.4,
QDEL,16.71,0.25,0.19,1.1,N/A,N/A,5.84,52.8,Bear,-0.25,-4.61,0.05,3.3,
ARCC,18.91,-0.68,0.27,13.7,N/A,N/A,1.77,55.3,Bear,-0.0,2.05,0.05,3.3,
ALKT,18.16,-0.08,10.16,1.9,N/A,N/A,6.06,57.4,Bear,-0.0,0.19,0.01,3.3,
NTES,129.5,1.69,6.84,81.3,N/A,N/A,4.14,54.7,Bear,-0.61,1.06,0.01,3.3,
PMTU,25.7,0.04,0.27,2.2,N/A,N/A,1.14,59.3,Bear,-0.0,0.51,0.27,3.3,
AGNCN,25.63,0.04,0.04,29.4,N/A,N/A,1.12,66.9,Bull,0.0,2.32,0.01,3.2,
TRUP,25.35,-0.57,3.7,1.1,N/A,N/A,1.52,51.3,Bear,-0.2,2.36,0.01,3.2,
TRMK,46.82,0.11,1.19,2.7,N/A,N/A,2.63,56.0,Bear,-0.05,1.76,0.02,3.2,
VVV,39.72,-1.19,1.77,5.1,N/A,N/A,5.28,56.9,Bear,-0.06,0.46,0.01,3.2,
WTFCN,26.21,-0.08,0.58,1.8,N/A,N/A,1.07,60.4,Bull,0.0,1.03,0.12,3.2,
PRSU,53.13,-1.57,2.73,1.5,N/A,N/A,6.37,55.9,Bear,-0.26,-5.07,0.0,3.2,
MCHB,16.06,1.39,0.94,3.5,N/A,N/A,3.82,55.1,Bear,-0.08,1.01,0.02,3.1,
DCO,175.28,-1.34,0.4,2.7,N/A,N/A,5.97,53.6,Bear,-0.17,-5.36,0.01,3.1,
ACA,145.33,0.03,0.14,7.1,N/A,N/A,5.62,68.6,Bear,-0.66,0.06,0.03,3.1,
SUPN,47.73,0.0,1.68,2.8,N/A,N/A,0.86,53.0,Bear,-0.07,2.62,0.01,3.1,
FTS,58.4,0.09,0.09,29.7,N/A,N/A,2.04,55.9,Bear,-0.01,2.04,0.01,3.1,
HAYW,15.7,3.9,10.41,3.3,N/A,N/A,4.38,57.5,Bear,-0.01,-9.3,0.1,3.0,
USFD,100.92,-0.55,5.05,22.3,N/A,N/A,6.05,59.4,Bear,-0.17,-1.31,0.0,3.0,
RVTY,111.48,-0.03,0.85,12.4,N/A,N/A,5.25,55.1,Bear,-0.46,0.26,0.01,3.0,
RYTM,107.62,-0.39,3.51,7.4,N/A,N/A,5.92,55.2,Bear,-0.82,-3.07,0.0,3.0,
CLDX,36.45,2.45,4.84,2.8,N/A,N/A,5.29,55.0,Bear,-0.33,-2.04,0.04,3.0,
FFIN,35.01,-0.57,0.95,5.0,N/A,N/A,3.42,54.9,Bear,-0.1,1.18,0.01,2.9,
TILE,34.0,-1.31,3.88,2.0,N/A,N/A,5.7,56.2,Bear,-0.02,-5.13,0.01,2.9,
PRKS,46.31,-1.42,2.31,2.2,N/A,N/A,5.63,53.9,Bear,-0.21,-2.98,0.01,2.9,
ESS,294.61,0.03,0.53,18.9,N/A,N/A,3.62,57.0,Bear,-0.9,1.04,0.01,2.9,
BUSEP,26.02,-0.02,0.37,2.2,N/A,N/A,0.72,58.9,Bull,0.01,0.68,0.05,2.9,
AYI,340.36,-1.11,2.66,10.3,N/A,N/A,5.49,55.5,Bear,-0.64,-9.58,0.01,2.9,
SENEA,171.31,0.58,3.82,1.2,N/A,N/A,5.74,56.2,Bear,-0.89,-1.51,0.0,2.9,
OPLN,40.54,0.51,2.26,4.3,N/A,N/A,5.67,55.6,Bear,-0.1,-1.69,0.01,2.9,
AVB,191.46,0.56,0.62,26.5,N/A,N/A,2.54,54.1,Bear,-0.55,1.47,0.01,2.8,
AQNB,25.51,0.08,0.04,19.6,N/A,N/A,0.07,50.9,Bull,0.0,0.0,0.3,2.8,
HBANL,25.09,0.28,0.36,50.7,N/A,N/A,0.81,60.7,Bull,0.0,1.83,0.01,2.7,
GBTG,9.43,0.11,0.21,5.0,N/A,N/A,3.95,72.9,Bear,-0.01,0.43,0.03,2.7,
ASB,30.96,-0.32,0.85,5.9,N/A,N/A,4.04,55.9,Bear,-0.1,0.62,0.01,2.7,
LQDT,39.28,-0.13,2.43,1.2,N/A,N/A,4.44,55.9,Bear,-0.09,0.41,0.01,2.7,
GE,360.52,-0.84,5.67,377.2,N/A,N/A,5.05,56.7,Bear,-0.3,-3.41,0.02,2.7,
UCB,35.54,-0.39,1.57,4.3,N/A,N/A,2.77,53.8,Bear,-0.12,1.28,0.01,2.7,
PENN,21.03,-0.21,0.5,2.8,N/A,N/A,5.24,53.1,Bear,-0.05,-1.52,0.01,2.7,
MHO,152.57,0.28,2.48,3.9,N/A,N/A,5.03,57.1,Bear,-0.19,-5.11,0.01,2.6,
CWK,13.5,-1.1,8.09,3.2,N/A,N/A,1.4,52.9,Bull,0.0,0.82,0.0,2.6,
APH,157.54,9.51,0.02,177.0,Technology,Electronic Components,3.06,52.1,Bear,-1.11,-10.65,0.13,2.6,4.53
KVUE,19.26,-2.48,0.68,37.9,N/A,N/A,3.48,54.5,Bear,-0.02,0.78,0.01,2.6,
KMB,110.15,-2.6,1.17,37.5,N/A,N/A,4.16,54.3,Bear,-0.17,0.35,0.03,2.6,
BKD,15.23,-0.91,3.96,3.7,N/A,N/A,5.17,55.4,Bear,-0.01,-5.34,0.0,2.6,
RAMP,37.85,0.26,0.5,2.3,N/A,N/A,3.94,59.4,Bear,-0.09,0.56,0.01,2.6,
AGNC,10.99,-0.68,2.57,12.7,N/A,N/A,2.94,55.0,Bear,-0.04,0.87,0.02,2.6,
TBLA,5.05,0.7,2.64,1.4,N/A,N/A,2.94,49.3,Bear,-0.06,1.0,0.01,2.6,
INDV,40.9,-0.22,1.11,5.1,N/A,N/A,4.64,56.6,Bear,-0.08,-0.32,0.02,2.5,
ED,112.11,0.12,0.02,41.3,N/A,N/A,1.79,54.1,Bear,-0.12,1.34,0.03,2.5,
EWTX,40.28,-0.17,5.09,4.3,N/A,N/A,4.91,51.3,Bear,-0.27,-0.86,0.01,2.5,
AMH,33.83,0.15,1.96,12.2,N/A,N/A,3.09,56.3,Bear,-0.05,0.92,0.0,2.5,
CPT,115.19,0.13,2.84,11.6,N/A,N/A,3.56,58.0,Bear,-0.06,0.62,0.01,2.5,
CMPR,100.04,-0.08,1.98,2.4,N/A,N/A,4.94,54.7,Bear,-0.37,-1.63,0.01,2.5,
CSWC,23.82,0.0,0.55,1.5,N/A,N/A,2.12,55.2,Bear,-0.03,1.03,0.05,2.5,
PSMT,190.49,-0.45,2.33,5.9,N/A,N/A,4.74,55.3,Bear,-0.58,-2.49,0.01,2.5,
LINE,43.41,1.88,0.51,9.7,N/A,N/A,3.46,53.4,Bear,-0.19,0.37,0.04,2.4,
MDLN,40.02,-1.21,7.64,53.2,N/A,N/A,1.71,53.1,Bear,-0.07,1.47,0.01,2.4,
DAL,86.89,-2.78,4.03,58.8,N/A,N/A,4.42,52.9,Bear,-0.18,-7.0,0.02,2.4,
UE,23.17,0.06,0.11,2.9,N/A,N/A,2.03,52.2,Bear,-0.03,1.29,0.0,2.3,
SHC,17.62,-0.79,1.91,5.1,N/A,N/A,3.95,53.8,Bear,-0.11,-0.73,0.04,2.3,
FHN,25.84,-0.7,0.46,12.3,N/A,N/A,2.98,56.4,Bear,-0.02,0.77,0.0,2.3,
DNLI,24.07,0.08,1.81,3.8,N/A,N/A,4.43,52.2,Bear,-0.18,-6.42,0.01,2.3,
SBGI,14.4,1.98,4.05,1.0,N/A,N/A,2.3,54.6,Bear,-0.01,1.05,0.01,2.3,
UAL,119.98,-3.06,2.32,40.2,N/A,N/A,2.7,49.5,Bear,-0.65,-11.77,0.1,2.2,
HGTY,11.91,-2.01,3.97,4.2,N/A,N/A,3.97,53.8,Bear,-0.06,-0.04,0.02,2.2,
PGR,219.15,-0.17,7.14,128.3,N/A,N/A,3.33,54.3,Bear,-0.48,0.36,0.02,2.2,
COO,71.81,-0.35,1.86,14.1,N/A,N/A,3.89,56.7,Bear,-0.2,0.14,0.01,2.2,
KLAR,18.74,0.16,4.99,13.2,N/A,N/A,3.99,51.6,Bear,-0.17,-7.41,0.01,2.1,
VRTX,491.36,0.2,3.98,124.5,N/A,N/A,4.01,57.4,Bear,-1.42,-1.08,0.01,2.1,
TRIN,17.65,-0.28,0.31,1.6,N/A,N/A,3.68,56.6,Bear,-0.04,-0.38,0.03,2.1,
BEN,33.28,-0.15,2.78,17.3,N/A,N/A,3.88,55.0,Bear,-0.07,0.03,0.01,2.1,
CVCO,578.89,-1.73,1.55,4.5,N/A,N/A,2.43,52.0,Bull,0.07,-5.78,0.01,2.1,
HRMY,35.69,-0.21,2.4,2.1,N/A,N/A,3.94,52.6,Bear,-0.09,-1.96,0.01,2.0,
FTDR,73.47,-1.09,1.99,5.2,N/A,N/A,3.72,51.6,Bear,-0.56,-5.31,0.01,2.0,
MIY,12.28,1.38,0.22,1.8,N/A,N/A,1.29,54.7,Bear,-0.02,1.08,0.03,2.0,
OUT,32.89,1.26,3.01,5.7,N/A,N/A,2.94,55.8,Bear,-0.1,0.4,0.01,2.0,
MANE,110.59,-0.85,0.67,4.7,N/A,N/A,3.93,49.3,Bear,-1.05,-10.05,0.01,2.0,
ABX,10.52,-0.61,2.18,1.0,N/A,N/A,3.8,51.3,Bear,-0.1,-1.73,0.01,2.0,
FND,56.16,-1.14,3.62,6.1,N/A,N/A,3.53,53.4,Bear,-0.18,-5.39,0.01,1.9,
PFBC,105.28,0.1,0.37,1.5,N/A,N/A,3.75,54.5,Bear,-0.53,-0.18,0.01,1.9,
OGN,13.53,0.07,0.07,3.6,N/A,N/A,3.7,60.4,Bear,-0.02,-0.07,0.01,1.9,
LMRI,10.89,-0.77,2.21,1.1,N/A,N/A,3.64,50.7,Bear,-0.15,-3.5,0.01,1.9,
LYV,180.97,0.06,1.71,42.6,N/A,N/A,3.72,56.6,Bear,-0.54,-1.17,0.01,1.9,
AGNCL,24.86,-0.4,0.32,28.7,N/A,N/A,0.78,54.6,Bear,-0.0,1.2,0.03,1.8,
FFIV,405.0,0.38,1.1,22.8,N/A,N/A,3.16,50.4,Bear,-2.68,-2.63,0.03,1.8,
WTS,349.82,0.93,2.42,11.6,N/A,N/A,3.52,53.5,Bear,-1.54,-10.63,0.01,1.8,
KMTS,23.66,-0.84,13.26,1.4,N/A,N/A,3.49,51.7,Bear,-0.26,-7.0,0.0,1.8,
OCSL,12.04,0.33,1.6,1.1,N/A,N/A,1.64,53.6,Bear,-0.03,0.84,0.02,1.8,
LIVN,80.53,-1.91,2.88,4.5,N/A,N/A,3.52,52.1,Bear,-0.28,-2.07,0.01,1.8,
MDGL,539.02,0.04,0.25,12.4,N/A,N/A,2.68,52.1,Bear,-1.78,0.39,0.01,1.8,
KBH,57.18,-1.07,1.26,3.5,N/A,N/A,3.14,52.9,Bear,-0.1,-8.64,0.02,1.7,
PRCH,12.61,-0.16,3.45,1.6,N/A,N/A,3.37,47.5,Bear,-0.28,-16.16,0.01,1.7,
CCO,2.41,-0.21,0.21,1.2,N/A,N/A,0.48,53.5,Bull,0.0,-0.21,0.01,1.7,
OZK,51.4,-0.19,0.84,5.8,N/A,N/A,3.07,55.3,Bear,-0.05,-0.38,0.01,1.6,
ARHS,7.75,-2.15,4.17,1.1,N/A,N/A,3.13,51.6,Bear,-0.03,-7.96,0.01,1.6,
ASND,256.1,0.65,1.65,15.8,N/A,N/A,2.95,51.8,Bear,-2.25,-3.98,0.01,1.6,
FBNC,63.74,-0.76,1.8,2.7,N/A,N/A,2.89,53.3,Bear,-0.23,-0.31,0.02,1.6,
FRA,10.8,0.47,0.09,1.6,N/A,N/A,0.4,53.0,Bull,0.0,-0.6,0.05,1.5,
INVH,30.08,0.1,1.97,17.9,N/A,N/A,2.79,55.0,Bear,-0.05,-0.43,0.01,1.5,
CART,45.42,-0.44,1.54,10.7,N/A,N/A,2.53,50.8,Bear,-0.39,-4.08,0.01,1.4,
GBDC,12.97,0.08,0.93,3.4,N/A,N/A,1.24,53.8,Bear,-0.01,0.7,0.01,1.4,
GAB,5.68,0.53,1.43,1.7,N/A,N/A,1.8,56.4,Bear,-0.01,0.35,0.02,1.4,
ROK,468.52,-0.56,2.25,52.4,N/A,N/A,2.38,52.2,Bear,-0.35,-5.37,0.02,1.4,
TOL,152.5,-1.6,2.36,14.5,N/A,N/A,2.62,52.7,Bear,-0.11,-7.27,0.01,1.4,
CINF,179.76,-1.57,0.3,28.0,N/A,N/A,2.61,51.3,Bear,-0.45,-2.91,0.02,1.4,
FNB,19.0,-0.71,0.72,6.8,N/A,N/A,2.62,53.0,Bear,-0.05,-0.45,0.0,1.3,
LLYVK,103.2,0.52,4.02,9.4,N/A,N/A,2.53,54.4,Bear,-0.22,-2.31,0.0,1.3,
SGRY,15.66,0.51,3.37,2.0,N/A,N/A,2.57,50.1,Bear,-0.15,-6.79,0.01,1.3,
FSV,142.91,-0.08,0.9,6.6,N/A,N/A,1.38,51.8,Bear,-0.57,0.56,0.01,1.3,
TTAM,17.4,-1.25,3.08,3.2,N/A,N/A,1.76,51.9,Bear,-0.0,-6.75,0.04,1.2,
OSW,26.44,-4.63,1.87,2.8,N/A,N/A,1.88,49.5,Bear,-0.03,-6.36,0.03,1.2,
CRVL,61.94,0.49,4.98,3.1,N/A,N/A,2.22,53.8,Bear,-0.14,-0.93,0.01,1.2,
MIDD,133.57,-1.13,1.88,6.1,N/A,N/A,2.31,50.7,Bear,-0.54,-4.04,0.0,1.2,
TWO,12.11,0.12,0.12,1.3,N/A,N/A,1.41,58.8,Bear,-0.0,0.39,0.01,1.2,
CMG,33.85,1.01,5.12,43.0,N/A,N/A,1.91,52.8,Bear,-0.18,-0.44,0.02,1.1,
WWD,405.48,-1.23,0.22,24.5,N/A,N/A,1.97,50.3,Bear,-0.13,-4.69,0.01,1.1,
GRC,80.84,-1.93,0.94,2.2,N/A,N/A,1.26,49.0,Bull,0.0,-11.88,0.02,1.1,
KDP,31.06,-0.08,2.83,42.3,N/A,N/A,1.96,52.3,Bear,-0.05,-5.12,0.01,1.1,
HD,339.84,-1.34,2.53,343.5,N/A,N/A,1.79,52.7,Bear,-0.63,-3.64,0.02,1.1,
IRT,16.73,0.24,2.32,3.9,N/A,N/A,1.56,52.9,Bear,-0.02,0.24,0.0,1.1,
MNKD,3.9,-0.13,1.69,1.2,N/A,N/A,1.88,48.2,Bear,-0.04,-8.33,0.02,1.1,
GPGI,14.87,1.99,4.28,4.2,N/A,N/A,1.79,53.8,Bear,-0.08,-6.18,0.01,1.0,
BHF,63.8,0.08,1.14,3.7,N/A,N/A,0.31,48.3,Bear,-0.25,0.79,0.0,1.0,
WEN,7.53,-1.76,1.82,1.5,N/A,N/A,1.73,50.7,Bear,-0.04,-9.11,0.01,1.0,
MGM,45.83,-0.8,0.75,11.8,N/A,N/A,1.63,47.5,Bear,-0.18,-4.14,0.02,1.0,
COLL,35.96,0.17,3.57,1.2,N/A,N/A,1.82,53.4,Bear,-0.06,-0.66,0.01,1.0,
ARGX,875.75,0.4,2.82,54.1,N/A,N/A,1.08,49.1,Bear,-1.32,-5.61,0.04,0.9,
EFC,13.53,-0.12,0.62,1.7,N/A,N/A,1.5,53.1,Bear,-0.01,-0.56,0.02,0.9,
APPS,8.73,3.19,2.82,1.0,N/A,N/A,1.4,46.0,Bear,-0.22,-32.33,0.02,0.9,
WTFC,159.89,-0.74,0.86,10.9,N/A,N/A,1.76,50.7,Bear,-0.64,-0.52,0.01,0.9,
NMAX,8.03,0.75,0.25,1.0,N/A,N/A,1.45,49.2,Bear,-0.07,-3.02,0.02,0.9,
VMC,290.69,0.79,4.63,37.4,N/A,N/A,0.89,52.2,Bear,-0.25,-1.46,0.04,0.8,
RVT,18.17,0.03,0.64,2.0,N/A,N/A,1.0,53.3,Bear,-0.0,-1.65,0.04,0.8,
IDA,148.91,0.19,0.12,8.2,N/A,N/A,1.53,52.2,Bear,-0.39,-1.58,0.01,0.8,
DGII,67.17,0.22,1.47,2.5,N/A,N/A,1.58,49.5,Bear,-0.05,-10.38,0.0,0.8,
SDGR,15.22,-0.46,1.26,1.1,N/A,N/A,1.19,46.8,Bear,-0.15,-6.34,0.01,0.7,
MDB,325.8,4.89,6.83,25.0,N/A,N/A,0.69,50.4,Bear,-1.85,-3.01,0.05,0.7,
GRBK,73.16,-0.64,2.39,3.2,N/A,N/A,1.3,50.5,Bear,-0.15,-8.6,0.01,0.7,
HLMN,8.03,-1.71,0.37,1.6,N/A,N/A,0.91,51.6,Bear,-0.0,-4.86,0.01,0.6,
AEE,112.54,0.03,0.47,31.1,N/A,N/A,1.1,51.6,Bear,-0.1,-0.44,0.01,0.6,
WAFD,36.92,0.61,0.5,2.7,N/A,N/A,0.74,47.6,Bear,-0.21,-3.77,0.01,0.5,
LOAR,70.46,-1.59,0.09,6.7,N/A,N/A,0.9,46.5,Bear,-0.43,-12.59,0.01,0.5,
ALK,46.85,-3.61,5.62,5.4,N/A,N/A,0.8,48.9,Bear,-0.13,-10.24,0.01,0.5,
IHG,160.68,-0.93,3.3,24.6,N/A,N/A,0.72,49.1,Bear,-0.1,-7.19,0.02,0.5,
AEP,133.43,0.31,0.27,72.4,N/A,N/A,0.63,50.1,Bear,-0.21,-2.47,0.01,0.4,
DX,12.88,-0.23,0.24,3.2,N/A,N/A,0.48,50.5,Bear,-0.03,-0.98,0.02,0.4,
BNTX,92.58,0.14,0.82,23.2,N/A,N/A,0.15,52.5,Bull,0.0,-0.51,0.03,0.4,
BBWI,20.16,-1.66,0.5,4.1,N/A,N/A,0.31,48.4,Bear,-0.1,-12.84,0.02,0.3,
YOU,54.3,0.85,3.82,7.2,N/A,N/A,0.42,50.0,Bear,-0.14,-2.57,0.01,0.3,
SLAB,217.6,0.16,0.2,7.2,N/A,N/A,0.37,48.3,Bear,-0.08,-0.44,0.0,0.2,
ANIP,81.04,0.0,4.42,1.8,N/A,N/A,0.39,51.1,Bear,-0.08,-2.1,0.0,0.2,
WEC,114.15,0.48,0.61,37.0,N/A,N/A,0.0,49.3,Bear,-0.13,-2.24,0.02,0.2,
GNTX,24.09,0.17,0.75,5.1,N/A,N/A,0.23,50.0,Bear,-0.03,-4.19,0.01,0.2,
OMAB,106.62,-1.52,1.21,5.2,N/A,N/A,0.02,50.2,Bear,-0.15,-5.72,0.01,0.1,
MCRI,122.3,-0.4,3.41,2.2,N/A,N/A,0.18,46.4,Bear,-0.39,-7.07,0.0,0.1,
ACEL,12.34,-0.08,3.35,1.0,N/A,N/A,0.07,48.9,Bear,-0.01,-2.14,0.01,0.1,