Ticker,Price,Day%,Week%,MCap($B),Sector,Industry,Above EMA%,RSI,MACD,MACD Hist,ROC20%,Vol Ratio,Momentum,Rating
LIFE,27.65,21.11,47.07,1.7,N/A,N/A,44.81,79.2,Bull,0.69,42.16,6.02,100.0,
ZBRA,368.83,26.47,29.69,17.6,N/A,N/A,40.34,85.2,Bull,7.24,39.37,3.19,100.0,
GENVR,2.68,21.82,75.16,1.6,N/A,N/A,80.09,66.6,Bull,0.11,71.79,2.94,99.5,
INVX,31.63,11.77,23.46,2.2,Energy,Oil & Gas Equipment & Services,18.83,76.4,Bull,0.52,31.52,3.38,99.4,4.4
UFPT,334.84,25.16,29.75,2.6,N/A,N/A,36.55,80.6,Bull,6.2,26.78,2.82,95.3,
BLZE,19.79,26.94,63.96,1.2,Technology,Software - Infrastructure,63.64,73.1,Bull,0.27,24.94,4.46,94.9,4.43
TSAT,54.75,36.26,48.01,2.0,N/A,N/A,28.24,70.1,Bull,1.43,24.6,5.0,94.6,
W,116.08,29.97,22.78,15.3,N/A,N/A,35.44,72.3,Bull,1.3,24.48,3.78,94.5,
WIX,66.78,17.49,14.06,3.7,N/A,N/A,21.99,69.0,Bull,1.19,32.61,2.28,94.0,
BVC,11.67,11.57,9.68,2.0,N/A,N/A,10.92,57.1,Bull,0.05,37.13,3.14,92.6,
KC,13.08,9.92,29.38,3.9,Technology,Software - Application,18.27,71.8,Bull,0.39,38.56,2.09,91.5,4.79
HLMN,9.51,14.44,16.4,1.9,Industrials,Tools & Accessories,18.41,74.3,Bull,0.09,22.24,3.68,91.4,4.14
PLTR,162.66,29.45,31.68,389.9,Technology,Software - Infrastructure,24.06,72.8,Bull,2.06,21.05,4.14,91.1,4.12
LBRX,45.0,5.04,28.79,1.3,Healthcare,Biotechnology,35.28,79.5,Bull,1.06,31.23,1.58,88.2,4.88
AYA,22.9,12.59,18.04,3.3,Basic Materials,Silver,18.47,63.2,Bull,0.21,21.94,2.56,87.5,
PLPC,423.6,18.27,42.57,2.1,Industrials,Electrical Equipment & Parts,21.71,66.7,Bull,9.69,29.82,1.3,85.6,5.0
AEHR,109.89,19.82,56.99,3.6,Technology,Semiconductor Equipment & Materials,28.71,62.3,Bull,2.85,64.16,1.02,83.5,
HURN,152.78,1.88,25.88,2.4,Industrials,Consulting Services,28.75,67.6,Bull,4.38,44.23,1.01,83.4,4.8
ORIC,13.47,27.08,13.1,1.4,Healthcare,Biotechnology,29.27,68.4,Bull,0.05,23.81,2.88,82.0,4.73
GEF,89.34,3.04,7.17,4.1,Consumer Cyclical,Packaging & Containers,19.49,82.4,Bull,1.01,21.62,1.86,81.9,3.17
AMLX,21.87,8.43,11.87,2.4,Healthcare,Drug Manufacturers - Specialty & Generic,25.13,71.9,Bull,0.24,20.36,1.88,81.0,4.82
LASR,77.18,10.08,21.93,4.4,Technology,Semiconductors,12.81,59.1,Bull,0.54,30.79,1.13,80.8,
PRLB,88.4,10.16,18.06,2.1,Industrials,Metal Fabrication,16.51,68.6,Bull,0.66,18.88,2.03,79.0,4.4
PI,167.63,3.83,26.01,5.1,Technology,Semiconductors,20.7,71.8,Bull,3.13,21.35,1.43,78.3,4.25
TPG,48.98,5.74,11.93,18.8,Financial Services,Asset Management,14.38,72.0,Bull,0.49,15.46,2.38,77.5,4.12
AEIS,341.39,15.19,24.86,13.7,Industrials,Electrical Equipment & Parts,8.31,58.9,Bull,4.12,18.65,2.27,76.7,4.5
INTA,35.96,9.69,13.53,2.5,Technology,Software - Application,31.45,76.2,Bull,0.52,32.33,0.17,76.4,
PAY,43.05,-3.48,17.3,5.6,Technology,Software - Infrastructure,48.49,77.9,Bull,1.13,53.64,0.12,76.0,4.14
SHOP,150.19,21.81,16.27,159.8,Technology,Software - Application,25.49,70.4,Bull,1.3,25.98,0.6,76.0,4.29
GENI,8.35,3.28,14.16,2.1,Communication Services,Internet Content & Information,29.9,73.5,Bull,0.13,31.0,0.09,75.8,4.7
ATKR,93.55,0.02,30.97,3.2,Industrials,Electrical Equipment & Parts,22.26,72.6,Bull,2.48,35.74,0.09,75.7,3.0
SAFT,103.36,0.1,0.25,1.5,Financial Services,Insurance - Property & Casualty,25.36,85.6,Bull,1.77,33.57,0.04,75.4,
HLNE,104.92,3.26,18.3,5.6,Financial Services,Asset Management,20.97,79.7,Bull,2.06,32.88,0.05,75.4,4.43
MKTX,162.37,0.01,29.14,5.8,Financial Services,Capital Markets,24.27,84.8,Bull,5.78,38.61,0.03,75.3,3.08
IMAX,51.12,-0.28,5.05,2.8,Communication Services,Entertainment,21.34,75.8,Bull,1.04,32.77,0.03,75.3,4.45
EFOR,30.74,0.05,31.29,1.3,Technology,Information Technology Services,36.5,81.2,Bull,1.29,73.06,0.03,75.3,3.29
CBZ,54.97,-0.19,0.14,3.0,Industrials,Specialty Business Services,36.21,83.7,Bull,1.05,49.02,0.03,75.2,4.0
GCT,46.45,-0.02,11.69,1.7,Technology,Software - Infrastructure,21.67,78.9,Bull,0.93,37.67,0.02,75.2,4.0
UMAC,26.78,0.41,55.16,1.3,Technology,Computer Hardware,30.26,64.4,Bull,0.94,29.87,0.04,75.2,
IT,189.04,1.75,14.12,12.4,Technology,Information Technology Services,27.71,72.3,Bull,5.07,40.36,0.03,75.2,3.2
TEAM,112.47,1.96,7.85,28.0,Technology,Software - Application,22.91,66.2,Bull,2.08,31.59,0.02,75.2,4.47
CDNA,46.93,-0.34,32.53,2.4,Healthcare,Diagnostics & Research,46.81,78.1,Bull,0.87,70.34,0.02,75.2,4.14
TRAX,46.21,0.44,10.37,1.6,Healthcare,Biotechnology,51.82,73.1,Bull,0.28,122.5,0.01,75.1,4.62
FBRX,76.58,0.03,0.07,1.6,Healthcare,Biotechnology,73.68,84.7,Bull,1.04,272.11,0.01,75.1,3.4
RNG,61.16,0.81,6.22,5.1,Technology,Software - Application,36.53,74.7,Bull,1.65,54.95,0.01,75.1,3.53
LIND,34.2,0.32,14.96,2.2,Consumer Cyclical,Travel Services,29.03,80.0,Bull,0.57,33.59,0.01,75.1,4.6
CAKE,106.7,0.82,5.5,5.3,Consumer Cyclical,Restaurants,29.93,86.7,Bull,1.75,39.24,0.01,75.1,3.32
BLKB,45.6,0.22,8.11,2.1,Technology,Software - Application,33.56,77.8,Bull,1.36,59.27,0.01,75.1,3.8
ITGR,124.97,-0.06,25.2,4.2,Healthcare,Medical Devices,27.29,84.9,Bull,3.08,37.1,0.01,75.1,3.4
PLSE,37.74,-1.11,10.2,2.6,Healthcare,Medical Instruments & Supplies,29.62,71.4,Bull,0.67,34.28,0.01,75.1,5.0
UTZ,14.15,0.25,0.6,2.0,Consumer Defensive,Packaged Foods,40.9,85.8,Bull,0.14,79.73,0.01,75.1,3.1
ENOV,30.88,0.06,2.05,1.8,Healthcare,Medical Devices,19.39,65.4,Bull,0.28,30.68,0.03,75.0,4.69
CNMD,49.85,-1.08,15.38,1.5,Healthcare,Medical Devices,23.4,68.0,Bull,0.66,48.42,0.0,75.0,2.86
CRCT,5.49,11.13,14.61,1.0,Technology,Computer Hardware,22.74,75.9,Bull,0.07,28.27,0.21,75.0,
ARXS,58.01,-0.08,36.58,24.2,Industrials,Aerospace & Defense,31.21,75.0,Bull,1.68,34.55,0.01,75.0,4.73
MSFT,495.7,0.59,26.93,3659.4,Technology,Software - Infrastructure,21.16,79.5,Bull,12.49,29.31,0.05,74.7,4.64
ANF,112.32,1.92,9.59,4.9,Consumer Cyclical,Apparel Retail,20.53,71.2,Bull,1.36,29.28,0.03,74.6,3.93
IESC,760.36,4.88,39.9,15.1,Industrials,Engineering & Construction,16.89,60.8,Bull,17.06,24.76,0.72,74.2,
ROCK,53.0,10.28,22.97,1.4,Industrials,Building Products & Equipment,23.06,72.6,Bull,0.56,28.45,0.07,74.0,
BHC,6.32,-1.84,35.08,2.4,Healthcare,Drug Manufacturers - Specialty & Generic,21.12,66.1,Bull,0.24,28.75,0.02,73.9,3.0
PCTY,147.79,3.12,2.07,7.7,Technology,Software - Application,21.67,72.0,Bull,1.49,28.28,0.05,73.7,4.53
LIF,63.97,13.6,12.86,5.2,Technology,Software - Application,23.95,68.2,Bull,0.53,13.64,1.8,73.6,
TNET,70.48,1.7,0.36,3.2,Industrials,Staffing & Employment Services,25.68,69.3,Bull,0.39,28.15,0.04,73.5,3.43
INSP,63.21,-1.45,23.77,1.9,Healthcare,Medical Devices,26.85,74.1,Bull,1.01,28.22,0.02,73.4,3.29
PAYC,177.5,1.25,5.08,8.3,Technology,Software - Application,22.42,72.3,Bull,2.67,28.16,0.03,73.4,3.6
HUBS,254.94,2.43,1.52,12.7,Technology,Software - Application,18.29,64.2,Bull,3.26,28.87,0.04,73.3,4.12
QLYS,195.75,21.54,44.86,5.7,Technology,Software - Infrastructure,45.1,78.5,Bull,2.66,27.49,0.09,73.2,3.32
CTSH,56.83,1.24,1.53,25.3,Technology,Information Technology Services,16.07,71.7,Bull,1.42,33.93,0.01,73.1,3.83
FSLY,25.11,0.64,21.36,3.9,Technology,Software - Application,22.9,74.6,Bull,0.48,27.2,0.06,72.7,3.67
WEX,190.47,0.68,1.09,6.4,Technology,Software - Infrastructure,18.54,76.0,Bull,1.53,28.09,0.01,72.4,3.64
BETA,21.64,-1.41,27.59,5.1,Industrials,Aerospace & Defense,21.12,66.3,Bull,0.32,27.22,0.03,72.4,4.75
FIG,27.48,1.33,10.99,14.3,Technology,Software - Application,23.15,67.6,Bull,0.43,26.81,0.07,72.4,3.71
PCOR,56.12,0.39,11.88,8.5,Technology,Software - Application,18.48,74.2,Bull,1.35,27.98,0.02,72.4,4.3
BAX,27.93,-1.48,12.76,14.7,Healthcare,Medical Instruments & Supplies,24.87,73.6,Bull,0.51,27.07,0.02,72.2,3.21
BELFB,300.64,9.39,19.79,3.8,Technology,Electronic Components,9.74,59.0,Bull,2.24,19.55,1.51,72.0,4.78
TDW,84.19,17.78,12.72,4.2,Energy,Oil & Gas Equipment & Services,12.56,65.6,Bull,0.3,18.33,2.7,72.0,3.25
EPAM,111.3,-0.68,4.13,5.9,Technology,Information Technology Services,14.83,71.6,Bull,2.55,29.43,0.01,71.9,4.0
BOBS,18.5,-0.11,9.79,2.4,Consumer Cyclical,Specialty Retail,20.99,68.3,Bull,0.2,26.71,0.03,71.9,4.38
GRMN,308.64,0.42,4.69,59.3,Technology,Scientific & Technical Instruments,21.65,80.8,Bull,6.67,26.74,0.02,71.9,3.25
EAT,221.74,1.6,7.78,9.4,Consumer Cyclical,Restaurants,23.3,73.2,Bull,2.2,26.74,0.01,71.8,4.32
CLF,12.45,1.14,9.4,7.0,Basic Materials,Steel,13.43,63.6,Bull,0.26,30.91,0.01,71.8,3.08
OWL,11.69,1.08,22.46,18.0,Financial Services,Asset Management,20.29,77.4,Bull,0.25,26.57,0.03,71.8,4.0
TOST,35.83,5.96,9.89,19.6,Technology,Software - Infrastructure,23.03,76.5,Bull,0.35,25.39,0.16,71.7,4.2
CNK,37.97,-0.26,8.83,4.4,Communication Services,Entertainment,18.05,78.7,Bull,0.65,27.63,0.01,71.7,4.09
PGY,21.61,-1.41,33.48,1.8,Technology,Software - Infrastructure,27.74,68.5,Bull,0.49,26.23,0.03,71.5,4.8
CSW,344.13,-1.48,26.36,5.7,Industrials,Specialty Industrial Machinery,18.83,68.1,Bull,6.62,26.92,0.01,71.4,3.57
ITRI,106.32,0.03,3.9,4.7,Technology,Scientific & Technical Instruments,19.57,72.7,Bull,1.92,26.5,0.01,71.3,4.23
CRSR,11.22,-1.32,9.2,1.2,Technology,Computer Hardware,19.09,63.8,Bull,0.09,26.64,0.02,71.3,3.78
TX,50.34,1.21,2.05,9.9,Basic Materials,Steel,9.49,69.8,Bull,0.53,17.75,1.63,71.1,4.0
PRGO,13.06,21.2,25.26,1.5,Healthcare,Drug Manufacturers - Specialty & Generic,22.87,74.8,Bull,0.2,24.19,0.18,70.7,3.6
KSS,20.22,0.6,6.09,2.3,Consumer Cyclical,Department Stores,16.31,66.1,Bull,0.17,27.25,0.01,70.5,
WDAY,172.56,0.75,2.71,42.3,Technology,Software - Application,21.71,67.6,Bull,2.73,25.15,0.01,70.3,3.93
BILL,49.3,1.5,3.99,4.8,Technology,Software - Application,19.46,69.1,Bull,0.27,25.45,0.01,70.3,4.14
AAOI,131.63,19.44,49.34,10.6,Technology,Communication Equipment,3.47,55.9,Bull,3.76,15.05,2.21,70.2,3.67
SAP,198.65,1.62,6.81,240.2,Technology,Software - Application,17.33,71.9,Bull,4.42,26.19,0.04,70.2,4.44
IQ,1.35,1.13,9.35,1.3,Communication Services,Entertainment,13.63,69.8,Bull,0.01,28.1,0.01,70.0,3.7
OII,50.43,3.51,5.08,5.0,Energy,Oil & Gas Equipment & Services,18.48,66.5,Bull,0.2,26.45,0.75,70.0,2.75
NEOG,11.64,-1.43,23.84,2.6,Healthcare,Medical Devices,18.06,68.6,Bull,0.22,25.71,0.02,69.9,3.75
EXPE,324.23,3.9,6.56,37.5,Consumer Cyclical,Travel Services,22.49,75.6,Bull,4.03,24.56,0.04,69.9,3.87
QTWO,64.51,0.84,6.78,4.0,Technology,Software - Application,21.59,75.1,Bull,0.71,24.86,0.01,69.9,4.42
WHD,67.22,0.01,28.48,5.4,Energy,Oil & Gas Equipment & Services,19.25,72.8,Bull,1.57,25.11,0.02,69.9,4.0
NOVTU,66.82,6.32,12.39,2.5,Technology,Scientific & Technical Instruments,6.7,62.9,Bull,0.49,6.59,3.43,69.9,
HMY,18.29,8.35,17.77,10.7,Basic Materials,Gold,14.37,68.3,Bull,0.3,26.75,0.1,69.7,3.67
ANDG,49.08,1.0,6.41,5.5,Consumer Cyclical,Personal Services,19.75,69.7,Bull,0.35,24.56,0.01,69.5,
MHK,134.64,-1.43,18.75,9.3,Consumer Cyclical,"Furnishings, Fixtures & Appliances",18.03,70.7,Bull,2.56,25.23,0.03,69.5,3.53
APPS,12.67,33.22,56.03,1.2,Technology,Software - Application,44.68,70.2,Bull,0.25,20.66,0.46,69.5,
COTY,2.88,-1.03,5.49,2.6,Consumer Defensive,Household & Personal Products,19.33,70.1,Bull,0.01,34.58,0.01,69.4,2.94
ASAN,8.85,1.08,4.05,2.0,Technology,Software - Application,18.31,65.1,Bull,0.14,25.07,0.02,69.4,3.33
SMCI,31.69,10.65,11.39,19.1,Technology,Computer Hardware,5.98,56.9,Bull,0.55,20.72,1.28,69.4,3.16
PGEN,6.77,3.68,24.22,2.3,Healthcare,Biotechnology,29.16,74.0,Bull,0.13,21.76,0.3,69.3,4.0
BDC,127.43,3.83,21.44,5.0,Technology,Communication Equipment,13.97,68.8,Bull,3.0,18.64,1.02,69.2,5.0
SPSC,73.58,-0.9,6.02,2.7,Technology,Software - Application,18.26,66.7,Bull,0.94,24.52,0.05,69.1,3.25
HNI,47.85,-1.21,11.86,3.5,Consumer Cyclical,"Furnishings, Fixtures & Appliances",20.24,73.8,Bull,0.47,23.85,0.01,68.9,5.0
PATH,14.14,0.28,12.31,7.3,Technology,Software - Infrastructure,21.36,71.4,Bull,0.25,23.82,0.01,68.9,3.2
FIVN,29.95,0.54,10.25,2.3,Technology,Software - Infrastructure,24.98,71.6,Bull,0.44,23.76,0.02,68.9,4.19
GLOB,38.56,1.13,1.07,1.6,Technology,Information Technology Services,9.59,65.0,Bull,0.85,28.96,0.01,68.8,3.78
FRPT,67.27,7.84,8.61,3.1,Consumer Defensive,Packaged Foods,16.71,71.2,Bull,0.65,24.0,0.15,68.6,4.47
TRI,109.98,0.76,3.42,47.6,Industrials,Specialty Business Services,19.47,66.7,Bull,1.31,23.73,0.01,68.6,4.17
ADEA,31.17,12.14,23.92,3.4,Technology,Software - Application,10.74,61.0,Bull,0.44,9.77,2.21,68.6,
ARLO,15.94,0.06,9.86,1.7,Industrials,Building Products & Equipment,17.11,75.6,Bull,0.29,24.53,0.04,68.4,4.71
LNC,47.36,0.77,14.31,9.0,Financial Services,Insurance - Life,18.79,74.7,Bull,0.45,23.72,0.01,68.2,3.46
GPN,90.46,2.51,2.49,24.1,Industrials,Specialty Business Services,17.32,68.2,Bull,0.51,23.91,0.06,68.0,3.62
U,36.05,2.36,12.52,15.4,Technology,Software - Application,21.45,70.4,Bull,0.52,22.37,0.05,67.8,4.15
WSM,248.88,3.79,5.31,29.3,Consumer Cyclical,Specialty Retail,13.0,68.5,Bull,1.52,12.23,1.68,67.8,3.78
BVS,14.63,9.02,11.51,1.1,Healthcare,Medical Devices,29.74,76.8,Bull,0.13,20.81,0.24,67.8,
SNOW,320.0,1.02,13.11,109.8,Technology,Software - Application,26.3,78.0,Bull,3.45,22.46,0.04,67.8,4.51
ARES,145.97,2.14,17.15,47.1,Financial Services,Asset Management,17.36,74.5,Bull,2.4,23.7,0.02,67.6,4.0
SSNC,81.52,0.57,4.1,19.0,Technology,Software - Application,15.54,75.9,Bull,1.06,24.61,0.01,67.5,4.3
ERO,30.14,3.93,19.22,3.0,Basic Materials,Copper,11.51,65.2,Bull,0.52,26.43,0.04,67.5,4.06
SHOO,48.97,0.23,12.83,3.6,Consumer Cyclical,Footwear & Accessories,13.82,68.2,Bull,0.64,25.5,0.01,67.5,4.0
AGM,241.82,0.03,13.17,2.6,Financial Services,Credit Services,20.56,85.9,Bull,3.08,22.21,0.01,67.3,4.5
CGAU,19.37,6.72,13.74,3.6,Basic Materials,Gold,15.65,67.0,Bull,0.33,24.01,0.04,67.2,3.75
MMED,18.55,-2.31,0.82,5.3,Healthcare,Medical Instruments & Supplies,17.13,66.8,Bull,0.13,23.51,0.01,67.1,4.75
PICS,13.12,2.5,5.81,1.7,Technology,Software - Infrastructure,12.05,62.7,Bull,0.09,15.09,1.31,67.0,4.78
DOCU,58.39,1.48,0.38,11.0,Technology,Software - Application,16.56,66.1,Bull,0.56,23.66,0.01,67.0,3.27
CXM,6.68,0.15,3.57,1.6,Technology,Software - Application,16.66,71.5,Bull,0.08,23.25,0.01,66.7,
TER,403.56,10.32,25.86,63.1,Technology,Semiconductor Equipment & Materials,9.53,58.1,Bull,6.16,17.62,1.1,66.6,4.41
TNDM,19.1,-5.42,2.77,1.4,Healthcare,Medical Devices,10.35,61.0,Bull,0.29,26.02,0.03,66.5,3.96
SNAP,5.72,-1.21,20.93,9.6,Communication Services,Internet Content & Information,15.46,71.8,Bull,0.15,23.54,0.02,66.5,3.3
MORN,203.62,1.68,2.5,7.5,Financial Services,Financial Data & Stock Exchanges,15.34,71.3,Bull,3.02,23.76,0.01,66.5,4.33
VIA,21.75,-0.73,5.22,1.8,Technology,Software - Application,20.82,69.1,Bull,0.25,21.37,0.01,66.4,4.6
ESTC,72.83,2.49,13.02,7.4,Technology,Software - Application,20.1,75.4,Bull,1.17,21.22,0.02,66.4,4.0
JXN,133.99,0.28,11.23,9.0,Financial Services,Insurance - Life,15.3,72.4,Bull,0.84,23.64,0.02,66.4,3.75
AZTA,30.07,-0.2,6.33,1.4,Healthcare,Medical Instruments & Supplies,16.71,68.6,Bull,0.17,22.68,0.03,66.3,
SHAK,68.26,3.08,8.26,2.8,Consumer Cyclical,Restaurants,8.83,70.9,Bull,1.12,25.8,0.13,66.3,4.0
REAL,12.95,1.81,10.78,1.5,Consumer Cyclical,Luxury Goods,14.15,67.2,Bull,0.14,23.69,0.04,66.1,4.56
NUE,278.12,1.49,8.63,62.4,Basic Materials,Steel,15.47,73.2,Bull,3.89,22.69,0.08,66.1,4.47
HRI,171.43,0.37,19.86,5.7,Industrials,Rental & Leasing Services,16.77,65.6,Bull,1.69,22.4,0.02,66.0,4.09
CHYM,25.37,1.68,13.16,9.5,Technology,Software - Application,20.81,74.9,Bull,0.27,20.92,0.01,66.0,4.48
BKNG,210.82,8.52,4.73,150.5,Consumer Cyclical,Travel Services,16.78,71.2,Bull,1.88,20.96,0.17,65.8,4.45
DAO,16.92,1.2,7.98,2.0,N/A,N/A,23.01,69.6,Bull,0.09,20.17,0.05,65.6,
SCL,64.03,0.98,10.38,1.5,N/A,N/A,12.41,68.0,Bull,0.49,13.31,1.31,65.5,
TWST,106.5,7.09,24.61,6.2,N/A,N/A,24.48,65.9,Bull,0.83,19.15,0.16,65.5,
DLB,61.44,0.36,16.94,5.7,N/A,N/A,14.36,77.2,Bull,1.47,23.18,0.01,65.4,
MAAS,19.56,0.26,6.54,8.6,N/A,N/A,26.33,58.8,Bull,0.07,39.42,0.03,65.4,
VYX,9.57,7.83,10.57,1.2,N/A,N/A,20.55,70.4,Bull,0.1,19.84,0.03,65.1,
FIVE,225.41,1.4,7.6,12.3,N/A,N/A,10.35,74.2,Bull,2.61,24.71,0.01,65.0,
ELVN,60.94,-0.28,15.05,3.7,N/A,N/A,23.21,74.2,Bull,0.54,19.96,0.01,65.0,
CORT,111.32,1.38,19.76,11.9,N/A,N/A,28.0,66.2,Bull,1.37,19.77,0.03,65.0,
TGB,8.0,2.17,19.23,2.9,N/A,N/A,12.24,60.0,Bull,0.07,23.65,0.02,64.9,
HAWK,24.1,-0.82,26.84,2.4,N/A,N/A,4.53,60.9,Bull,0.83,27.45,0.02,64.8,
DT,52.22,14.23,18.99,13.3,Technology,Software - Application,21.61,76.9,Bull,0.58,19.1,0.09,64.8,4.3
S,21.25,1.29,14.74,7.2,N/A,N/A,19.97,71.2,Bull,0.19,19.31,0.02,64.5,
NEU,889.04,4.06,13.55,8.2,N/A,N/A,14.33,73.7,Bull,11.85,11.73,1.24,64.2,
IDCC,324.88,0.53,24.41,8.3,N/A,N/A,15.43,77.6,Bull,7.69,21.33,0.01,64.1,
AAMI,92.82,0.98,14.83,3.3,N/A,N/A,18.11,72.6,Bull,0.91,19.94,0.01,64.1,
LFUS,466.46,4.78,18.98,11.8,N/A,N/A,8.91,64.8,Bull,7.61,15.36,1.1,64.0,
ALLE,164.51,-0.51,3.81,14.1,N/A,N/A,14.14,74.4,Bull,1.6,21.87,0.01,64.0,
YSWY,22.18,5.57,11.96,1.4,N/A,N/A,5.14,61.0,Bull,0.29,10.96,1.83,63.8,
HBM,25.63,3.47,16.61,11.0,N/A,N/A,8.4,62.3,Bull,0.51,24.48,0.02,63.8,
IE,10.51,8.35,15.75,1.7,N/A,N/A,2.87,60.4,Bull,0.25,14.99,1.49,63.8,
EVTC,33.67,3.46,5.74,2.0,N/A,N/A,16.92,69.7,Bull,0.16,20.94,0.03,63.7,
ANET,213.68,12.16,35.26,239.9,N/A,N/A,25.65,71.7,Bull,3.06,18.02,0.08,63.7,
WK,62.5,2.04,1.71,3.4,N/A,N/A,15.18,67.0,Bull,0.61,20.26,0.09,63.6,
NWL,6.03,-1.71,16.09,2.6,N/A,N/A,18.64,62.7,Bull,0.08,19.07,0.02,63.5,
WT,22.38,-0.04,22.7,3.4,N/A,N/A,17.41,69.1,Bull,0.24,19.68,0.01,63.5,
BFLY,8.68,-1.48,22.25,2.3,N/A,N/A,27.0,61.7,Bull,0.14,18.26,0.01,63.4,
EYE,23.44,1.38,6.79,1.9,N/A,N/A,15.15,75.2,Bull,0.24,20.76,0.01,63.4,
NSIT,134.24,-2.2,5.35,4.1,N/A,N/A,17.59,70.4,Bull,1.36,19.29,0.02,63.3,
MMSI,85.16,-0.77,5.35,5.1,N/A,N/A,16.04,76.1,Bull,0.93,19.85,0.02,63.0,
MYE,36.24,-1.09,10.19,1.4,N/A,N/A,21.52,72.0,Bull,0.37,17.97,0.01,63.0,
DBX,34.33,-0.52,3.0,8.1,N/A,N/A,17.5,71.2,Bull,0.36,19.07,0.01,62.9,
YOU,65.36,17.28,11.94,7.4,Technology,Software - Application,19.15,70.5,Bull,0.76,17.81,0.06,62.9,3.6
SAIL,17.92,2.96,12.74,9.9,N/A,N/A,18.09,69.5,Bull,0.28,18.56,0.02,62.7,
DPZ,367.67,0.01,2.13,12.2,N/A,N/A,11.94,69.7,Bull,3.88,21.6,0.01,62.7,
AWI,184.14,0.5,5.54,7.7,N/A,N/A,12.47,73.4,Bull,2.59,21.2,0.02,62.6,
OLLI,77.4,0.4,8.46,4.7,N/A,N/A,4.68,65.8,Bull,1.66,25.09,0.01,62.5,
STGW,8.99,-0.22,11.26,2.2,N/A,N/A,20.89,76.1,Bull,0.14,17.21,0.02,62.4,
APAM,43.08,0.89,6.8,3.5,N/A,N/A,12.96,72.1,Bull,0.34,20.47,0.03,62.2,
BFH,113.29,0.75,5.89,4.3,N/A,N/A,12.94,70.7,Bull,0.93,20.74,0.0,62.2,
OUST,47.84,12.62,41.08,3.2,Technology,Electronic Components,22.07,59.3,Bull,0.89,8.58,1.02,62.1,4.71
PBT,32.09,-0.99,10.29,1.5,N/A,N/A,16.43,70.2,Bull,0.36,18.54,0.04,62.1,
GTM,3.62,0.0,3.43,1.1,N/A,N/A,5.64,64.3,Bull,0.08,23.97,0.01,61.9,
ELF,88.63,0.9,9.56,5.2,N/A,N/A,21.04,70.5,Bull,0.4,19.53,0.05,61.9,
ZETA,24.73,1.94,12.0,6.0,N/A,N/A,18.99,68.0,Bull,0.34,14.17,0.39,61.9,
SEPN,38.98,11.44,14.75,1.8,N/A,N/A,17.98,65.2,Bull,0.31,8.79,1.09,61.9,
ATLC,111.17,0.77,6.76,1.7,N/A,N/A,15.64,67.7,Bull,0.88,18.96,0.01,61.8,
SKYW,115.0,0.07,4.87,4.5,N/A,N/A,16.19,69.0,Bull,1.04,18.65,0.0,61.8,
NTSK,13.92,0.87,16.39,5.6,N/A,N/A,18.55,65.6,Bull,0.08,16.78,0.08,61.7,
SBH,16.93,2.23,9.94,1.6,N/A,N/A,16.34,72.0,Bull,0.15,18.31,0.03,61.7,
KWR,174.82,0.9,17.49,3.0,N/A,N/A,15.28,72.2,Bull,2.43,18.9,0.01,61.6,
GLBE,42.38,2.05,5.27,7.0,N/A,N/A,17.31,69.9,Bull,0.34,17.79,0.01,61.5,
KMT,39.61,9.84,18.06,2.7,N/A,N/A,12.96,70.3,Bull,0.41,19.63,0.04,61.5,
AMTB,29.81,0.47,1.12,1.2,N/A,N/A,14.5,71.3,Bull,0.17,19.19,0.0,61.5,
FORM,120.3,10.57,36.35,9.4,N/A,N/A,2.02,53.9,Bull,1.76,13.44,1.44,61.5,
MNDY,95.0,1.28,5.26,4.4,N/A,N/A,17.96,67.2,Bull,1.58,17.26,0.02,61.4,
BIO,340.65,2.33,4.09,8.9,N/A,N/A,12.26,73.0,Bull,2.45,20.01,0.03,61.4,
LDOS,129.49,-0.85,13.22,16.4,N/A,N/A,10.19,71.3,Bull,2.56,20.82,0.02,61.1,
SWK,101.82,-0.56,9.43,15.5,N/A,N/A,15.3,70.0,Bull,1.0,18.2,0.02,61.0,
ULTA,548.32,0.82,7.92,23.4,N/A,N/A,10.77,75.3,Bull,7.48,20.48,0.01,61.0,
DJT,10.16,-1.74,3.15,2.9,N/A,N/A,11.72,60.2,Bull,0.06,19.67,0.05,61.0,
GTLB,36.91,1.18,8.46,6.2,N/A,N/A,18.87,67.8,Bull,0.31,16.29,0.02,60.9,
BX,139.81,1.9,9.15,101.9,N/A,N/A,13.12,69.6,Bull,1.19,19.07,0.03,60.9,
BABA,130.44,1.12,13.4,301.0,N/A,N/A,11.32,72.4,Bull,1.84,19.69,0.07,60.9,
CG,51.46,1.61,15.11,18.2,N/A,N/A,12.28,71.5,Bull,0.66,19.47,0.03,60.8,
LPLA,358.9,1.32,6.25,27.9,N/A,N/A,12.86,71.4,Bull,2.18,19.31,0.01,60.8,
HPE,52.19,-0.38,17.44,69.4,N/A,N/A,16.71,62.9,Bull,0.48,16.83,0.07,60.8,
IVZ,32.25,0.78,14.89,14.2,N/A,N/A,12.7,67.0,Bull,0.2,19.31,0.01,60.8,
UAN,126.09,0.41,3.54,1.3,N/A,N/A,5.43,62.1,Bull,0.67,9.71,1.59,60.7,
LZ,8.45,0.6,0.36,1.4,N/A,N/A,19.04,66.8,Bull,0.05,16.07,0.01,60.7,
MLI,68.04,-0.45,4.04,15.1,N/A,N/A,7.06,65.8,Bull,0.9,22.07,0.01,60.7,
MBIN,55.71,0.2,2.63,2.6,N/A,N/A,12.29,72.0,Bull,0.77,19.4,0.01,60.6,
WTW,341.79,0.64,8.19,31.5,N/A,N/A,17.34,80.0,Bull,3.96,16.82,0.01,60.6,
FCX,69.0,2.53,15.02,96.7,N/A,N/A,9.61,63.7,Bull,0.85,20.29,0.03,60.4,
REGN,779.9,2.53,12.15,78.3,N/A,N/A,14.72,79.4,Bull,10.91,17.65,0.03,60.2,
FRSH,11.9,-1.12,2.54,3.3,N/A,N/A,15.99,64.9,Bull,0.1,17.06,0.02,60.2,
GIC,38.59,3.21,7.25,1.4,N/A,N/A,14.06,76.0,Bull,0.25,18.05,0.02,60.2,
JD,32.97,0.0,2.39,45.0,N/A,N/A,10.98,78.4,Bull,0.27,19.33,0.04,60.1,
TAL,11.97,-0.17,9.92,6.7,N/A,N/A,13.45,70.8,Bull,0.17,17.93,0.04,60.0,
AUR,7.24,0.14,21.07,14.5,N/A,N/A,14.16,64.5,Bull,0.13,17.72,0.02,60.0,
TTAN,86.24,3.44,10.01,8.2,N/A,N/A,17.2,63.8,Bull,0.84,8.21,0.97,59.9,
VZLA,3.57,5.0,14.43,1.2,N/A,N/A,7.09,60.1,Bull,0.04,20.61,0.09,59.9,
CHEF,111.52,1.36,5.58,4.5,N/A,N/A,17.98,68.3,Bull,1.17,15.84,0.01,59.9,
STLD,271.64,2.47,7.65,38.0,N/A,N/A,11.8,69.6,Bull,3.53,18.74,0.02,59.8,
ITT,204.65,3.13,2.84,18.3,N/A,N/A,4.79,62.5,Bull,0.93,10.85,1.77,59.8,
DDS,620.96,0.46,5.4,9.7,N/A,N/A,8.61,66.0,Bull,7.13,20.24,0.02,59.7,
SCCO,199.5,2.22,13.69,162.8,N/A,N/A,9.98,63.2,Bull,1.96,19.31,0.03,59.6,
NTAP,189.59,-0.46,9.44,37.4,N/A,N/A,18.28,71.3,Bull,1.93,14.97,0.05,59.5,
CHWY,24.3,0.81,4.27,9.9,N/A,N/A,12.11,67.4,Bull,0.27,18.17,0.02,59.4,
BCC,84.56,-2.24,8.85,3.0,N/A,N/A,10.92,61.9,Bull,0.75,18.61,0.03,59.3,
BLFS,32.88,1.11,4.38,1.6,N/A,N/A,16.59,68.8,Bull,0.14,20.93,0.01,59.3,
J,142.68,2.85,1.47,16.8,N/A,N/A,10.54,67.6,Bull,0.64,9.51,1.54,59.2,
NEO,16.24,-0.31,6.35,2.1,N/A,N/A,22.5,66.1,Bull,0.11,14.04,0.02,59.2,
CMC,74.44,2.49,9.33,8.0,N/A,N/A,8.08,65.7,Bull,0.9,19.91,0.03,59.2,
CRL,266.0,13.62,13.29,11.3,Healthcare,Diagnostics & Research,24.28,75.6,Bull,1.15,18.77,0.01,59.1,4.19
SBSW,10.01,4.65,17.02,6.8,N/A,N/A,4.88,63.9,Bull,0.23,20.98,0.08,59.1,
MT,74.28,-1.24,13.06,57.2,N/A,N/A,12.53,68.7,Bull,0.88,17.51,0.04,59.1,
BAM,53.47,2.94,12.91,85.1,N/A,N/A,12.39,72.9,Bull,0.63,17.51,0.03,59.0,
CSIQ,16.39,5.61,19.99,1.1,N/A,N/A,5.64,58.8,Bull,0.23,14.22,0.83,59.0,
ALAB,361.67,12.65,38.98,62.0,Technology,Semiconductors,11.27,55.4,Bull,2.47,-5.54,2.19,58.9,4.12
CPAY,405.95,2.38,3.33,25.9,N/A,N/A,12.59,70.3,Bull,2.63,17.38,0.02,58.8,
KD,14.05,-4.36,0.29,3.2,N/A,N/A,12.02,63.2,Bull,0.21,17.38,0.04,58.7,
MLKN,24.35,-0.35,6.31,1.7,N/A,N/A,21.28,71.1,Bull,0.09,23.82,0.01,58.7,
WCC,374.07,-0.01,20.92,18.2,N/A,N/A,10.41,64.0,Bull,5.89,18.32,0.0,58.6,
PVH,89.75,1.09,1.6,4.1,N/A,N/A,9.75,66.9,Bull,1.1,18.62,0.01,58.6,
OTF,10.7,3.78,6.26,5.0,N/A,N/A,3.53,63.2,Bull,0.06,4.29,2.11,58.6,
ECO,62.64,5.76,7.41,2.3,N/A,N/A,14.31,67.1,Bull,0.36,13.81,0.3,58.5,
USLM,117.0,1.18,3.54,3.3,N/A,N/A,6.83,64.4,Bull,0.94,20.01,0.01,58.5,
OTEX,26.38,-0.17,1.91,6.6,N/A,N/A,12.77,67.6,Bull,0.34,16.86,0.02,58.4,
FHI,66.43,2.26,10.57,4.8,N/A,N/A,13.31,74.8,Bull,0.76,16.3,0.04,58.3,
AXTA,37.85,0.62,8.66,8.0,N/A,N/A,13.94,71.4,Bull,0.48,16.23,0.01,58.3,
NTNX,61.94,0.71,3.97,16.6,N/A,N/A,16.62,74.4,Bull,0.47,14.84,0.02,58.3,
AMZN,282.24,1.74,24.53,2992.3,N/A,N/A,13.62,68.8,Bull,5.23,15.85,0.07,58.2,
MMM,182.01,0.31,2.28,93.6,N/A,N/A,10.8,70.5,Bull,0.98,17.65,0.02,58.2,
SION,50.63,1.38,12.99,2.3,N/A,N/A,16.03,64.3,Bull,0.31,15.07,0.0,58.1,
KKR,109.46,1.15,10.25,97.2,N/A,N/A,11.24,69.4,Bull,1.04,17.32,0.02,58.1,
JHX,28.26,-0.35,7.9,16.5,N/A,N/A,12.85,65.8,Bull,0.18,16.49,0.0,58.0,
AIR,149.43,4.45,6.13,6.0,N/A,N/A,13.78,64.1,Bull,0.9,9.37,0.81,58.0,
CRM,193.85,1.5,2.91,156.4,N/A,N/A,11.58,65.5,Bull,2.63,16.37,0.09,57.9,
URBN,80.14,1.6,6.29,6.8,N/A,N/A,9.95,65.5,Bull,0.79,17.82,0.01,57.9,
JBLU,6.41,0.0,12.06,2.4,N/A,N/A,15.43,63.7,Bull,0.1,14.87,0.01,57.7,
BMNR,17.83,-1.49,7.47,10.9,N/A,N/A,5.01,55.9,Bull,0.18,19.99,0.03,57.7,
ADT,7.84,0.06,5.87,5.7,N/A,N/A,11.83,75.8,Bull,0.09,16.57,0.01,57.6,
FSM,9.59,5.97,14.58,2.8,N/A,N/A,8.16,64.5,Bull,0.13,17.96,0.06,57.6,
ZM,102.25,0.13,10.65,29.9,N/A,N/A,10.55,69.1,Bull,1.62,17.0,0.03,57.5,
APPF,200.76,0.62,7.36,7.1,N/A,N/A,16.86,67.7,Bull,2.62,13.76,0.02,57.4,
BSBR,5.8,2.2,16.22,42.4,N/A,N/A,8.71,64.9,Bull,0.07,17.6,0.04,57.3,
RBCAA,101.22,0.64,1.47,2.0,N/A,N/A,12.89,74.6,Bull,0.55,15.38,0.06,57.3,
RCL,328.45,0.83,1.51,87.1,N/A,N/A,10.22,67.1,Bull,3.48,16.91,0.02,57.2,
M,26.33,0.44,6.32,6.9,N/A,N/A,12.21,66.6,Bull,0.22,15.97,0.02,57.2,
ONDS,8.92,0.68,31.18,5.0,N/A,N/A,6.28,58.9,Bull,0.24,18.62,0.04,57.1,
SLM,27.67,-0.7,7.69,5.2,N/A,N/A,12.52,70.0,Bull,0.21,15.75,0.01,57.1,
FTK,28.21,5.42,19.23,1.0,N/A,N/A,20.2,62.8,Bull,0.02,25.94,1.89,57.1,
BVN,33.63,4.25,11.28,8.2,N/A,N/A,6.33,60.3,Bull,0.31,18.58,0.02,56.9,
VNT,33.55,-0.8,4.03,4.8,N/A,N/A,8.37,69.6,Bull,0.31,17.64,0.01,56.9,
PTC,142.8,0.79,7.81,15.4,N/A,N/A,10.62,70.0,Bull,2.58,16.47,0.01,56.9,
ULCC,8.01,0.21,23.18,1.8,N/A,N/A,24.0,66.0,Bull,0.19,11.82,0.01,56.9,
BR,169.88,0.87,6.71,19.5,N/A,N/A,12.43,71.3,Bull,1.97,15.51,0.02,56.9,
CAC,60.59,1.37,3.61,1.0,N/A,N/A,12.54,76.5,Bull,0.47,15.48,0.02,56.9,
TECK,65.71,1.5,14.32,31.7,N/A,N/A,9.25,62.4,Bull,0.93,17.07,0.02,56.8,
MH,11.56,0.61,5.28,2.2,N/A,N/A,7.52,62.7,Bull,0.25,10.52,0.9,56.8,
DXCM,84.45,-2.86,12.39,32.8,N/A,N/A,14.39,65.4,Bull,1.29,14.03,0.07,56.8,
COF,223.57,0.75,7.12,136.1,N/A,N/A,10.4,68.9,Bull,1.39,16.47,0.02,56.8,
GPK,11.83,-0.5,4.41,3.5,N/A,N/A,9.64,62.4,Bull,0.08,16.78,0.02,56.7,
KTOS,57.63,11.1,31.34,9.7,N/A,N/A,9.21,63.5,Bull,1.12,14.39,0.32,56.7,
ING,35.76,1.2,10.01,102.6,N/A,N/A,11.28,69.3,Bull,0.23,11.94,0.49,56.7,
BAH,74.2,0.83,5.74,8.9,N/A,N/A,6.36,63.2,Bull,0.98,18.38,0.01,56.6,
GRND,17.88,-0.36,3.86,3.2,N/A,N/A,19.41,72.3,Bull,0.18,11.58,0.04,56.6,
MSA,193.45,0.11,10.03,7.5,N/A,N/A,11.48,74.4,Bull,2.17,15.55,0.03,56.6,
ALNT,94.56,4.92,13.57,1.6,N/A,N/A,10.08,59.0,Bull,0.42,14.58,0.75,56.6,
SWKS,66.79,8.97,3.26,10.1,N/A,N/A,3.37,56.9,Bull,0.86,11.76,0.97,56.5,
IR,89.32,-0.16,5.56,34.7,N/A,N/A,10.12,67.5,Bull,0.47,16.43,0.0,56.5,
GTES,29.76,-0.27,19.42,7.6,N/A,N/A,11.04,64.8,Bull,0.38,15.71,0.0,56.3,
SVM,10.78,5.58,18.07,2.3,N/A,N/A,4.24,59.5,Bull,0.2,18.33,0.09,56.2,
ZBH,100.64,5.04,3.59,18.5,N/A,N/A,10.91,65.9,Bull,0.66,14.94,0.09,56.2,
QCRH,105.05,0.62,1.71,1.7,N/A,N/A,8.22,70.8,Bull,0.54,9.54,0.9,56.2,
CSL,385.17,-0.33,15.13,15.3,N/A,N/A,9.59,63.2,Bull,5.98,16.37,0.01,56.2,
DCI,98.14,2.21,2.92,11.4,N/A,N/A,9.31,71.2,Bull,0.47,9.6,0.95,56.1,
ZS,164.31,0.67,6.85,26.4,N/A,N/A,12.7,65.7,Bull,1.54,14.46,0.03,56.0,
NAVN,28.33,1.65,6.66,7.1,N/A,N/A,20.07,64.1,Bull,0.14,11.01,0.02,56.0,
ROST,253.07,0.8,0.44,80.5,N/A,N/A,8.94,69.4,Bull,1.57,16.24,0.03,56.0,
MTD,1438.04,0.07,3.58,28.8,N/A,N/A,11.41,71.8,Bull,8.12,15.14,0.01,55.9,
TTEK,35.14,0.31,4.03,9.0,N/A,N/A,13.24,71.4,Bull,0.27,14.13,0.02,55.9,
SA,29.19,7.0,15.6,2.9,N/A,N/A,6.72,60.3,Bull,0.43,16.99,0.05,55.7,
SIFY,15.72,2.68,11.02,1.1,N/A,N/A,4.22,57.4,Bull,0.16,7.75,1.31,55.7,
OCTV,19.64,-0.05,11.91,5.3,N/A,N/A,8.51,66.6,Bull,0.45,16.08,0.05,55.7,
CRWD,212.54,0.62,18.48,215.1,N/A,N/A,18.14,67.1,Bull,1.44,11.21,0.04,55.6,
EQPT,19.91,-0.28,10.83,5.0,N/A,N/A,0.87,54.1,Bull,0.36,20.05,0.0,55.5,
WAB,300.25,0.39,2.91,50.5,N/A,N/A,9.12,65.6,Bull,1.51,15.93,0.01,55.5,
PRCH,16.39,-0.76,32.56,2.2,N/A,N/A,28.03,68.8,Bull,0.33,10.34,0.03,55.5,
STEP,49.21,1.2,14.43,5.9,N/A,N/A,9.39,65.6,Bull,0.8,15.75,0.0,55.5,
VOR,22.41,0.7,14.6,1.2,N/A,N/A,24.04,67.2,Bull,0.21,10.32,0.01,55.4,
VEEV,212.61,0.35,2.26,34.6,N/A,N/A,14.43,67.4,Bull,1.24,12.99,0.02,55.4,
ICFI,87.43,1.4,5.3,1.6,N/A,N/A,14.76,69.4,Bull,0.58,12.75,0.03,55.4,
AXTI,70.03,7.29,89.42,4.3,N/A,N/A,4.6,56.4,Bull,3.89,16.48,0.18,55.3,
SN,166.79,-0.83,4.75,23.8,N/A,N/A,15.62,69.2,Bull,0.79,13.86,0.04,55.3,
SBAC,187.9,4.66,7.41,19.9,N/A,N/A,0.13,55.0,Bull,1.25,2.55,2.12,55.3,
WS,38.04,0.42,6.58,1.9,N/A,N/A,3.48,58.5,Bull,0.43,18.32,0.02,55.2,
DCH,6.0,0.17,8.5,1.4,N/A,N/A,4.41,58.9,Bull,0.08,17.88,0.02,55.2,
RUSHA,83.15,0.47,1.87,6.4,N/A,N/A,11.0,70.0,Bull,0.43,14.58,0.01,55.2,
AMTM,24.25,0.43,11.22,5.9,N/A,N/A,7.77,65.7,Bull,0.32,16.12,0.01,55.1,
DDOG,287.5,-0.23,8.82,102.6,N/A,N/A,18.69,69.9,Bull,2.27,10.12,0.07,55.0,
SYF,79.52,0.56,6.07,29.4,N/A,N/A,6.86,62.2,Bull,0.62,16.5,0.01,55.0,
OMF,65.68,0.4,4.35,7.5,N/A,N/A,10.22,71.3,Bull,0.44,14.72,0.0,54.9,
TEL,216.82,5.78,1.18,62.8,N/A,N/A,5.21,61.6,Bull,1.2,9.59,0.92,54.8,
CCL,29.68,0.3,6.72,40.5,N/A,N/A,7.8,64.9,Bull,0.39,15.76,0.02,54.8,
OSBC,25.84,0.21,2.48,1.3,N/A,N/A,11.19,80.5,Bull,0.15,14.12,0.01,54.8,
BELFA,242.47,10.48,15.49,3.1,N/A,N/A,3.06,54.5,Bull,1.07,11.36,1.31,54.7,
DCO,193.85,1.04,14.32,2.9,N/A,N/A,14.65,64.4,Bull,1.38,12.29,0.02,54.7,
EMBJ,71.98,2.07,6.38,12.7,N/A,N/A,11.51,69.2,Bull,0.39,13.5,0.06,54.7,
SKE,30.02,4.56,16.9,3.6,N/A,N/A,8.01,60.8,Bull,0.37,15.24,0.05,54.7,
SVV,10.77,0.37,8.24,1.7,N/A,N/A,11.61,64.4,Bull,0.11,13.61,0.02,54.6,
WF,70.52,0.83,7.88,17.0,N/A,N/A,9.72,66.6,Bull,0.66,13.87,0.1,54.6,
MMYT,62.72,-0.78,9.76,5.9,N/A,N/A,18.69,67.2,Bull,0.79,10.1,0.02,54.6,
JLL,366.47,-0.38,7.79,16.9,N/A,N/A,12.42,70.0,Bull,3.47,13.1,0.02,54.5,
DLR,193.89,1.4,0.37,71.7,N/A,N/A,4.62,58.6,Bull,1.48,10.86,0.76,54.5,
PWP,17.41,2.08,17.21,1.6,N/A,N/A,5.73,58.6,Bull,0.25,16.5,0.01,54.5,
VTOL,47.74,4.53,5.27,1.4,N/A,N/A,8.18,72.0,Bull,0.18,11.65,1.46,54.5,
GKOS,170.25,-0.16,5.31,10.1,N/A,N/A,16.15,73.0,Bull,0.94,11.3,0.02,54.5,
FERG,254.65,-0.34,12.58,50.0,N/A,N/A,8.46,68.4,Bull,2.99,14.99,0.02,54.4,
FLS,79.56,0.01,13.75,10.1,N/A,N/A,8.17,64.7,Bull,1.23,15.24,0.01,54.4,
NET,301.62,0.1,11.56,106.5,N/A,N/A,17.99,71.3,Bull,2.02,10.32,0.01,54.4,
SRCE,91.24,0.46,1.55,2.2,N/A,N/A,11.61,78.3,Bull,0.45,13.89,0.01,54.4,
SYM,48.0,1.14,18.99,28.6,N/A,N/A,7.62,63.4,Bull,0.84,15.14,0.05,54.4,
GDRX,3.32,-0.6,3.11,1.1,N/A,N/A,13.77,64.2,Bull,0.02,12.16,0.03,54.3,
HMC,31.41,4.28,2.38,39.1,N/A,N/A,12.04,68.2,Bull,0.15,13.27,0.11,54.3,
BLK,1138.6,0.66,5.51,175.6,N/A,N/A,8.37,66.5,Bull,7.78,14.97,0.01,54.2,
REZI,26.24,0.27,5.71,4.0,N/A,N/A,10.51,62.5,Bull,0.11,18.72,0.01,54.2,
SUNB,80.21,-0.28,9.26,33.0,N/A,N/A,7.2,61.9,Bull,0.77,15.27,0.03,54.1,
NCNO,19.46,-0.21,3.35,2.1,N/A,N/A,13.31,66.2,Bull,0.16,12.23,0.02,54.1,
KN,40.1,-0.74,16.03,3.5,N/A,N/A,8.83,59.4,Bull,0.43,14.47,0.01,54.0,
LBRDA,36.04,0.0,5.81,5.2,N/A,N/A,7.34,65.7,Bull,0.69,15.29,0.0,54.0,
ARW,227.57,-0.04,11.04,11.6,N/A,N/A,8.41,63.4,Bull,2.09,14.64,0.01,53.9,
LBRDK,36.03,0.06,5.66,5.2,N/A,N/A,7.21,65.6,Bull,0.68,15.19,0.0,53.8,
WHR,43.5,-2.51,13.13,2.9,N/A,N/A,6.22,62.9,Bull,0.81,15.48,0.02,53.8,
EMR,156.09,-1.73,7.11,89.0,N/A,N/A,8.58,64.5,Bull,1.64,14.37,0.01,53.8,
OLED,86.22,8.07,4.78,4.0,N/A,N/A,1.77,59.6,Bull,0.69,8.09,1.17,53.7,
TFPM,31.72,6.09,10.52,6.2,N/A,N/A,6.76,64.3,Bull,0.35,14.51,0.09,53.7,
KAI,335.85,0.28,10.86,4.0,N/A,N/A,8.27,66.0,Bull,3.07,14.54,0.0,53.7,
PKG,255.87,0.15,2.58,22.8,N/A,N/A,9.15,67.6,Bull,1.49,13.99,0.01,53.6,
TDC,34.39,7.17,17.81,3.2,N/A,N/A,8.99,62.5,Bull,0.42,-5.68,1.69,53.6,
LITE,824.0,-3.0,36.8,66.1,N/A,N/A,3.39,54.1,Bull,13.61,16.53,0.04,53.6,
BLLN,142.25,3.59,6.44,6.5,N/A,N/A,21.29,67.9,Bull,0.29,20.51,1.05,53.5,
BMY,65.21,-1.04,3.34,134.6,N/A,N/A,9.28,68.4,Bull,0.34,13.32,0.07,53.5,
ECG,152.0,11.63,39.23,6.9,N/A,N/A,9.59,60.3,Bull,2.32,13.18,0.07,53.5,
TPR,159.28,2.12,6.11,31.5,N/A,N/A,9.47,69.6,Bull,1.68,13.66,0.02,53.5,
BBT,32.07,0.5,7.08,2.7,N/A,N/A,6.18,67.0,Bull,0.17,6.09,1.11,53.5,
NBBK,23.27,-0.21,2.69,1.0,N/A,N/A,8.46,70.3,Bull,0.12,14.07,0.01,53.4,
APO,134.63,1.07,12.41,76.8,N/A,N/A,8.3,67.4,Bull,1.8,13.96,0.03,53.3,
ZIM,27.5,0.77,11.88,3.3,N/A,N/A,9.18,67.9,Bull,0.33,11.79,0.22,53.2,
RITM,10.21,-0.39,2.2,5.7,N/A,N/A,9.01,71.2,Bull,0.1,13.57,0.02,53.2,
VGNT,45.82,0.04,6.51,3.2,N/A,N/A,9.53,62.9,Bull,0.55,13.33,0.01,53.2,
ZG,36.87,-0.43,7.43,8.5,N/A,N/A,6.73,64.5,Bull,0.64,14.75,0.01,53.2,
DELL,465.77,-0.32,26.01,302.8,N/A,N/A,19.97,60.6,Bull,3.25,8.0,0.01,53.1,
LH,312.8,0.15,1.84,25.6,N/A,N/A,10.5,68.3,Bull,1.59,12.62,0.01,53.0,
EXK,8.85,6.18,17.0,2.5,N/A,N/A,5.66,60.0,Bull,0.12,14.57,0.08,53.0,
CHTR,152.97,-0.07,5.35,18.3,N/A,N/A,6.7,65.2,Bull,2.88,14.55,0.01,52.9,
AVLN,30.73,7.82,10.58,1.4,N/A,N/A,6.57,58.1,Bull,0.21,8.13,0.78,52.9,
ZWS,53.18,0.0,3.16,8.8,N/A,N/A,8.3,69.0,Bull,0.56,13.63,0.01,52.8,
GIB,74.89,0.65,0.52,17.3,N/A,N/A,9.29,67.6,Bull,0.73,12.96,0.02,52.8,
WPM,122.93,6.52,12.31,52.4,N/A,N/A,5.86,63.6,Bull,1.67,14.25,0.06,52.7,
VIPS,15.6,0.03,3.21,7.5,N/A,N/A,8.19,73.3,Bull,0.11,13.58,0.01,52.7,
TRMB,59.53,-0.47,2.21,13.9,N/A,N/A,7.92,66.3,Bull,0.73,13.61,0.01,52.6,
PANW,372.49,1.68,18.57,298.6,N/A,N/A,20.92,68.3,Bull,1.38,16.19,0.06,52.6,
VRSN,301.86,0.89,3.76,27.0,N/A,N/A,9.34,68.7,Bull,3.39,12.81,0.01,52.6,
QBTS,21.83,9.26,23.79,8.0,N/A,N/A,6.89,57.4,Bull,0.57,3.66,1.25,52.5,
WYNN,108.38,11.04,9.46,10.1,N/A,N/A,8.41,68.6,Bull,0.96,10.67,0.31,52.5,
PONY,7.94,-1.12,3.66,3.5,N/A,N/A,0.44,58.2,Bull,0.17,16.94,0.04,52.5,
AI,10.03,-0.2,13.33,1.6,N/A,N/A,7.95,65.3,Bull,0.2,13.21,0.02,52.4,
PNFP,109.99,0.88,5.01,16.5,N/A,N/A,9.59,71.7,Bull,0.8,12.45,0.01,52.3,
HAPN,20.94,0.29,13.01,2.4,N/A,N/A,11.39,63.4,Bull,0.17,11.5,0.01,52.3,
BBVA,28.14,0.07,9.66,160.5,N/A,N/A,11.71,66.7,Bull,0.19,11.14,0.04,52.3,
RPM,116.0,0.79,7.04,14.7,N/A,N/A,8.71,64.5,Bull,1.06,12.68,0.03,52.3,
FSS,132.76,0.18,18.68,8.1,N/A,N/A,11.29,66.3,Bull,1.64,11.46,0.01,52.2,
ZGN,15.05,-0.07,0.8,4.0,N/A,N/A,9.0,62.3,Bull,0.09,12.65,0.01,52.2,
CRGY,11.14,-1.24,0.81,3.7,N/A,N/A,1.49,54.9,Bull,0.1,16.16,0.02,52.1,
FNV,230.93,5.51,7.72,42.2,N/A,N/A,6.57,64.5,Bull,2.36,13.39,0.05,52.1,
HII,326.99,1.22,16.62,12.7,N/A,N/A,8.05,66.6,Bull,6.07,12.96,0.02,52.1,
CTS,66.83,-0.63,8.62,1.9,N/A,N/A,7.82,61.8,Bull,0.83,13.16,0.0,52.1,
LEU,188.0,-0.66,17.73,3.7,N/A,N/A,7.75,58.9,Bull,3.13,12.93,0.03,52.1,
VIK,108.9,1.28,6.08,47.9,N/A,N/A,11.6,71.7,Bull,0.62,11.16,0.01,52.0,
BDX,169.45,-0.39,0.62,46.9,N/A,N/A,8.69,66.7,Bull,1.14,12.55,0.02,52.0,
WY,25.6,-0.89,4.7,18.6,N/A,N/A,5.74,61.2,Bull,0.21,13.98,0.02,52.0,
FND,60.38,-0.53,8.29,6.5,N/A,N/A,9.86,62.0,Bull,0.44,11.9,0.01,51.9,
RJET,22.0,0.0,21.88,1.0,N/A,N/A,14.32,63.6,Bull,0.53,9.73,0.0,51.9,
RIO,101.0,2.01,7.84,124.4,N/A,N/A,5.25,65.1,Bull,1.35,13.74,0.06,51.9,
FSUN,39.72,1.2,0.97,1.9,N/A,N/A,7.77,64.4,Bull,0.51,3.06,1.19,51.9,
PLUS,95.55,-1.55,2.62,2.7,N/A,N/A,9.76,65.2,Bull,0.55,11.83,0.02,51.9,
ETN,446.06,0.29,23.26,172.7,N/A,N/A,9.88,62.2,Bull,5.47,11.64,0.02,51.8,
NOW,118.74,0.5,2.57,122.2,N/A,N/A,12.54,62.6,Bull,1.66,10.16,0.04,51.8,
WRBY,30.25,1.1,16.21,3.7,N/A,N/A,14.01,67.8,Bull,0.48,9.32,0.04,51.7,
AEO,18.39,1.71,4.85,3.0,N/A,N/A,6.07,59.5,Bull,0.1,13.53,0.01,51.7,
CLX,105.4,0.7,5.79,12.7,N/A,N/A,8.5,65.7,Bull,0.82,12.24,0.03,51.7,
YUMC,48.13,0.54,4.97,16.8,N/A,N/A,7.65,71.2,Bull,0.5,12.66,0.01,51.6,
QRVO,95.27,0.24,6.45,8.4,N/A,N/A,5.0,60.8,Bull,1.19,13.59,0.06,51.6,
VFS,3.33,5.38,12.12,7.8,N/A,N/A,3.55,62.8,Bull,0.03,7.07,0.93,51.6,
AX,105.1,1.39,5.97,6.0,N/A,N/A,10.1,70.7,Bull,0.47,6.72,1.01,51.6,
PBH,52.0,0.15,0.54,2.5,N/A,N/A,3.86,59.2,Bull,0.21,3.13,2.13,51.6,
VET,10.95,-0.77,1.34,1.7,N/A,N/A,2.49,54.2,Bull,0.11,15.07,0.02,51.5,
ALK,52.57,0.04,14.68,5.9,N/A,N/A,11.56,63.6,Bull,0.62,10.6,0.01,51.5,
GGG,82.49,0.22,1.58,13.3,N/A,N/A,6.57,67.2,Bull,0.6,13.09,0.01,51.5,
XPRO,16.67,-0.6,13.94,1.9,N/A,N/A,6.52,60.3,Bull,0.09,13.17,0.01,51.5,
GFI,37.16,8.94,15.26,30.5,N/A,N/A,4.55,62.6,Bull,0.57,13.02,0.13,51.4,
CGNX,71.0,-0.73,22.79,11.9,N/A,N/A,11.19,63.0,Bull,0.99,10.75,0.01,51.4,
SF,85.25,1.43,4.06,12.9,N/A,N/A,10.33,71.6,Bull,0.36,16.29,0.01,51.3,
CACI,524.19,2.25,2.77,11.6,N/A,N/A,6.32,61.9,Bull,5.96,5.39,0.93,51.3,
CDE,17.25,6.38,17.87,16.8,N/A,N/A,5.17,59.7,Bull,0.26,13.16,0.06,51.3,
ELE,17.55,5.6,16.15,1.1,N/A,N/A,7.59,61.3,Bull,0.22,12.14,0.03,51.2,
LMT,590.14,0.14,3.68,136.0,N/A,N/A,8.43,69.8,Bull,4.89,11.78,0.02,51.2,
CHRD,138.0,0.81,1.12,7.7,N/A,N/A,5.85,59.3,Bull,0.87,12.99,0.04,51.2,
B,40.24,5.31,10.67,64.0,N/A,N/A,5.29,62.6,Bull,0.46,12.59,0.11,51.2,
ENVA,257.79,-0.3,3.51,6.4,N/A,N/A,18.23,68.0,Bull,0.93,8.77,0.94,51.1,
DRD,23.37,8.34,15.92,1.9,N/A,N/A,3.17,61.3,Bull,0.36,13.89,0.07,51.1,
FUTU,109.37,0.34,7.35,15.3,N/A,N/A,2.93,61.2,Bull,1.31,14.37,0.04,51.1,
HON,248.8,0.0,3.19,78.9,N/A,N/A,5.69,63.7,Bull,1.56,12.91,0.02,50.9,
BZ,16.4,-0.33,1.83,7.6,N/A,N/A,11.0,67.6,Bull,0.07,14.73,0.01,50.8,
LECO,278.21,0.21,7.84,15.1,N/A,N/A,6.98,63.3,Bull,3.12,12.32,0.0,50.8,
APH,173.5,1.27,15.43,211.2,N/A,N/A,12.03,65.0,Bull,1.91,9.66,0.02,50.8,
UFPI,92.66,-0.06,5.64,5.3,N/A,N/A,6.14,62.0,Bull,0.6,12.56,0.02,50.8,
TGT,147.43,-0.46,1.05,67.3,N/A,N/A,8.92,65.0,Bull,0.73,11.34,0.02,50.7,
BHP,87.99,0.61,5.87,222.2,N/A,N/A,5.28,60.1,Bull,0.58,12.38,0.05,50.5,
UPWK,9.73,0.52,2.1,1.2,N/A,N/A,5.5,59.2,Bull,0.05,13.67,0.03,50.5,
SAN,14.65,1.24,9.49,212.6,N/A,N/A,9.2,63.4,Bull,0.07,7.96,0.41,50.5,
REPL,11.71,-1.76,116.45,1.0,N/A,N/A,27.57,59.5,Bull,0.26,5.31,0.02,50.5,
ARHS,8.46,2.17,11.46,1.2,N/A,N/A,11.54,62.1,Bull,0.05,9.59,0.02,50.5,
CNL,13.69,5.88,10.05,1.2,N/A,N/A,0.08,55.4,Bull,0.16,15.33,0.01,50.4,
DOO,64.88,0.65,6.12,4.8,N/A,N/A,6.8,66.7,Bull,0.4,12.0,0.0,50.4,
ARIS,15.87,7.89,14.17,3.0,N/A,N/A,2.67,57.6,Bull,0.18,13.28,0.09,50.4,
FCNCA,2272.67,0.93,4.64,26.1,N/A,N/A,8.01,65.0,Bull,12.04,11.15,0.02,50.3,
NEM,104.09,6.51,13.96,103.0,N/A,N/A,5.78,63.6,Bull,1.34,11.68,0.09,50.3,
SHW,364.43,0.79,5.98,87.8,N/A,N/A,9.86,65.5,Bull,3.47,10.24,0.01,50.3,
MUX,19.71,5.57,17.67,1.1,N/A,N/A,5.14,61.6,Bull,0.32,12.56,0.01,50.2,
Z,36.28,-0.01,6.69,8.3,N/A,N/A,5.43,63.5,Bull,0.55,12.41,0.01,50.2,
FISV,56.51,1.31,1.58,29.7,N/A,N/A,6.63,63.8,Bull,0.58,11.68,0.02,50.2,
SARO,30.97,0.95,7.8,10.2,N/A,N/A,10.26,66.1,Bull,0.26,10.02,0.01,50.2,
WOR,59.24,0.21,6.65,2.9,N/A,N/A,5.89,64.2,Bull,0.46,12.25,0.01,50.2,
LXRX,2.49,0.0,7.33,1.1,N/A,N/A,12.9,62.5,Bull,0.01,9.69,0.02,50.2,
PAAS,48.03,6.95,12.88,18.9,N/A,N/A,2.9,60.7,Bull,0.61,12.75,0.11,50.1,
CUBI,83.94,0.35,6.71,2.8,N/A,N/A,8.29,69.2,Bull,0.64,10.93,0.01,50.1,
EXPO,67.55,-0.43,2.58,3.3,N/A,N/A,8.44,65.0,Bull,0.5,10.83,0.01,50.1,
GAP,20.95,1.6,3.25,7.4,N/A,N/A,1.51,59.2,Bull,0.19,14.17,0.02,50.1,
ACM,76.15,0.53,3.51,9.7,N/A,N/A,5.73,66.0,Bull,0.8,12.17,0.01,50.1,
KLAR,20.65,0.19,10.9,14.5,N/A,N/A,12.7,65.0,Bull,0.17,8.51,0.02,50.1,
DASH,205.16,1.38,6.01,88.2,N/A,N/A,12.8,65.5,Bull,1.47,8.35,0.03,50.0,
IFF,85.78,6.04,7.72,20.7,N/A,N/A,10.88,69.3,Bull,0.71,8.66,0.11,50.0,
E,54.12,1.19,0.57,84.1,N/A,N/A,5.61,60.3,Bull,0.47,11.81,0.03,49.9,
KMTS,25.93,8.09,8.68,1.5,N/A,N/A,12.71,60.5,Bull,0.11,-6.89,1.78,49.9,
P,84.36,0.52,21.82,27.9,N/A,N/A,12.3,63.3,Bull,1.28,8.53,0.01,49.8,
NGL,17.0,7.25,9.53,2.0,N/A,N/A,8.44,61.7,Bull,0.14,8.35,0.26,49.7,
MMS,63.81,0.75,1.01,3.3,N/A,N/A,6.24,64.7,Bull,0.56,11.51,0.01,49.7,
TSCO,33.24,0.38,7.24,17.4,N/A,N/A,4.35,63.4,Bull,0.32,12.39,0.02,49.7,
CET,55.25,1.41,4.94,13.4,N/A,N/A,4.85,70.7,Bull,0.24,5.0,1.44,49.6,
AMG,390.28,1.79,8.39,10.1,N/A,N/A,11.71,66.7,Bull,1.89,9.55,0.01,49.5,
MQ,18.56,3.46,1.09,1.9,N/A,N/A,10.26,62.5,Bull,0.06,20.21,0.04,49.5,
XPEL,49.08,6.9,10.64,1.3,N/A,N/A,8.51,67.7,Bull,0.52,9.8,0.05,49.5,
ALH,27.95,0.11,7.62,5.5,N/A,N/A,8.67,66.4,Bull,0.26,9.91,0.01,49.4,
AMBA,80.9,-1.62,16.92,3.6,N/A,N/A,11.78,58.2,Bull,1.61,8.24,0.03,49.4,
ALVO,3.77,-1.82,6.8,1.2,N/A,N/A,6.21,56.4,Bull,0.08,10.88,0.04,49.3,
LYFT,16.53,-1.17,7.09,6.4,N/A,N/A,10.28,63.7,Bull,0.13,9.0,0.02,49.3,
IAUX,1.5,7.5,18.5,1.2,N/A,N/A,6.09,59.8,Bull,0.02,10.66,0.07,49.3,
TCOM,46.66,-0.38,1.43,29.5,N/A,N/A,2.48,60.6,Bull,0.52,12.76,0.03,49.3,
CAAP,26.44,3.28,1.3,4.4,N/A,N/A,3.37,58.6,Bull,0.15,5.34,0.87,49.3,
AMRC,27.69,-0.89,49.59,1.5,N/A,N/A,8.35,60.9,Bull,0.79,9.71,0.03,49.2,
RGLD,215.04,4.37,10.01,17.5,N/A,N/A,3.66,62.9,Bull,2.44,12.04,0.04,49.2,
AAP,58.83,5.66,0.22,3.6,N/A,N/A,4.23,55.9,Bull,0.34,5.8,0.75,49.2,
GOLD,44.87,5.11,11.76,1.2,N/A,N/A,7.82,64.1,Bull,0.56,8.7,0.18,49.1,
AVAV,173.95,2.92,22.4,8.6,N/A,N/A,7.13,59.9,Bull,3.35,10.25,0.03,49.1,
GIL,56.85,0.16,10.93,10.5,N/A,N/A,4.53,62.3,Bull,0.72,11.69,0.0,49.0,
NG,6.68,5.53,15.37,2.8,N/A,N/A,0.36,58.3,Bull,0.15,13.22,0.07,49.0,
CSCO,124.14,1.97,10.37,479.8,N/A,N/A,9.44,65.3,Bull,1.1,9.07,0.03,49.0,
AME,254.52,0.19,8.19,58.2,N/A,N/A,7.67,69.6,Bull,1.45,10.02,0.02,49.0,
DSGX,78.43,1.3,0.55,6.6,N/A,N/A,8.15,61.0,Bull,0.73,9.85,0.01,49.0,
RACE,407.24,1.1,5.59,94.2,N/A,N/A,9.82,66.3,Bull,2.72,8.59,0.05,48.9,
BEN,36.19,1.19,11.75,18.2,N/A,N/A,11.25,70.3,Bull,0.31,8.04,0.03,48.9,
WIT,2.04,-0.73,3.3,21.5,N/A,N/A,2.25,57.8,Bull,0.03,12.47,0.03,48.9,
AEM,161.5,7.23,11.82,76.4,N/A,N/A,2.61,61.8,Bull,2.53,11.46,0.14,48.9,
DSGR,34.76,0.49,0.38,1.6,N/A,N/A,14.18,83.6,Bull,0.02,29.03,0.94,48.9,
AVT,91.72,-0.87,9.73,7.6,N/A,N/A,6.52,59.1,Bull,0.49,10.19,0.06,48.9,
ESLT,856.37,0.84,11.35,39.5,N/A,N/A,7.42,63.7,Bull,9.45,9.78,0.03,48.8,
EMN,74.19,0.39,10.27,8.5,N/A,N/A,5.62,66.8,Bull,0.8,10.9,0.01,48.8,
SLNHP,11.2,4.58,6.67,1.6,N/A,N/A,8.94,59.6,Bull,0.18,7.69,0.19,48.7,
BOW,33.6,0.36,5.13,1.1,N/A,N/A,13.09,65.1,Bull,0.19,5.93,0.15,48.7,
IOT,39.06,1.2,0.81,22.5,N/A,N/A,12.5,59.5,Bull,0.2,7.2,0.02,48.6,
MDB,379.43,-0.16,18.17,30.6,N/A,N/A,15.24,67.4,Bull,7.52,5.57,0.04,48.6,
NDSN,310.95,0.41,5.41,17.3,N/A,N/A,6.51,67.3,Bull,1.82,9.53,0.09,48.5,
CBRE,152.58,1.01,3.25,43.7,N/A,N/A,8.6,66.4,Bull,1.01,9.03,0.01,48.4,
SKM,35.3,1.44,19.1,13.3,N/A,N/A,3.94,56.8,Bull,0.4,9.22,0.26,48.4,
GRC,85.82,0.4,9.37,2.3,N/A,N/A,6.72,59.9,Bull,0.59,9.93,0.01,48.4,
AMCR,47.55,0.87,3.73,21.8,N/A,N/A,10.69,66.5,Bull,0.2,13.35,0.02,48.3,
BKE,45.89,0.66,1.98,2.3,N/A,N/A,2.8,59.5,Bull,0.43,11.6,0.02,48.2,
THO,80.12,0.23,2.63,4.2,N/A,N/A,4.45,59.3,Bull,0.4,10.79,0.01,48.1,
SSB,109.96,0.49,4.03,10.6,N/A,N/A,8.58,71.3,Bull,0.48,12.66,0.06,48.1,
NEXA,13.96,3.41,14.8,1.8,N/A,N/A,5.89,56.8,Bull,0.13,9.59,0.05,48.0,
AU,87.92,7.87,12.9,41.2,N/A,N/A,4.49,60.4,Bull,1.09,10.13,0.07,48.0,
AVY,173.37,0.04,3.73,13.3,N/A,N/A,6.02,62.0,Bull,1.43,9.76,0.02,47.9,
HRMY,38.78,8.93,8.41,2.2,N/A,N/A,11.92,64.6,Bull,0.12,1.36,2.19,47.8,
SXT,128.35,0.94,5.04,5.4,N/A,N/A,9.35,65.5,Bull,1.22,7.99,0.01,47.8,
IMNM,25.36,1.2,9.74,2.8,N/A,N/A,14.18,70.4,Bull,0.17,5.63,0.01,47.8,
MGA,70.84,1.14,2.52,18.6,N/A,N/A,7.8,63.5,Bull,0.32,12.5,0.01,47.7,
JCI,152.91,-0.46,9.68,93.1,N/A,N/A,6.96,65.7,Bull,1.22,9.04,0.02,47.7,
DOX,57.01,0.51,0.33,6.1,N/A,N/A,3.09,61.9,Bull,0.66,11.04,0.01,47.7,
GEN,28.25,-0.07,2.24,16.9,N/A,N/A,10.32,66.0,Bull,0.13,9.45,0.02,47.6,
IEX,238.07,0.08,3.73,17.5,N/A,N/A,7.17,69.2,Bull,1.29,9.01,0.01,47.6,
GABC,51.19,0.18,0.33,1.9,N/A,N/A,8.41,70.4,Bull,0.19,7.41,1.14,47.6,
MRVL,218.59,12.8,25.29,191.4,Technology,Semiconductors,2.21,52.2,Bull,1.88,-5.23,1.39,47.6,4.58
RTX,219.23,0.6,1.85,293.7,N/A,N/A,10.79,73.6,Bull,0.92,12.48,0.03,47.6,
ATMU,55.2,0.15,9.42,4.5,N/A,N/A,5.49,60.5,Bull,0.26,11.47,0.01,47.6,
DAL,93.27,0.54,8.14,61.0,N/A,N/A,10.26,63.8,Bull,0.66,7.11,0.03,47.5,
OR,32.51,5.69,10.24,5.8,N/A,N/A,2.02,61.9,Bull,0.52,11.22,0.04,47.5,
AVGO,420.82,0.64,13.64,1989.4,N/A,N/A,7.84,62.6,Bull,4.39,8.27,0.04,47.5,
PAX,11.43,2.33,2.97,1.9,N/A,N/A,1.81,58.0,Bull,0.05,3.25,1.66,47.4,
AG,17.56,6.49,15.37,8.1,N/A,N/A,1.12,56.4,Bull,0.16,11.14,0.08,47.4,
URI,1153.73,0.31,9.35,71.6,N/A,N/A,9.18,61.3,Bull,6.37,7.68,0.01,47.4,
OPRA,20.75,1.17,10.67,1.8,N/A,N/A,10.94,64.6,Bull,0.11,6.74,0.02,47.4,
CRSP,53.07,7.06,11.61,5.1,N/A,N/A,3.41,57.7,Bull,0.42,-12.67,1.29,47.4,
GE,381.03,0.99,8.67,391.5,N/A,N/A,9.62,66.2,Bull,2.28,7.02,0.06,47.3,
FAST,50.04,0.66,4.73,57.0,N/A,N/A,7.79,66.8,Bull,0.38,8.18,0.02,47.3,
AMGN,403.0,3.33,3.96,210.5,N/A,N/A,10.58,70.8,Bull,1.73,9.51,0.29,47.3,
ENTG,144.56,15.46,22.45,22.0,Technology,Semiconductor Equipment & Materials,4.26,54.9,Bull,0.53,7.11,1.47,47.2,3.92
RMD,221.99,-0.52,3.59,32.4,N/A,N/A,8.11,64.6,Bull,2.45,7.85,0.03,47.1,
ALKT,18.99,0.4,3.57,2.0,N/A,N/A,9.37,61.9,Bull,0.13,7.32,0.01,47.1,
STRC,93.18,0.7,7.07,35.6,N/A,N/A,4.75,64.4,Bull,0.92,9.36,0.05,47.1,
ST,48.24,-0.85,4.88,7.1,N/A,N/A,4.2,56.7,Bull,0.4,9.87,0.01,47.0,
AXON,611.35,0.68,15.09,48.9,N/A,N/A,19.71,66.9,Bull,6.3,1.93,0.02,47.0,
NWG,19.11,-0.05,8.7,78.7,N/A,N/A,9.23,62.9,Bull,0.09,9.14,0.05,47.0,
UHS,169.5,0.97,0.8,10.2,N/A,N/A,7.07,65.4,Bull,1.58,8.36,0.01,47.0,
ATRO,76.5,1.22,17.44,3.3,N/A,N/A,8.37,60.3,Bull,0.79,7.49,0.03,46.9,
ATI,204.68,2.26,15.04,27.3,N/A,N/A,10.04,61.6,Bull,0.92,10.28,0.01,46.9,
UAL,133.28,0.5,11.61,43.0,N/A,N/A,12.13,64.3,Bull,1.2,5.59,0.02,46.8,
KALU,174.61,6.55,7.68,2.9,N/A,N/A,4.26,55.7,Bull,1.22,2.65,0.85,46.8,
NVDA,219.26,3.45,15.39,5128.9,N/A,N/A,7.29,61.6,Bull,1.46,7.42,0.08,46.8,
OSIS,236.41,-0.08,10.46,3.9,N/A,N/A,5.68,66.9,Bull,2.73,8.73,0.02,46.7,
WGS,69.58,-1.85,9.26,2.1,N/A,N/A,10.83,58.1,Bull,0.61,6.04,0.03,46.7,
SNX,265.51,0.65,6.77,21.1,N/A,N/A,6.17,61.0,Bull,2.48,8.4,0.02,46.7,
GGB,4.91,-3.82,0.93,10.1,N/A,N/A,6.5,58.8,Bull,0.02,14.07,0.05,46.6,
NXE,10.1,3.48,13.1,6.5,N/A,N/A,2.04,58.5,Bull,0.15,10.02,0.07,46.6,
IDXX,599.74,1.98,5.26,46.4,N/A,N/A,6.72,64.8,Bull,4.13,7.93,0.02,46.5,
CYD,48.12,3.51,3.64,1.8,N/A,N/A,3.14,55.6,Bull,0.46,4.88,0.61,46.5,
AVEX,19.31,-0.35,34.49,2.2,N/A,N/A,0.27,57.5,Bull,0.79,11.31,0.01,46.5,
ASM,6.28,6.35,19.26,1.0,N/A,N/A,2.74,56.3,Bull,0.07,9.69,0.05,46.5,
OGC,26.65,6.69,9.94,5.6,N/A,N/A,2.9,60.9,Bull,0.41,9.81,0.02,46.4,
DAKT,21.53,0.0,9.9,1.0,N/A,N/A,7.36,66.1,Bull,0.22,7.65,0.01,46.4,
XYZ,86.05,1.67,4.71,50.4,N/A,N/A,11.8,66.5,Bull,0.34,12.41,0.02,46.4,
TXRH,209.18,0.45,0.01,13.7,N/A,N/A,10.29,66.0,Bull,0.76,15.14,0.07,46.3,
AVAL,5.23,0.38,7.03,6.2,N/A,N/A,5.65,58.8,Bull,0.04,8.35,0.01,46.3,
ICUI,171.2,-0.44,2.8,4.3,N/A,N/A,12.52,67.7,Bull,0.66,12.71,0.02,46.2,
EME,832.85,1.58,23.85,36.2,N/A,N/A,4.88,59.2,Bull,12.83,8.36,0.05,46.2,
SPHR,160.0,0.92,14.15,5.7,N/A,N/A,10.3,61.2,Bull,2.24,5.9,0.01,46.1,
FOX,52.85,0.05,0.22,22.2,N/A,N/A,1.69,57.9,Bull,0.39,10.21,0.01,46.1,
RDNT,68.89,-0.48,8.71,5.4,N/A,N/A,11.99,66.7,Bull,0.56,5.03,0.01,46.1,
CFFN,9.16,-0.33,4.69,1.2,N/A,N/A,8.81,72.5,Bull,0.04,11.57,0.01,46.1,
VSAT,78.57,-8.81,11.94,11.9,N/A,N/A,9.0,54.3,Bull,0.89,6.18,0.03,46.0,
ARLP,26.23,1.94,1.08,3.3,N/A,N/A,4.66,64.9,Bull,0.13,7.5,0.13,45.9,
GPGI,15.62,0.03,17.13,4.5,N/A,N/A,7.4,59.5,Bull,0.1,7.02,0.01,45.8,
ORLY,92.44,0.66,2.0,76.1,N/A,N/A,3.97,59.2,Bull,0.62,8.78,0.01,45.8,
KRMN,54.59,1.11,19.74,7.2,N/A,N/A,2.9,59.1,Bull,0.98,9.27,0.01,45.8,
SFM,86.19,0.14,8.88,8.0,N/A,N/A,6.38,60.6,Bull,1.5,7.39,0.02,45.7,
BNT,45.27,2.77,4.62,15.3,N/A,N/A,3.49,63.0,Bull,0.24,3.33,0.67,45.7,
AS,36.83,1.67,2.12,20.2,N/A,N/A,4.76,60.0,Bull,0.18,8.69,0.01,45.7,
CHD,103.48,0.47,3.63,24.4,N/A,N/A,5.87,64.5,Bull,0.56,7.6,0.02,45.7,
FSK,11.48,0.04,6.74,3.2,N/A,N/A,7.39,65.2,Bull,0.05,8.66,0.01,45.7,
PS,36.0,0.03,9.46,14.4,N/A,N/A,6.24,57.0,Bull,0.19,7.23,0.04,45.7,
BTG,4.12,6.04,10.29,5.2,N/A,N/A,1.73,58.7,Bull,0.04,9.13,0.07,45.6,
EL,88.08,1.28,4.7,31.5,N/A,N/A,5.53,62.9,Bull,0.62,7.68,0.02,45.6,
CNXN,85.64,-1.33,3.22,2.2,N/A,N/A,12.62,72.5,Bull,0.3,14.34,0.04,45.6,
TTC,99.5,0.41,7.75,9.4,N/A,N/A,6.02,63.4,Bull,0.5,7.34,0.01,45.5,
TMP,102.0,0.45,2.57,1.5,N/A,N/A,9.33,67.5,Bull,0.42,11.98,0.03,45.5,
TDY,684.36,-0.06,8.4,31.7,N/A,N/A,6.76,66.9,Bull,4.11,7.01,0.02,45.5,
PDD,91.18,0.16,3.24,129.6,N/A,N/A,5.19,65.3,Bull,0.77,7.6,0.03,45.5,
HQY,104.53,-0.42,0.38,8.8,N/A,N/A,11.33,66.1,Bull,0.44,10.35,0.04,45.5,
LAZ,44.03,0.66,9.55,4.3,N/A,N/A,2.21,55.7,Bull,0.23,9.23,0.0,45.4,
SBLK,28.25,0.11,3.14,3.1,N/A,N/A,6.21,57.7,Bull,0.15,6.76,0.04,45.2,
AEVA,20.43,10.97,38.98,1.3,N/A,N/A,5.01,55.1,Bull,0.48,-5.29,0.92,45.2,
BEKE,17.07,-0.41,2.4,19.4,N/A,N/A,4.41,59.4,Bull,0.08,12.01,0.02,45.2,
GOOG,379.65,1.15,13.07,4590.5,N/A,N/A,7.57,64.0,Bull,5.34,5.84,0.05,45.1,
MWA,26.74,0.51,6.22,4.2,N/A,N/A,4.05,62.7,Bull,0.2,8.02,0.01,45.1,
PFE,25.59,0.71,1.75,144.8,N/A,N/A,3.18,64.5,Bull,0.13,8.26,0.02,45.1,
GFF,97.41,4.09,11.21,4.3,N/A,N/A,7.98,61.7,Bull,0.45,8.47,0.02,45.0,
BHE,85.41,5.5,11.02,3.1,N/A,N/A,3.66,54.3,Bull,0.39,5.43,0.74,45.0,
LULU,123.5,0.39,3.76,13.3,N/A,N/A,1.66,59.3,Bull,1.04,8.7,0.03,44.8,
LTM,57.39,3.11,10.26,16.0,N/A,N/A,7.41,61.1,Bull,0.48,5.3,0.09,44.8,
JOE,64.64,-0.3,4.4,3.7,N/A,N/A,2.36,61.4,Bull,0.49,8.54,0.0,44.8,
BKR,61.95,0.36,5.5,61.3,N/A,N/A,4.26,63.0,Bull,0.71,7.59,0.01,44.8,
LYB,61.15,0.06,1.08,19.7,N/A,N/A,0.01,54.7,Bull,0.37,9.74,0.01,44.8,
ERIE,244.53,3.24,0.87,11.3,N/A,N/A,5.2,55.9,Bull,1.55,-4.62,0.85,44.7,
SLG,55.25,-1.0,2.66,4.0,N/A,N/A,10.44,63.2,Bull,0.2,14.22,0.01,44.7,
BA,237.63,0.2,11.04,187.4,N/A,N/A,7.79,64.1,Bull,3.07,5.64,0.03,44.7,
ALV,125.83,1.01,0.85,9.1,N/A,N/A,4.25,59.4,Bull,0.69,7.32,0.02,44.6,
SOFI,18.69,-0.03,22.59,24.0,N/A,N/A,7.85,59.1,Bull,0.17,5.44,0.02,44.5,
SW,48.74,0.45,0.99,25.4,N/A,N/A,9.13,59.2,Bull,0.17,15.83,0.01,44.5,
NSSC,40.26,0.09,10.68,1.4,N/A,N/A,7.25,69.2,Bull,0.49,5.71,0.01,44.4,
ACHR,5.26,-0.94,17.41,4.0,N/A,N/A,1.21,54.7,Bull,0.07,8.68,0.02,44.4,
BSX,48.56,-1.09,5.46,71.1,N/A,N/A,1.65,63.9,Bull,0.72,8.36,0.02,44.3,
BUSE,31.4,-0.57,2.21,2.7,N/A,N/A,8.15,67.7,Bull,0.13,10.49,0.02,44.2,
CTOS,10.92,-0.91,12.35,2.5,N/A,N/A,6.5,56.5,Bull,0.04,12.11,0.02,44.2,
UFCS,55.82,4.03,6.45,1.4,N/A,N/A,12.16,68.2,Bull,0.25,7.12,0.03,44.2,
SLB,51.14,0.65,4.45,75.4,N/A,N/A,2.47,58.5,Bull,0.45,7.82,0.01,44.2,
GOOGL,380.4,0.73,12.98,4618.7,N/A,N/A,7.31,63.5,Bull,5.46,5.11,0.05,44.1,
MAIN,56.93,-0.38,4.8,5.3,N/A,N/A,7.09,68.2,Bull,0.23,11.52,0.06,44.1,
KEYS,339.3,-0.57,14.35,58.3,N/A,N/A,3.7,57.2,Bull,3.37,6.95,0.02,44.0,
WLTH,9.69,-1.32,4.76,1.5,N/A,N/A,1.83,55.6,Bull,0.08,7.79,0.03,43.9,
FSLR,238.85,-1.96,19.88,26.2,N/A,N/A,4.59,59.4,Bull,5.32,6.49,0.02,43.9,
ESAB,93.37,-1.47,8.03,5.8,N/A,N/A,1.86,55.6,Bull,1.09,7.87,0.01,43.9,
FTNT,169.8,0.9,10.82,123.5,N/A,N/A,14.82,67.1,Bull,0.67,8.35,0.03,43.8,
KSPI,92.5,0.54,6.15,17.4,N/A,N/A,6.76,65.4,Bull,0.45,5.74,0.06,43.7,
DB,37.79,0.85,6.54,70.5,N/A,N/A,9.0,64.2,Bull,0.17,7.14,0.03,43.7,
BWA,67.81,7.57,9.02,12.9,N/A,N/A,4.62,59.8,Bull,0.44,5.61,0.09,43.7,
AIT,358.39,0.42,7.19,13.2,N/A,N/A,8.57,67.2,Bull,1.31,13.46,0.01,43.5,
TLK,15.07,-1.31,4.87,15.1,N/A,N/A,2.26,60.2,Bull,0.09,7.18,0.02,43.5,
MSI,443.83,0.22,2.22,73.5,N/A,N/A,5.74,66.8,Bull,2.71,5.54,0.01,43.5,
ARWR,88.32,-1.42,2.44,12.6,N/A,N/A,10.57,60.4,Bull,0.69,3.01,0.02,43.4,
HL,16.16,5.0,14.2,10.3,N/A,N/A,2.29,56.8,Bull,0.13,7.09,0.02,43.4,
CVSA,129.89,1.88,2.84,4.4,N/A,N/A,5.55,56.7,Bull,1.1,-4.18,0.67,43.4,
FUL,59.14,0.41,6.53,3.2,N/A,N/A,1.53,57.4,Bull,0.53,7.63,0.01,43.4,
VEON,54.32,2.26,5.25,3.7,N/A,N/A,3.83,59.4,Bull,0.2,4.26,1.41,43.2,
CWK,14.14,0.39,4.7,3.3,N/A,N/A,5.53,59.2,Bull,0.1,5.33,0.01,43.2,
CEG,270.99,1.4,5.06,96.5,N/A,N/A,2.0,55.8,Bull,1.2,10.83,0.04,43.2,
CNX,35.44,-0.6,2.12,5.3,N/A,N/A,2.8,60.2,Bull,0.25,6.8,0.01,43.2,
PWR,701.16,1.18,24.95,104.2,N/A,N/A,5.5,58.8,Bull,10.52,5.23,0.02,43.1,
BCPC,174.5,-0.16,6.59,5.6,N/A,N/A,5.32,67.4,Bull,1.36,5.11,0.02,43.0,
BST,49.0,0.91,11.29,1.1,N/A,N/A,6.06,61.8,Bull,0.37,3.48,0.18,43.0,
QURE,44.12,1.02,10.12,3.0,N/A,N/A,17.34,61.1,Bull,0.21,1.46,0.01,43.0,
HTGC,16.79,-0.53,5.13,3.2,N/A,N/A,5.87,64.6,Bull,0.08,5.66,0.04,42.9,
RS,414.23,-0.16,2.63,21.2,N/A,N/A,6.53,62.4,Bull,1.84,8.46,0.01,42.9,
IOSP,89.9,3.69,5.83,2.1,N/A,N/A,8.24,71.0,Bull,0.35,11.25,0.03,42.6,
AXGN,44.49,-3.2,7.54,2.5,N/A,N/A,6.76,59.5,Bull,0.65,4.07,0.01,42.5,
CMCSA,24.62,-1.24,0.04,88.5,N/A,N/A,2.2,56.6,Bull,0.18,6.17,0.02,42.4,
NOVT,155.98,-2.2,13.22,6.0,N/A,N/A,4.73,57.6,Bull,1.7,4.97,0.01,42.4,
OMAB,112.29,1.16,5.56,5.4,N/A,N/A,4.89,62.0,Bull,0.6,4.65,0.03,42.4,
MPLX,60.78,0.45,5.17,61.4,N/A,N/A,6.3,69.0,Bull,0.29,5.81,0.01,42.3,
CAE,26.76,-0.19,2.02,8.6,N/A,N/A,4.3,63.5,Bull,0.2,3.96,0.14,42.3,
GSAT,83.67,-0.02,6.49,10.8,N/A,N/A,4.45,68.0,Bull,0.58,4.78,0.03,42.3,
GFL,42.12,0.15,4.68,15.7,N/A,N/A,8.14,68.0,Bull,0.22,3.06,0.01,42.2,
BN,45.06,0.99,8.08,109.4,N/A,N/A,3.58,62.7,Bull,0.34,4.96,0.04,42.1,
NVT,162.47,0.14,21.6,26.3,N/A,N/A,3.83,55.2,Bull,1.51,5.12,0.01,42.1,
DD,144.09,0.81,4.34,19.5,N/A,N/A,3.3,61.2,Bull,0.85,5.2,0.02,42.0,
WLYB,54.73,3.93,5.45,2.8,N/A,N/A,14.06,74.9,Bull,0.11,4.13,2.06,42.0,
TDAY,9.1,0.72,3.23,1.3,N/A,N/A,9.75,65.8,Bull,0.04,7.38,0.02,41.9,
UPST,32.15,6.05,20.88,2.9,N/A,N/A,5.71,59.2,Bull,0.35,1.08,0.36,41.9,
RGEN,151.26,0.99,7.1,8.5,N/A,N/A,10.5,61.1,Bull,0.57,10.08,0.01,41.7,
DIS,100.52,2.38,2.07,170.5,N/A,N/A,2.16,58.3,Bull,0.5,3.95,0.2,41.7,
AUGO,63.03,9.07,15.65,4.8,N/A,N/A,2.03,58.0,Bull,1.16,5.37,0.04,41.7,
AMPL,9.89,0.1,11.25,1.3,N/A,N/A,18.39,64.5,Bull,0.03,12.26,0.02,41.6,
DV,11.98,0.38,3.95,1.8,N/A,N/A,9.02,60.4,Bull,0.05,6.92,0.03,41.6,
ELAN,27.66,8.03,4.79,12.8,N/A,N/A,11.34,68.1,Bull,0.09,12.01,0.11,41.6,
BFC,156.08,0.51,3.2,1.7,N/A,N/A,6.11,65.4,Bull,0.65,4.35,0.63,41.6,
AMRZ,52.24,0.74,5.61,28.7,N/A,N/A,1.21,55.9,Bull,0.41,5.63,0.04,41.5,
CVNA,69.37,1.97,4.6,74.9,N/A,N/A,3.78,56.2,Bull,0.54,4.54,0.0,41.5,
QUBT,9.15,-0.87,25.34,2.1,N/A,N/A,2.87,55.8,Bull,0.23,4.57,0.04,41.4,
LOGI,105.84,-2.85,2.77,15.6,N/A,N/A,2.05,52.9,Bull,0.48,8.15,0.04,41.4,
PFS,25.15,-0.51,4.49,3.3,N/A,N/A,6.65,66.6,Bull,0.1,9.4,0.01,41.4,
STN,73.45,1.24,2.56,8.3,N/A,N/A,1.45,60.4,Bull,0.64,5.52,0.02,41.4,
WD,51.76,-0.12,2.47,1.8,N/A,N/A,2.34,55.3,Bull,0.41,5.05,0.01,41.3,
BRSL,11.37,0.62,9.86,2.1,N/A,N/A,3.43,61.7,Bull,0.1,4.41,0.02,41.3,
TRLV,8.89,3.37,6.72,1.7,N/A,N/A,1.09,51.7,Bull,0.04,-0.45,0.88,41.3,
BC,83.21,-0.08,3.41,5.4,N/A,N/A,3.38,57.0,Bull,0.34,10.51,0.01,41.2,
NBIS,221.22,-2.0,49.25,57.3,N/A,N/A,7.2,54.0,Bull,4.66,2.19,0.04,41.1,
DGII,72.54,0.55,10.7,2.7,N/A,N/A,8.44,62.4,Bull,0.68,1.7,0.02,41.1,
CLS,371.1,-0.01,12.99,42.7,N/A,N/A,5.95,56.3,Bull,6.31,2.87,0.02,41.0,
TIC,8.19,-1.39,13.97,1.8,N/A,N/A,5.15,62.3,Bull,0.17,3.33,0.01,41.0,
PLXS,275.25,-0.56,14.45,7.4,N/A,N/A,4.58,57.7,Bull,3.0,3.52,0.01,40.9,
ADPT,24.54,-0.04,8.78,3.9,N/A,N/A,20.9,64.6,Bull,0.03,21.73,0.01,40.9,
TS,58.13,0.29,4.14,31.1,N/A,N/A,1.12,55.6,Bull,0.29,5.44,0.01,40.9,
BILI,18.89,-0.53,1.94,7.9,N/A,N/A,1.56,57.2,Bull,0.14,4.77,0.03,40.8,
MRCY,113.36,0.5,25.72,6.8,N/A,N/A,9.55,58.4,Bull,1.55,0.85,0.01,40.7,
TREX,46.96,-0.14,10.77,4.9,N/A,N/A,6.07,58.3,Bull,0.31,2.45,0.02,40.6,
TBBK,72.39,0.47,7.1,3.0,N/A,N/A,13.56,67.7,Bull,0.19,14.85,0.0,40.5,
WAT,396.94,0.22,4.6,38.9,N/A,N/A,7.84,63.3,Bull,1.61,7.83,0.02,40.4,
BOOT,162.95,-0.2,7.99,4.9,N/A,N/A,2.16,55.7,Bull,1.59,4.16,0.01,40.3,
SBCF,35.4,0.04,3.8,3.4,N/A,N/A,7.74,69.6,Bull,0.13,11.13,0.01,40.3,
OXLC,9.16,-0.27,3.79,1.6,N/A,N/A,3.19,61.2,Bull,0.06,3.23,0.04,40.1,
BUD,85.08,0.58,0.25,166.8,N/A,N/A,4.58,59.0,Bull,0.37,7.52,0.02,40.1,
IAG,15.72,6.18,12.81,8.6,N/A,N/A,0.21,55.8,Bull,0.16,4.56,0.06,40.1,
CTBI,79.46,0.67,1.72,1.4,N/A,N/A,9.7,73.0,Bull,0.22,10.15,0.66,39.8,
HAYW,16.1,0.06,5.57,3.4,N/A,N/A,6.37,61.9,Bull,0.14,1.58,0.0,39.8,
BTX,8.6,0.0,12.13,2.0,N/A,N/A,3.19,55.9,Bull,0.06,2.9,0.03,39.7,
FER,66.78,0.39,6.78,47.9,N/A,N/A,1.41,59.2,Bull,0.54,3.82,0.02,39.7,
AAL,16.57,0.06,11.66,11.0,N/A,N/A,8.53,58.3,Bull,0.14,0.3,0.01,39.6,
EPAC,37.2,-0.03,2.39,1.9,N/A,N/A,5.06,59.7,Bull,0.25,2.03,0.0,39.6,
JBL,337.08,-0.86,17.39,35.6,N/A,N/A,1.61,54.5,Bull,4.49,3.65,0.01,39.6,
CRWV,92.04,0.15,51.33,50.1,N/A,N/A,3.86,57.0,Bull,2.97,2.27,0.04,39.5,
LOAR,75.19,-0.44,13.05,7.1,N/A,N/A,7.29,60.1,Bull,0.34,4.2,0.03,39.5,
INGR,106.46,1.75,4.64,6.6,N/A,N/A,5.02,66.2,Bull,0.43,8.68,0.03,39.5,
VSEC,210.52,-1.73,13.81,6.0,N/A,N/A,4.68,55.0,Bull,1.15,1.99,0.0,39.4,
MBWM,62.03,0.16,2.65,1.1,N/A,N/A,9.07,68.2,Bull,0.22,10.51,0.0,39.4,
CIB,90.43,0.47,1.08,21.4,N/A,N/A,11.6,65.4,Bull,0.26,13.03,0.01,39.3,
ALSN,122.37,-0.2,6.72,10.2,N/A,N/A,3.93,58.7,Bull,0.48,9.5,0.01,39.2,
ATS,28.29,0.46,6.75,2.8,N/A,N/A,0.32,57.0,Bull,0.24,3.85,0.01,39.1,
RXT,5.07,-1.55,34.13,1.3,N/A,N/A,7.87,54.1,Bull,0.14,-22.95,0.01,39.0,
GEL,15.2,0.83,3.4,1.8,N/A,N/A,1.78,58.1,Bull,0.09,2.92,0.02,38.9,
DCOM,41.74,1.29,2.28,1.8,N/A,N/A,6.44,65.7,Bull,0.1,5.94,1.54,38.9,
LOW,218.2,0.05,1.17,122.3,N/A,N/A,1.19,56.0,Bull,1.35,3.14,0.02,38.9,
CLDX,39.38,0.85,4.99,3.1,N/A,N/A,11.38,65.4,Bull,0.18,1.08,0.01,38.8,
PSEC,2.24,-0.84,3.75,1.1,N/A,N/A,0.86,55.1,Bull,0.01,2.56,0.08,38.7,
CRDO,235.95,-0.83,32.97,44.4,N/A,N/A,6.78,53.6,Bull,2.37,-8.79,0.03,38.7,
ACAD,27.96,2.98,6.15,4.6,N/A,N/A,13.84,70.4,Bull,0.09,7.54,0.11,38.7,
AXIA,10.57,0.67,5.38,29.7,N/A,N/A,1.13,56.6,Bull,0.08,2.62,0.06,38.7,
PYPL,58.95,0.7,1.03,50.1,N/A,N/A,16.78,75.9,Bear,-0.01,32.38,0.03,38.6,
CMBT,16.38,2.89,5.07,5.0,N/A,N/A,8.27,61.4,Bull,0.07,5.68,0.09,38.6,
IRTC,124.19,-2.31,1.43,4.2,N/A,N/A,6.43,58.9,Bull,1.47,-0.92,0.03,38.5,
HEI,370.05,0.65,4.17,51.4,N/A,N/A,8.6,65.9,Bull,1.46,6.4,0.01,38.5,
UNM,91.24,-0.16,9.1,14.5,N/A,N/A,5.13,59.5,Bull,0.41,4.6,0.0,38.5,
TXG,48.05,0.4,3.73,6.1,N/A,N/A,22.9,63.7,Bear,-0.34,28.24,0.01,38.3,
EXE,92.54,-0.56,0.09,21.5,N/A,N/A,1.02,54.9,Bull,0.46,2.71,0.01,38.3,
TSHA,6.29,1.45,12.12,1.8,N/A,N/A,6.0,57.0,Bull,0.06,-3.08,0.01,38.1,
RRX,220.04,4.18,8.43,14.6,N/A,N/A,4.42,56.2,Bull,0.58,3.97,1.63,38.1,
PSUS,38.25,-0.16,6.69,1.0,N/A,N/A,0.29,56.1,Bull,0.26,2.57,0.04,38.0,
GCMG,13.76,1.78,12.79,2.7,N/A,N/A,11.99,65.6,Bull,0.06,2.3,0.01,38.0,
ITW,294.88,-0.06,0.83,84.9,N/A,N/A,8.12,66.2,Bull,0.95,11.23,0.01,37.9,
TTD,19.51,0.88,2.2,9.1,N/A,N/A,0.66,55.7,Bull,0.18,2.31,0.03,37.9,
VOYG,32.31,-3.52,42.85,2.0,N/A,N/A,4.52,56.6,Bull,1.09,-5.22,0.07,37.8,
CHE,543.69,0.74,0.8,7.1,N/A,N/A,12.62,75.9,Bull,1.38,13.33,0.05,37.8,
CW,766.33,1.19,12.79,28.0,N/A,N/A,3.77,56.9,Bull,3.83,0.76,0.02,37.8,
UTI,43.01,1.84,4.79,2.3,N/A,N/A,5.19,55.3,Bull,0.29,-13.0,0.01,37.7,
ECPG,96.32,0.82,2.65,2.0,N/A,N/A,9.09,62.3,Bull,0.31,10.03,0.03,37.7,
BBWI,21.28,1.07,8.05,4.2,N/A,N/A,5.36,57.2,Bull,0.08,9.77,0.01,37.6,
CQP,66.0,-1.49,3.0,31.9,N/A,N/A,4.23,56.9,Bull,0.21,3.63,1.1,37.6,
CHRN,23.78,-2.74,28.4,3.6,N/A,N/A,15.02,54.0,Bear,-0.07,31.96,0.01,37.6,
RUSHB,81.04,3.28,4.91,6.3,N/A,N/A,9.53,68.2,Bull,0.21,8.1,0.78,37.6,
MA,576.61,0.96,2.36,500.3,N/A,N/A,8.75,69.8,Bull,1.8,11.1,0.03,37.6,
NOC,554.2,0.48,3.58,78.4,N/A,N/A,1.59,59.4,Bull,2.83,1.67,0.02,37.6,
OSK,157.49,0.49,10.28,9.7,N/A,N/A,8.57,63.3,Bull,0.47,12.54,0.01,37.6,
WDC,551.42,0.52,19.34,189.1,N/A,N/A,3.82,51.9,Bull,5.29,0.2,0.04,37.5,
LSCC,133.99,-2.91,18.62,18.9,N/A,N/A,1.77,51.9,Bull,1.02,1.14,0.06,37.5,
PBR,18.84,0.64,1.34,120.6,N/A,N/A,3.41,57.4,Bull,0.07,9.28,0.02,37.5,
TFX,139.02,-0.79,3.25,6.2,N/A,N/A,5.5,59.8,Bull,0.56,6.65,0.01,37.5,
STOK,32.03,1.14,8.65,2.0,N/A,N/A,4.66,60.4,Bull,0.3,-1.9,0.02,37.5,
AR,35.38,-0.85,0.7,11.0,N/A,N/A,0.45,53.0,Bull,0.22,2.09,0.01,37.4,
SHEL,89.81,-0.03,1.66,255.6,N/A,N/A,5.15,62.4,Bull,0.32,9.2,0.05,37.3,
CBRL,58.22,1.93,2.95,1.3,N/A,N/A,20.82,67.2,Bull,0.05,20.43,0.02,37.2,
RZLV,2.6,-1.65,15.92,1.1,N/A,N/A,3.06,55.6,Bull,0.04,-1.65,0.07,37.1,
EW,90.08,0.54,5.04,51.6,N/A,N/A,3.61,59.2,Bull,0.5,-3.8,0.02,37.0,
SEIC,105.19,0.45,2.25,12.6,N/A,N/A,10.41,72.7,Bull,0.3,11.31,0.02,36.9,
DORM,147.8,15.76,3.23,4.4,Consumer Cyclical,Auto Parts,11.94,61.5,Bear,-0.33,5.84,5.17,36.8,4.75
FBK,62.44,0.62,4.6,3.1,N/A,N/A,9.07,74.5,Bull,0.18,11.85,0.01,36.8,
EVLV,6.0,0.0,8.11,1.1,N/A,N/A,2.77,57.9,Bull,0.06,-0.83,0.02,36.6,
KBR,37.92,0.22,5.52,4.8,N/A,N/A,6.43,60.0,Bull,0.16,4.54,0.0,36.5,
PBF,66.84,1.44,5.51,7.8,N/A,N/A,22.89,62.2,Bear,-0.17,26.35,0.02,36.5,
COHR,320.15,-1.11,44.18,63.3,N/A,N/A,0.09,53.2,Bull,6.75,0.98,0.04,36.4,
AOS,62.92,-0.71,2.03,8.6,N/A,N/A,4.11,58.6,Bull,0.25,6.44,0.01,36.4,
EWTX,44.71,16.48,10.79,4.8,Healthcare,Biotechnology,15.49,60.4,Bear,-0.0,3.65,3.58,36.4,
TPB,84.42,2.35,10.45,1.6,N/A,N/A,2.22,55.8,Bull,0.62,-4.11,0.02,36.3,
PEGA,31.93,0.57,3.17,5.2,N/A,N/A,0.19,55.0,Bull,0.41,1.2,0.0,36.3,
DAC,139.46,0.54,0.62,2.5,N/A,N/A,7.01,63.1,Bull,0.44,10.19,0.03,36.2,
SSRM,28.2,6.09,12.75,5.8,N/A,N/A,0.77,53.6,Bull,0.19,0.0,0.1,36.2,
DNOW,14.51,0.66,8.73,2.6,N/A,N/A,6.78,62.9,Bull,0.04,12.44,0.01,36.1,
GRAB,3.64,-2.15,8.66,15.3,N/A,N/A,1.03,53.1,Bull,0.02,-4.46,0.06,36.1,
CRI,39.65,-0.37,2.46,1.5,N/A,N/A,1.73,52.4,Bull,0.17,4.6,0.01,36.0,
FCFS,214.89,2.65,3.95,9.3,N/A,N/A,0.9,53.6,Bull,0.76,-3.74,1.3,36.0,
AIZ,300.95,6.98,7.1,13.9,N/A,N/A,11.94,76.9,Bull,0.91,8.24,0.07,35.9,
APG,41.6,0.14,8.19,18.0,N/A,N/A,0.91,57.3,Bull,0.27,0.31,0.01,35.8,
AKAM,123.56,0.17,15.04,17.9,N/A,N/A,1.37,54.4,Bull,1.0,-2.38,0.0,35.7,
C,137.76,0.65,8.91,233.4,N/A,N/A,3.51,57.1,Bull,0.65,0.78,0.02,35.7,
HCM,11.57,0.17,3.3,2.0,N/A,N/A,1.28,56.4,Bull,0.05,4.42,0.28,35.5,
CNH,11.15,-0.58,3.67,13.9,N/A,N/A,4.39,56.4,Bull,0.04,8.62,0.01,35.3,
VSXY,91.4,2.45,2.55,7.1,N/A,N/A,16.67,66.8,Bull,0.1,19.35,0.02,35.3,
RJF,181.35,1.55,4.13,34.8,N/A,N/A,10.44,74.0,Bull,0.53,9.67,0.02,35.3,
CSAN,3.16,0.96,3.27,3.1,N/A,N/A,0.35,55.1,Bull,0.01,7.48,0.02,35.3,
MDA,34.58,0.9,20.24,4.8,N/A,N/A,0.38,54.2,Bull,0.63,-10.58,0.0,35.2,
BULLW,2.56,6.67,17.7,1.4,N/A,N/A,14.99,58.2,Bear,-0.01,13.27,1.69,34.9,
AMP,561.95,1.51,4.33,49.8,N/A,N/A,11.77,75.7,Bull,1.12,14.91,0.02,34.9,
IRDM,49.4,-0.41,11.37,5.3,N/A,N/A,6.42,56.1,Bull,0.22,-2.13,0.01,34.9,
CALX,39.47,5.65,6.39,2.5,N/A,N/A,2.05,58.6,Bull,0.14,2.76,0.65,34.6,
CPA,147.19,0.37,8.01,6.0,N/A,N/A,4.25,56.4,Bull,0.68,-0.13,0.01,34.6,
ORKA,98.74,0.62,12.11,5.9,N/A,N/A,19.42,63.9,Bull,0.11,16.98,0.01,34.5,
BRK-B,516.01,-0.23,1.34,5.0,N/A,N/A,4.08,68.1,Bull,2.03,4.29,0.04,34.2,
SE,114.28,2.55,5.45,68.3,N/A,N/A,13.59,66.6,Bull,0.3,8.52,0.07,34.0,
FELE,110.04,0.11,4.42,4.9,N/A,N/A,5.77,61.1,Bull,0.35,8.67,0.0,34.0,
EXP,214.69,-0.6,2.28,6.6,N/A,N/A,1.3,52.3,Bull,0.85,5.43,0.01,33.8,
RHI,41.1,0.27,2.42,4.2,N/A,N/A,18.5,61.4,Bear,-0.11,24.51,0.01,33.8,
DYN,26.76,3.04,6.61,4.8,N/A,N/A,19.52,68.7,Bull,0.04,12.29,0.01,33.5,
RH,188.2,8.32,5.92,3.6,N/A,N/A,14.91,61.7,Bear,-0.84,14.97,1.32,33.4,
JJSF,81.19,3.24,2.5,1.5,N/A,N/A,5.52,62.0,Bull,0.27,6.84,0.03,33.4,
TSLX,17.65,-2.0,0.17,1.7,N/A,N/A,2.44,55.6,Bull,0.07,4.81,0.02,33.4,
TPC,85.68,-0.03,11.74,4.5,N/A,N/A,6.27,57.6,Bull,0.2,13.51,0.01,33.0,
YETI,53.69,3.75,5.09,3.9,N/A,N/A,10.32,63.6,Bull,0.11,12.46,0.07,33.0,
AVNT,38.31,0.37,6.65,3.5,N/A,N/A,4.63,57.3,Bull,0.13,7.22,0.01,32.9,
COGT,42.84,10.24,5.34,7.3,N/A,N/A,13.11,63.5,Bull,0.0,7.07,2.24,32.8,
BCX,11.89,0.25,1.71,1.0,N/A,N/A,2.11,58.6,Bull,0.04,2.94,0.69,32.6,
HQH,22.72,1.7,4.27,1.1,N/A,N/A,8.59,72.5,Bull,0.08,3.89,0.03,32.5,
CNOBP,25.37,0.04,0.75,1.3,N/A,N/A,1.48,78.7,Bull,0.02,1.37,3.9,32.5,
TNL,78.32,0.34,0.79,4.8,N/A,N/A,5.96,59.5,Bull,0.24,7.74,0.01,32.4,
XNCR,20.12,1.03,3.05,1.5,N/A,N/A,23.61,63.3,Bear,-0.05,22.27,0.01,32.3,
MBX,70.7,9.77,17.72,3.4,N/A,N/A,33.89,68.5,Bear,-0.02,14.03,0.95,31.9,
HOPE,14.31,-0.35,1.35,1.8,N/A,N/A,6.98,65.8,Bull,0.04,8.99,0.01,31.8,
NMM,79.21,1.16,1.54,2.3,N/A,N/A,6.22,58.2,Bull,0.26,4.48,0.1,31.7,
VCTR,102.31,-0.3,4.98,6.4,N/A,N/A,11.5,65.8,Bull,0.14,15.95,0.03,31.7,
JCAP,20.5,0.15,0.69,1.1,N/A,N/A,7.65,63.9,Bull,0.04,14.85,0.01,31.6,
FCEL,21.86,-2.84,20.91,1.8,N/A,N/A,5.3,50.4,Bull,0.09,-3.02,0.02,31.4,
ECL,283.85,0.25,0.05,79.7,N/A,N/A,4.36,60.7,Bull,1.02,3.55,0.04,31.2,
ABNB,153.36,2.29,0.23,90.4,N/A,N/A,6.7,61.4,Bull,0.44,7.28,0.06,31.2,
FMBH,52.63,0.27,0.21,1.4,N/A,N/A,8.91,69.5,Bull,0.12,11.22,0.0,31.2,
LGIH,61.46,9.55,0.1,1.4,N/A,N/A,9.89,57.5,Bear,-0.29,4.31,2.62,31.1,
SFNC,24.1,-0.07,2.75,3.5,N/A,N/A,6.71,68.7,Bull,0.07,8.38,0.01,31.1,
MTX,75.39,0.24,2.24,2.3,N/A,N/A,0.76,52.5,Bull,0.28,4.45,0.01,31.0,
MC,69.4,1.03,6.36,5.4,N/A,N/A,3.9,55.3,Bull,0.21,7.46,0.01,31.0,
CNS,84.92,0.99,3.99,4.3,N/A,N/A,9.15,65.7,Bull,0.19,10.99,0.01,30.9,
LPX,75.31,-1.96,2.3,5.4,N/A,N/A,0.96,52.0,Bull,0.27,4.46,0.05,30.7,
SBET,6.18,-2.22,0.65,1.3,N/A,N/A,3.53,53.8,Bull,0.01,13.81,0.01,30.6,
ARCC,19.58,-0.36,4.65,14.1,N/A,N/A,4.81,65.2,Bull,0.06,6.53,0.03,30.6,
PRMB,25.47,9.36,10.64,8.5,N/A,N/A,8.55,62.2,Bull,0.07,7.65,0.02,30.6,
DRH,13.23,-0.49,0.72,2.7,N/A,N/A,9.07,66.1,Bull,0.02,13.61,0.01,30.6,
TBBB,41.92,-0.07,6.18,4.9,N/A,N/A,4.0,55.9,Bull,0.16,2.24,0.01,30.4,
ALC,70.66,-0.46,1.45,35.5,N/A,N/A,2.86,58.8,Bull,0.23,6.16,0.03,30.3,
ENLT,90.54,9.48,4.27,12.6,N/A,N/A,3.39,53.5,Bear,-0.04,10.15,2.22,30.3,
AEBI,13.37,0.0,2.14,1.0,N/A,N/A,6.22,58.1,Bull,0.02,17.28,0.01,30.3,
CMG,35.07,3.7,2.42,42.8,N/A,N/A,3.79,52.7,Bull,0.11,4.91,0.13,30.2,
ALRM,56.01,0.25,0.58,2.8,N/A,N/A,11.67,69.0,Bull,0.12,9.85,0.01,30.2,
LFMDP,23.49,0.13,0.13,1.1,N/A,N/A,1.22,57.1,Bull,0.01,2.09,3.15,30.0,
LKFN,63.93,0.47,0.95,1.6,N/A,N/A,4.52,61.6,Bull,0.16,9.66,0.01,30.0,
LZB,41.51,-0.54,1.4,1.7,N/A,N/A,6.43,59.2,Bull,0.11,8.03,0.01,29.9,
ONTO,287.5,-0.03,31.69,14.3,N/A,N/A,0.85,51.2,Bull,1.21,-1.36,0.01,29.9,
ALMR,27.11,0.15,9.71,1.9,N/A,N/A,10.54,59.4,Bull,0.03,7.45,1.21,29.7,
VISN,12.44,-0.4,7.71,2.8,N/A,N/A,3.94,56.1,Bull,0.05,0.4,0.01,29.7,
DNTH,109.72,-0.62,5.41,6.0,N/A,N/A,13.65,60.0,Bull,0.17,11.88,0.02,29.7,
SLVM,39.01,-0.93,2.0,1.6,N/A,N/A,0.66,53.6,Bull,0.15,2.4,0.01,29.5,
FCF,21.9,-0.23,0.5,2.2,N/A,N/A,7.56,69.3,Bull,0.05,9.61,0.01,29.5,
TRMK,48.29,-0.41,2.9,2.8,N/A,N/A,4.85,64.7,Bull,0.14,7.17,0.01,29.5,
ARDT,11.3,5.12,3.39,1.5,N/A,N/A,11.45,64.8,Bull,0.02,11.33,0.05,29.5,
ATHM,22.88,-0.37,0.59,2.6,N/A,N/A,13.85,69.7,Bull,0.02,14.72,0.0,29.3,
HUBB,502.24,5.5,3.84,26.5,N/A,N/A,2.64,56.2,Bull,0.96,4.88,1.15,29.2,
TILE,34.61,0.0,3.25,2.0,N/A,N/A,6.22,58.1,Bull,0.09,7.69,0.02,29.2,
RVT,18.73,1.63,3.14,2.0,N/A,N/A,3.91,65.2,Bull,0.05,3.08,0.57,29.2,
OBK,55.28,0.55,0.37,1.7,N/A,N/A,7.98,70.5,Bull,0.12,9.6,0.04,28.9,
GAM,66.33,0.93,3.03,1.6,N/A,N/A,3.59,68.7,Bull,0.17,2.61,0.84,28.9,
AVPT,13.63,0.96,4.69,2.9,N/A,N/A,14.02,67.7,Bull,0.02,9.21,0.03,28.8,
MNR,13.36,-1.18,0.68,2.2,N/A,N/A,1.81,54.6,Bull,0.03,4.46,1.04,28.6,
GENB,14.25,-0.21,8.94,1.8,N/A,N/A,0.35,50.2,Bull,0.06,-10.21,0.02,28.5,
SXI,322.72,3.45,9.91,3.9,N/A,N/A,7.35,57.7,Bull,0.57,3.92,1.01,28.4,
DAVE,429.26,7.54,5.61,5.5,N/A,N/A,20.55,63.4,Bear,-5.9,11.8,0.79,28.4,
WMS,150.19,0.29,8.59,11.5,N/A,N/A,3.94,57.5,Bull,0.49,3.54,0.01,28.3,
IBP,234.95,-1.22,2.0,6.4,N/A,N/A,2.61,55.9,Bull,0.59,9.38,0.01,28.2,
ADAMI,25.31,0.68,1.04,2.3,N/A,N/A,1.14,61.7,Bull,0.01,0.88,3.38,28.1,
TSM,421.74,1.1,12.56,2163.7,N/A,N/A,1.68,52.7,Bull,1.62,-3.49,0.05,28.1,
AFRM,80.9,3.56,15.39,26.2,N/A,N/A,9.76,59.2,Bull,0.27,-0.47,0.02,28.0,
EA,209.7,-0.1,0.4,5.0,N/A,N/A,1.77,75.6,Bear,-0.04,2.07,9.66,28.0,
EQIX,1057.34,0.55,4.89,103.8,N/A,N/A,1.38,53.7,Bull,3.48,4.07,0.01,27.9,
VRDN,20.84,7.92,6.82,2.1,N/A,N/A,11.51,64.5,Bull,0.03,1.81,1.29,27.9,
HTH,39.88,-0.3,0.89,2.3,N/A,N/A,3.54,59.4,Bull,0.11,5.89,0.04,27.9,
COO,74.42,-0.36,1.86,14.6,N/A,N/A,6.32,63.2,Bull,0.19,6.91,0.01,27.8,
WFG,69.99,-0.06,5.19,5.5,N/A,N/A,4.41,56.9,Bull,0.18,7.16,0.01,27.6,
IRM,127.33,1.45,5.45,37.3,N/A,N/A,3.17,55.8,Bull,0.29,10.28,0.01,27.6,
MCRI,126.02,0.57,2.44,2.2,N/A,N/A,2.83,56.5,Bull,0.47,-0.09,0.0,27.5,
CNO,55.67,0.46,5.13,5.2,N/A,N/A,8.3,71.9,Bull,0.14,6.23,0.01,27.5,
NKTR,73.05,0.4,3.35,2.5,N/A,N/A,5.75,59.8,Bull,0.24,1.6,0.01,27.5,
STX,854.95,1.14,11.84,191.9,N/A,N/A,1.92,50.2,Bull,3.21,-0.59,0.02,27.4,
AER,157.37,1.47,5.88,27.8,N/A,N/A,6.59,62.5,Bull,0.41,5.66,0.01,27.3,
HASI,38.9,0.83,0.36,5.0,N/A,N/A,1.17,55.4,Bull,0.07,3.32,1.18,27.1,
SCSC,57.8,-1.85,0.73,1.2,N/A,N/A,11.71,66.2,Bull,0.07,11.95,0.02,27.0,
CSWC,24.61,-0.44,4.24,1.6,N/A,N/A,4.91,65.0,Bull,0.07,5.53,0.02,27.0,
DXPE,173.46,1.45,17.06,2.7,N/A,N/A,6.93,58.1,Bull,0.33,9.68,0.01,26.7,
BPYPO,15.35,0.7,0.33,17.9,N/A,N/A,1.42,56.0,Bull,0.01,1.72,2.6,26.6,
UBSI,49.58,0.43,1.43,6.8,N/A,N/A,7.15,70.1,Bull,0.1,9.45,0.01,26.6,
MGNI,21.0,0.67,6.44,3.0,N/A,N/A,15.82,64.9,Bull,0.05,3.4,0.01,26.4,
WBS,79.11,1.49,4.3,12.6,N/A,N/A,4.82,66.5,Bull,0.17,4.85,0.48,26.4,
SYRE,104.94,10.54,4.98,9.2,N/A,N/A,17.1,59.7,Bear,-0.56,11.37,0.78,26.4,
NMIH,44.67,0.44,0.73,3.3,N/A,N/A,8.69,69.0,Bull,0.08,8.94,0.02,26.4,
PFG,116.13,0.76,2.61,24.7,N/A,N/A,6.36,64.3,Bull,0.3,4.87,0.01,26.3,
BCAT,16.06,0.19,4.63,1.7,N/A,N/A,4.21,65.4,Bull,0.05,3.03,0.04,26.3,
EROK,22.01,0.5,5.77,2.8,N/A,N/A,2.42,54.4,Bull,0.08,0.64,0.0,26.0,
TVTX,62.83,12.16,13.08,5.2,N/A,N/A,17.81,69.3,Bull,0.08,7.66,0.13,26.0,
AEG,9.49,1.17,5.21,17.9,N/A,N/A,8.5,69.3,Bull,0.02,8.83,0.04,26.0,
ADMA,8.99,0.9,3.21,2.1,N/A,N/A,1.08,57.4,Bull,0.03,-1.86,0.01,25.8,
XP,17.24,1.59,5.7,8.8,N/A,N/A,2.69,57.3,Bull,0.03,11.66,0.02,25.8,
CCNE,35.92,0.55,1.03,1.1,N/A,N/A,7.54,65.7,Bull,0.07,8.93,0.01,25.8,
NCZ,15.62,0.51,4.13,1.2,N/A,N/A,2.37,56.7,Bull,0.04,0.89,0.75,25.8,
ANDE,74.48,6.61,1.76,2.5,N/A,N/A,2.44,52.8,Bear,-0.63,9.53,1.8,25.7,
NESR,29.01,0.83,18.84,2.9,N/A,N/A,8.56,58.0,Bull,0.06,6.65,0.01,25.6,
BIIB,211.02,1.23,0.86,30.8,N/A,N/A,4.9,56.7,Bull,0.53,5.32,0.01,25.6,
MTG,30.76,-0.61,0.59,6.3,N/A,N/A,8.4,70.5,Bull,0.05,9.35,0.01,25.5,
PPLI,46.43,10.39,10.31,3.5,N/A,N/A,6.76,63.0,Bear,-0.01,-2.5,2.66,25.5,
IMKTA,91.79,0.05,1.13,1.7,N/A,N/A,2.46,56.6,Bull,0.3,1.02,0.05,25.3,
ENIC,4.52,0.49,3.72,6.2,N/A,N/A,2.96,56.7,Bull,0.01,2.77,0.02,25.2,
CSQ,20.89,0.67,7.02,3.3,N/A,N/A,4.0,61.4,Bull,0.06,3.13,0.04,24.9,
IRT,17.25,1.14,2.16,4.0,N/A,N/A,4.24,61.2,Bull,0.05,2.34,0.02,24.8,
PCAR,135.35,-0.45,1.11,71.6,N/A,N/A,8.18,63.8,Bull,0.19,10.49,0.02,24.7,
ATR,136.49,0.23,0.55,8.7,N/A,N/A,7.29,65.4,Bull,0.21,10.28,0.01,24.6,
RVLV,26.28,-0.34,1.82,1.9,N/A,N/A,10.51,61.0,Bear,-0.03,18.49,0.1,24.6,
NPO,334.84,0.22,6.76,7.1,N/A,N/A,2.51,52.6,Bull,0.31,3.52,1.59,24.5,
NVRI,23.86,3.07,7.67,2.0,N/A,N/A,9.95,64.4,Bull,0.02,5.9,0.82,24.4,
BHRB,74.82,0.23,1.61,1.5,N/A,N/A,7.47,68.4,Bull,0.13,8.63,0.02,24.4,
PIPR,76.75,0.8,3.97,5.4,N/A,N/A,0.02,52.4,Bull,0.18,8.27,0.0,24.3,
KARO,65.35,1.01,1.37,2.0,N/A,N/A,16.38,74.1,Bear,-0.2,15.86,0.01,24.2,
TNGX,29.42,0.2,13.81,4.2,N/A,N/A,7.65,55.3,Bull,0.09,-3.98,0.01,24.2,
HWM,291.61,1.18,6.9,115.3,N/A,N/A,6.96,62.6,Bull,0.54,7.37,0.03,24.1,
RELY,24.98,1.4,7.23,5.2,N/A,N/A,11.26,63.6,Bull,0.04,8.12,0.02,24.1,
TR,39.68,0.18,0.28,3.0,N/A,N/A,1.64,56.1,Bull,0.11,3.68,0.03,24.0,
SUZ,8.42,0.84,1.45,10.6,N/A,N/A,0.91,55.9,Bull,0.02,6.18,0.01,23.8,
EXPD,185.0,1.94,8.74,23.7,N/A,N/A,10.08,68.3,Bull,0.16,12.56,0.03,23.8,
MRP,29.54,0.41,5.35,4.9,N/A,N/A,3.81,60.3,Bull,0.07,4.83,0.01,23.6,
ALG,170.33,3.9,3.71,2.1,N/A,N/A,4.92,62.2,Bull,0.14,2.72,1.49,23.4,
ECCV,24.15,0.12,0.58,1.5,N/A,N/A,1.32,66.7,Bull,0.02,1.13,2.02,23.1,
CCC,6.32,-0.16,4.46,3.7,N/A,N/A,13.33,65.1,Bear,-0.0,16.39,0.01,23.1,
ACVA,8.08,1.0,0.12,1.4,N/A,N/A,14.67,61.2,Bear,-0.02,15.59,0.01,23.0,
SFBS,91.14,0.28,1.68,5.0,N/A,N/A,7.19,66.2,Bull,0.14,8.55,0.01,22.9,
PRU,125.64,1.7,2.46,42.9,N/A,N/A,10.78,74.0,Bull,0.1,11.52,0.07,22.9,
WAL,84.63,0.36,4.87,9.2,N/A,N/A,4.15,58.5,Bull,0.16,7.52,0.01,22.9,
BY,39.69,-0.15,1.74,1.8,N/A,N/A,7.96,72.0,Bull,0.06,8.83,0.0,22.8,
POOL,202.55,-0.44,4.7,7.4,N/A,N/A,1.96,54.6,Bull,0.63,-0.81,0.01,22.8,
HD,348.86,0.18,3.13,347.2,N/A,N/A,4.09,58.5,Bull,0.84,3.76,0.02,22.8,
JAZZ,263.0,0.53,2.75,17.0,N/A,N/A,9.29,65.8,Bull,0.45,5.94,0.01,22.7,
PAGS,9.62,1.28,0.86,2.8,N/A,N/A,3.02,56.7,Bull,0.02,9.71,0.06,22.7,
MCHB,16.55,-0.84,0.36,3.7,N/A,N/A,5.35,57.8,Bull,0.03,6.71,0.01,22.5,
BWIN,28.8,-0.21,2.06,4.0,N/A,N/A,14.48,60.2,Bull,0.03,7.18,0.01,22.1,
AMAL,50.03,0.44,1.93,1.5,N/A,N/A,8.65,67.1,Bull,0.04,11.46,0.02,22.1,
GRPN,28.47,3.56,4.59,1.0,N/A,N/A,21.26,60.9,Bear,-0.19,11.52,0.06,22.0,
STNE,11.34,0.98,3.47,2.7,N/A,N/A,1.96,55.0,Bull,0.02,7.79,0.07,22.0,
RBRK,81.51,0.64,13.35,16.7,N/A,N/A,10.0,59.3,Bull,0.2,-3.42,0.02,22.0,
LQDA,89.15,0.87,2.68,7.9,N/A,N/A,19.35,63.3,Bear,-0.08,12.18,0.02,22.0,
NMAX,8.38,0.18,9.62,1.1,N/A,N/A,5.81,55.8,Bull,0.02,-0.77,0.02,22.0,
NBTX,40.83,3.33,7.89,1.9,N/A,N/A,6.64,55.9,Bull,0.08,5.24,0.03,21.8,
CROX,140.2,-0.7,5.0,6.8,N/A,N/A,11.57,60.7,Bull,0.03,14.51,0.01,21.8,
MELI,1921.88,1.77,3.14,95.7,N/A,N/A,7.68,68.7,Bull,3.06,6.22,0.06,21.7,
ATEX,106.35,11.19,16.39,2.1,N/A,N/A,22.54,61.6,Bear,-1.03,5.4,0.76,21.7,
HLIO,81.46,1.56,5.26,2.7,N/A,N/A,1.55,52.6,Bull,0.11,1.96,1.14,21.6,
GLP,49.24,-1.03,1.25,1.7,N/A,N/A,2.77,55.9,Bull,0.08,1.59,0.94,21.5,
BSAC,35.08,1.01,2.57,16.4,N/A,N/A,5.74,62.0,Bull,0.06,6.11,0.01,21.5,
HWCPZ,22.26,0.13,0.09,1.9,N/A,N/A,1.03,61.0,Bull,0.01,1.64,1.77,21.2,
PVLA,151.99,7.96,6.41,2.2,N/A,N/A,12.48,56.7,Bear,-0.57,4.32,1.27,21.1,
TALO,14.81,3.82,3.96,2.4,N/A,N/A,2.66,53.4,Bull,0.03,4.11,0.09,21.1,
ZBIO,31.99,1.81,2.89,2.0,N/A,N/A,19.62,61.9,Bear,-0.29,11.21,0.01,21.1,
BPYPN,13.94,0.18,0.36,16.2,N/A,N/A,1.16,53.8,Bear,-0.0,0.87,2.35,21.0,
BANR,71.81,2.54,2.54,2.4,N/A,N/A,6.49,65.8,Bull,0.02,7.45,1.0,20.9,
TRNZ,25.49,0.35,0.59,1.8,N/A,N/A,1.3,68.6,Bull,0.02,0.99,1.78,20.8,
OBDC,11.15,-0.49,3.39,5.6,N/A,N/A,2.58,58.2,Bull,0.02,3.58,0.02,20.7,
CBC,33.22,-0.42,1.68,8.0,N/A,N/A,8.98,71.7,Bull,0.04,8.63,0.02,20.7,
ETSY,87.57,1.32,2.33,8.2,N/A,N/A,13.96,64.5,Bear,-0.07,13.44,0.02,20.6,
FTDR,77.14,0.51,2.85,5.4,N/A,N/A,7.62,60.7,Bull,0.12,5.48,0.02,20.6,
ARCO,8.46,1.44,2.17,1.8,N/A,N/A,1.45,55.9,Bull,0.02,3.42,0.01,20.5,
SAIC,120.88,0.42,3.3,5.1,N/A,N/A,8.31,61.9,Bull,0.16,7.09,0.01,20.4,
BFST,32.1,0.09,0.28,1.0,N/A,N/A,6.2,66.0,Bull,0.04,8.3,0.02,20.3,
IX,41.56,3.28,6.24,45.2,N/A,N/A,6.98,62.0,Bull,0.06,5.59,0.01,20.1,
NTCT,42.16,-0.12,8.3,3.1,N/A,N/A,4.33,56.2,Bull,0.11,-1.95,0.02,20.0,
MIDD,137.64,-0.82,3.47,6.3,N/A,N/A,4.49,57.0,Bull,0.26,4.1,0.03,19.8,
IDT,67.44,0.57,0.51,1.7,N/A,N/A,11.89,69.7,Bull,0.01,12.49,0.01,19.7,
NCV,17.07,0.47,3.64,1.5,N/A,N/A,1.58,55.5,Bull,0.04,1.08,0.08,19.7,
NMFCZ,25.12,0.28,0.46,2.7,N/A,N/A,0.88,64.7,Bull,0.0,0.38,2.19,19.6,
MSGE,78.01,1.35,1.06,3.7,N/A,N/A,4.99,57.0,Bull,0.03,4.04,1.24,19.5,
SCCD,24.85,0.02,0.3,1.2,N/A,N/A,0.56,60.9,Bull,0.02,0.71,1.43,19.4,
PB,75.04,0.21,1.1,9.0,N/A,N/A,4.04,62.1,Bull,0.12,6.55,0.01,19.4,
OC,145.53,1.62,1.68,11.7,N/A,N/A,7.75,59.0,Bear,-0.43,2.89,1.51,19.3,
OPY,116.91,3.34,4.52,1.3,N/A,N/A,8.5,60.5,Bear,-0.09,2.58,1.49,19.3,
PSMT,195.81,1.26,1.68,6.0,N/A,N/A,6.26,59.8,Bull,0.34,3.54,0.03,19.2,
LOB,43.78,0.33,2.49,2.0,N/A,N/A,7.36,63.2,Bull,0.04,8.43,0.01,19.2,
JEF,56.46,1.34,2.46,10.8,N/A,N/A,3.72,54.9,Bull,0.05,10.48,0.01,19.2,
BRC,97.78,0.07,3.24,4.6,N/A,N/A,8.18,66.2,Bull,0.07,9.75,0.01,19.1,
UHAL,73.58,-0.29,2.74,14.4,N/A,N/A,11.83,68.1,Bear,-0.21,13.1,0.01,19.1,
VSECU,54.33,5.05,5.09,1.5,N/A,N/A,5.18,56.8,Bull,0.07,-1.98,0.88,19.0,
NWBI,15.93,-0.5,0.25,2.3,N/A,N/A,6.27,65.7,Bull,0.02,7.78,0.02,19.0,
TRST,58.08,0.59,3.73,1.0,N/A,N/A,7.21,66.5,Bull,0.05,8.66,0.01,18.9,
DLTR,131.25,0.41,1.78,25.1,N/A,N/A,9.75,63.3,Bull,0.14,6.18,0.01,18.7,
SCCE,24.54,0.25,1.15,1.2,N/A,N/A,0.93,60.0,Bull,0.03,0.37,0.97,18.6,
EQBK,51.54,1.06,1.1,1.1,N/A,N/A,5.85,65.8,Bull,0.02,5.83,0.8,18.5,
BLCO,16.8,0.72,3.7,6.0,N/A,N/A,3.51,57.2,Bull,0.04,0.84,0.0,18.4,
PEN,323.78,-0.14,1.14,12.8,N/A,N/A,1.02,66.0,Bull,0.73,2.05,0.01,18.4,
AZZ,151.65,-0.69,7.37,4.6,N/A,N/A,3.32,54.9,Bull,0.24,5.78,0.0,18.4,
UGP,6.41,1.5,2.97,7.0,N/A,N/A,10.18,63.8,Bear,-0.02,13.14,0.02,18.4,
JBIO,21.35,11.49,8.38,1.1,N/A,N/A,5.59,56.2,Bear,-0.03,-4.9,1.87,18.3,
TRS,41.17,1.63,4.68,1.5,N/A,N/A,1.49,53.4,Bull,0.1,0.81,0.01,18.2,
DRTS,13.08,9.73,13.25,1.2,N/A,N/A,14.96,58.5,Bear,-0.13,2.55,0.96,18.1,
AMH,34.46,-0.2,2.22,12.4,N/A,N/A,4.31,60.8,Bull,0.06,3.51,0.01,17.9,
DOCS,21.78,-0.5,0.69,4.0,N/A,N/A,0.8,53.8,Bull,0.05,0.41,0.01,17.9,
TNC,89.22,3.96,1.16,1.5,N/A,N/A,4.41,57.6,Bull,0.04,2.91,1.16,17.9,
LMRI,11.35,0.8,3.46,1.1,N/A,N/A,7.95,57.1,Bear,-0.07,-7.65,1.67,17.9,
XMTR,91.66,5.34,10.45,4.8,N/A,N/A,5.42,52.3,Bear,-0.9,-1.55,1.81,17.8,
SCCG,24.5,-0.16,1.74,1.2,N/A,N/A,1.24,61.7,Bull,0.04,-0.45,0.64,17.7,
MPC,314.53,0.61,1.88,91.3,N/A,N/A,11.02,63.6,Bear,-1.49,12.06,0.02,17.7,
NRIX,24.69,6.33,2.24,2.6,N/A,N/A,15.69,65.4,Bear,-0.16,1.19,1.02,17.5,
VTRS,17.88,1.02,0.34,20.6,N/A,N/A,7.21,63.1,Bull,0.02,7.32,0.02,17.3,
BSM,14.86,0.54,0.61,3.1,N/A,N/A,4.1,61.2,Bull,0.02,4.87,0.06,17.2,
WEN,7.77,1.04,1.57,1.5,N/A,N/A,4.46,54.8,Bull,0.01,4.3,0.03,17.2,
LYG,6.25,0.48,6.47,92.2,N/A,N/A,6.96,59.5,Bull,0.01,5.93,0.03,17.1,
EPC,28.76,0.82,1.93,1.3,N/A,N/A,12.65,62.0,Bear,-0.16,10.63,0.02,17.1,
GNTX,24.14,0.06,0.69,5.2,N/A,N/A,0.63,51.7,Bull,0.05,3.32,0.01,17.0,
JPM,361.33,1.07,4.82,958.0,N/A,N/A,8.06,67.4,Bull,0.17,9.29,0.03,16.9,
SPB,90.56,-0.45,2.58,2.1,N/A,N/A,6.06,61.4,Bull,0.04,10.97,0.02,16.9,
PSX,209.69,1.85,1.39,82.5,N/A,N/A,9.57,63.9,Bear,-0.77,11.65,0.04,16.8,
FBP,29.17,-0.14,0.9,4.5,N/A,N/A,9.16,71.6,Bear,-0.01,12.11,0.01,16.7,
SEZL,177.23,8.67,12.89,6.0,N/A,N/A,18.02,59.2,Bear,-1.65,-0.23,0.93,16.7,
ETW,9.7,0.57,4.59,1.1,N/A,N/A,3.1,62.7,Bull,0.02,2.65,0.1,16.7,
CNOB,33.65,0.54,1.66,1.7,N/A,N/A,5.0,58.6,Bull,0.01,4.5,0.81,16.6,
DMRA,30.55,1.77,7.84,1.8,N/A,N/A,11.14,57.3,Bear,-0.26,10.97,0.0,16.6,
HSIC,89.15,0.05,3.87,10.2,N/A,N/A,7.2,66.8,Bull,0.07,7.13,0.03,16.6,
CFG,74.03,0.48,4.49,31.0,N/A,N/A,7.16,63.5,Bull,0.04,8.68,0.01,16.5,
VLO,311.67,0.95,3.84,88.9,N/A,N/A,11.43,64.3,Bear,-0.98,10.61,0.02,16.5,
MEDP,588.2,2.28,0.56,16.1,N/A,N/A,11.64,63.7,Bear,-0.92,10.57,0.0,16.4,
CXT,54.43,-0.46,4.67,3.1,N/A,N/A,11.3,65.2,Bear,-0.09,10.65,0.01,16.4,
OZK,52.04,-0.34,0.96,5.9,N/A,N/A,3.64,58.1,Bull,0.06,6.43,0.01,16.2,
GIII,36.55,0.19,0.03,1.5,N/A,N/A,6.51,61.4,Bull,0.02,8.14,0.01,16.2,
TCBK,58.63,1.02,1.05,1.9,N/A,N/A,6.25,59.0,Bear,-0.34,9.14,0.45,16.0,
COMP,12.27,2.25,5.68,9.0,N/A,N/A,13.88,60.4,Bear,-0.04,8.39,0.09,16.0,
GPC,131.57,-0.74,1.23,18.3,N/A,N/A,11.23,63.5,Bull,0.09,5.49,0.01,15.9,
PII,73.58,-0.24,9.37,4.2,N/A,N/A,6.85,57.4,Bull,0.0,12.09,0.01,15.9,
UZF,16.92,-0.07,1.79,1.5,N/A,N/A,0.05,55.6,Bull,0.03,0.11,0.28,15.6,
CCK,121.17,-0.41,1.17,13.2,N/A,N/A,9.14,64.9,Bear,-0.02,10.91,0.01,15.5,
ALX,273.84,4.61,2.99,1.4,N/A,N/A,3.2,53.8,Bear,-1.91,1.28,1.52,15.5,
HOMB,31.51,0.32,0.25,6.3,N/A,N/A,7.52,71.3,Bear,-0.0,11.7,0.01,15.5,
BKU,48.38,1.0,5.08,3.5,N/A,N/A,2.17,56.2,Bull,0.08,2.27,0.01,15.4,
LNN,117.73,4.01,2.25,1.2,N/A,N/A,2.58,57.0,Bull,0.09,2.16,0.83,15.4,
CATY,64.14,-0.33,1.42,4.3,N/A,N/A,5.36,62.3,Bull,0.06,6.37,0.01,15.3,
AFGE,16.23,0.19,1.44,1.3,N/A,N/A,0.72,57.9,Bull,0.02,1.88,0.6,15.2,
STVN,20.64,5.04,1.13,6.0,N/A,N/A,9.82,60.2,Bull,0.01,6.83,0.04,15.0,
UZD,19.2,0.3,1.05,1.7,N/A,N/A,0.64,59.0,Bull,0.02,2.15,0.72,15.0,
WSFS,81.75,-0.23,1.38,4.3,N/A,N/A,6.21,64.0,Bull,0.04,8.58,0.01,15.0,
ONC,331.24,2.55,1.23,35.9,N/A,N/A,8.28,65.2,Bear,-0.53,9.73,0.11,14.8,
KB,119.98,-0.11,3.66,43.0,N/A,N/A,6.32,55.9,Bear,-0.36,3.9,0.93,14.8,
FRO,39.15,0.45,0.04,8.7,N/A,N/A,4.66,55.0,Bull,0.06,1.78,0.05,14.7,
GSBD,8.9,-0.61,0.4,1.0,N/A,N/A,0.19,51.4,Bull,0.02,-0.39,0.01,14.7,
OFG,53.4,-0.02,2.03,2.3,N/A,N/A,8.06,68.1,Bull,0.01,9.38,0.01,14.5,
ANRO,28.37,0.5,6.18,1.1,N/A,N/A,11.29,58.4,Bear,-0.07,8.74,0.02,14.5,
QGEN,42.27,-0.14,1.1,8.7,N/A,N/A,6.28,62.9,Bear,-0.04,11.24,0.01,14.5,
GILD,135.63,0.28,2.19,167.9,N/A,N/A,3.32,58.6,Bull,0.21,-0.14,0.21,14.4,
IBN,30.39,0.2,2.97,108.6,N/A,N/A,5.95,63.6,Bull,0.02,6.22,0.01,14.4,
DLO,15.46,1.05,5.96,4.5,N/A,N/A,10.94,65.0,Bull,0.0,6.69,0.11,14.3,
CFR,168.38,0.07,0.87,10.5,N/A,N/A,8.32,68.9,Bull,0.01,9.54,0.01,14.3,
WSBC,42.22,-0.21,0.76,4.1,N/A,N/A,8.69,66.4,Bear,-0.01,9.86,0.01,14.3,
GOODN,23.43,1.69,1.87,1.1,N/A,N/A,3.71,65.0,Bull,0.02,4.02,0.39,14.3,
HBNC,20.75,-0.24,0.39,1.1,N/A,N/A,5.58,62.2,Bull,0.01,7.51,0.01,14.3,
HCXY,24.9,-0.64,1.18,4.5,N/A,N/A,0.98,57.1,Bull,0.03,0.46,0.69,14.2,
GDV,30.39,0.66,2.74,2.7,N/A,N/A,3.64,68.2,Bull,0.04,3.22,0.1,14.2,
SCCF,24.5,0.41,2.08,1.2,N/A,N/A,0.85,59.4,Bull,0.04,0.04,0.35,14.2,
HALO,83.52,0.35,0.29,9.9,N/A,N/A,9.21,66.8,Bull,0.07,3.92,0.01,14.1,
GHRS,28.87,-0.86,3.18,2.0,N/A,N/A,12.91,60.8,Bear,-0.08,7.52,0.02,14.1,
PH,994.0,0.14,4.51,125.2,N/A,N/A,4.48,59.8,Bull,0.76,5.84,0.06,13.9,
ZD,55.15,-0.42,1.61,2.0,N/A,N/A,9.72,63.8,Bull,0.02,6.09,0.01,13.9,
GEO,31.82,1.69,6.24,4.2,N/A,N/A,12.03,66.5,Bear,-0.06,7.32,0.06,13.8,
MFAN,24.99,0.16,0.58,2.6,N/A,N/A,1.09,66.4,Bull,0.01,0.89,1.27,13.8,
FBNC,65.6,0.07,3.92,2.7,N/A,N/A,5.19,61.0,Bull,0.06,5.31,0.0,13.8,
ONBPO,25.2,0.23,0.6,9.6,N/A,N/A,1.04,62.9,Bull,0.01,1.08,1.06,13.7,
TRVI,19.08,1.76,5.47,2.7,N/A,N/A,12.72,58.4,Bull,0.01,2.64,0.01,13.7,
ASB,31.75,0.0,3.35,6.0,N/A,N/A,5.68,63.0,Bull,0.02,6.47,0.01,13.7,
AYI,348.58,4.21,1.28,10.4,N/A,N/A,7.37,58.4,Bear,-0.05,2.81,0.85,13.6,
FLR,51.72,0.35,10.44,7.2,N/A,N/A,3.13,54.0,Bull,0.06,4.46,0.01,13.6,
ASBA,24.71,0.04,0.65,3.7,N/A,N/A,0.5,58.6,Bull,0.02,1.06,0.66,13.6,
RF,32.1,0.47,3.75,27.3,N/A,N/A,6.7,65.1,Bull,0.01,7.65,0.02,13.5,
LUV,48.83,0.28,10.04,23.8,N/A,N/A,5.37,56.7,Bull,0.07,0.36,0.01,13.5,
ILMN,201.01,-0.99,3.18,30.7,N/A,N/A,11.92,60.4,Bear,-0.06,7.03,0.02,13.2,
V,371.08,0.4,0.64,660.4,N/A,N/A,6.85,66.8,Bull,0.14,6.78,0.03,13.2,
OTIS,73.79,0.2,0.58,28.0,N/A,N/A,0.93,55.2,Bull,0.11,2.38,0.01,13.0,
ALLY,45.22,0.51,6.02,13.7,N/A,N/A,2.73,55.6,Bull,0.06,2.37,0.01,13.0,
BOKF,144.69,0.63,1.58,8.8,N/A,N/A,5.18,64.6,Bull,0.03,3.03,0.72,13.0,
FLYW,18.22,5.56,10.02,2.1,N/A,N/A,10.37,60.9,Bull,0.01,3.35,0.07,13.0,
POWWP,24.54,0.49,1.03,2.9,N/A,N/A,1.49,57.5,Bull,0.02,0.9,0.76,13.0,
CGEM,17.55,8.0,0.46,1.1,N/A,N/A,5.82,53.4,Bear,-0.16,-3.36,1.2,12.9,
SCHW,107.0,0.61,2.42,185.0,N/A,N/A,8.45,69.3,Bull,0.05,5.21,0.02,12.9,
OCSL,12.23,0.78,2.64,1.1,N/A,N/A,3.11,57.9,Bull,0.01,2.56,0.12,12.9,
ETV,15.04,0.94,3.51,1.6,N/A,N/A,2.55,58.7,Bull,0.0,0.79,1.21,12.8,
CAH,237.4,1.65,3.62,54.7,N/A,N/A,5.67,60.6,Bull,0.32,0.11,0.03,12.7,
GAB,5.74,0.09,2.96,1.7,N/A,N/A,2.5,58.9,Bull,0.01,1.15,0.15,12.7,
NIC,175.0,-0.07,2.31,3.7,N/A,N/A,8.37,67.0,Bear,-0.06,8.42,0.01,12.7,
ESTA,94.64,0.03,2.94,2.8,N/A,N/A,9.82,63.5,Bear,-0.26,7.55,0.01,12.6,
SLMBP,74.8,0.4,0.21,14.1,N/A,N/A,0.71,55.7,Bull,0.04,1.78,0.81,12.6,
CII,24.6,0.37,2.93,3.7,N/A,N/A,0.48,50.3,Bear,-0.04,-2.12,1.45,12.3,
NGVT,75.56,-0.03,7.0,2.6,N/A,N/A,3.82,57.4,Bull,0.05,5.63,0.01,12.3,
NOV,19.95,-0.18,4.7,7.1,N/A,N/A,2.02,54.7,Bull,0.01,6.48,0.01,12.2,
RWTN,24.94,-0.04,0.24,3.2,N/A,N/A,0.48,53.4,Bull,0.0,0.77,1.3,12.2,
BUSEP,26.06,-0.46,0.12,2.2,N/A,N/A,0.68,55.0,Bull,0.01,0.54,0.86,12.1,
LGND,300.79,3.0,1.52,6.0,N/A,N/A,7.09,54.6,Bear,-2.75,-5.84,1.03,12.1,
BAC,62.96,0.09,3.09,439.8,N/A,N/A,7.5,66.9,Bear,-0.08,7.98,0.04,12.0,
EQH,49.12,1.79,2.23,13.6,N/A,N/A,7.49,60.6,Bear,-0.13,8.13,0.01,12.0,
NBN,135.32,2.21,7.01,1.1,N/A,N/A,5.75,57.8,Bull,0.03,2.0,0.66,12.0,
AGNCO,25.54,0.04,0.63,30.3,N/A,N/A,1.41,72.4,Bull,0.0,0.79,1.19,12.0,
MET,96.48,0.36,0.06,61.9,N/A,N/A,8.09,68.4,Bear,-0.04,7.74,0.01,11.9,
MSM,128.04,1.02,5.84,7.1,N/A,N/A,7.92,63.9,Bear,-0.21,7.6,0.02,11.8,
ATHS,24.85,0.32,0.77,5.1,N/A,N/A,0.97,58.5,Bull,0.0,1.14,1.15,11.8,
WTS,358.09,2.16,3.32,12.0,N/A,N/A,5.53,59.0,Bull,0.05,0.22,0.94,11.8,
USAC,26.26,-0.21,3.24,3.8,N/A,N/A,0.1,51.8,Bull,0.04,-0.82,0.01,11.7,
RHLD,135.72,1.5,1.96,1.1,N/A,N/A,2.59,53.7,Bear,-0.32,-4.67,1.24,11.7,
CLBT,15.74,-0.22,4.48,3.9,N/A,N/A,7.99,59.9,Bull,0.02,-4.63,0.01,11.7,
GNK,26.01,0.15,3.13,1.1,N/A,N/A,4.71,55.7,Bull,0.02,3.38,0.03,11.7,
CRBG,32.12,1.65,1.17,14.4,N/A,N/A,7.53,61.2,Bear,-0.1,7.6,0.02,11.6,
MTB,253.84,0.31,1.4,37.1,N/A,N/A,6.71,63.2,Bear,-0.44,8.19,0.01,11.6,
NMRK,15.9,0.6,6.75,2.8,N/A,N/A,3.87,56.1,Bull,0.01,3.21,0.02,11.6,
RNST,44.2,-0.23,0.84,4.1,N/A,N/A,4.16,60.1,Bull,0.02,6.56,0.01,11.5,
NU,14.52,1.33,3.42,69.6,N/A,N/A,5.49,58.6,Bear,-0.01,8.6,0.01,11.5,
LLYVK,103.54,0.68,0.85,9.5,N/A,N/A,2.58,53.2,Bull,0.01,-3.31,1.09,11.3,
NHPAP,23.25,-0.34,0.43,1.7,N/A,N/A,3.17,63.6,Bear,-0.03,0.87,1.06,11.3,
PRG,45.97,0.25,7.47,1.8,N/A,N/A,9.86,59.5,Bear,-0.13,6.28,0.01,11.3,
VNO,40.8,-0.27,0.37,7.6,N/A,N/A,8.0,59.8,Bear,-0.03,7.2,0.01,11.3,
SENEA,175.24,0.55,3.01,1.2,N/A,N/A,7.14,60.1,Bull,0.19,-1.42,0.02,11.2,
UMBFO,26.58,-0.26,1.41,2.0,N/A,N/A,1.15,58.9,Bull,0.01,0.3,0.85,11.1,
SATA,98.07,0.27,2.91,8.2,N/A,N/A,2.47,57.9,Bull,0.09,2.83,0.04,11.0,
JOYY,74.83,-0.05,1.14,3.9,N/A,N/A,9.04,68.3,Bear,-0.05,6.47,0.0,11.0,
EBC,23.33,-0.24,1.28,5.4,N/A,N/A,6.25,60.7,Bear,-0.04,7.73,0.01,10.9,
BPYPP,16.08,1.34,1.26,18.7,N/A,N/A,2.29,55.1,Bear,-0.0,3.71,0.73,10.9,
PPG,118.68,0.74,6.12,26.2,N/A,N/A,2.73,54.5,Bull,0.09,3.85,0.01,10.8,
TFSL,18.56,-0.27,1.92,5.2,N/A,N/A,7.21,64.7,Bear,-0.03,6.97,0.01,10.7,
KOD,43.0,0.26,7.47,2.7,N/A,N/A,9.63,57.6,Bear,-0.08,5.83,0.01,10.7,
ELPC,11.79,1.11,3.33,8.7,N/A,N/A,0.81,52.8,Bull,0.01,2.79,0.01,10.6,
AQNB,25.63,-0.16,0.47,19.7,N/A,N/A,0.45,58.5,Bull,0.02,0.43,0.56,10.5,
TY,35.6,1.25,1.74,1.9,N/A,N/A,2.85,63.5,Bull,0.01,2.01,0.67,10.4,
FNB,19.42,0.21,2.21,6.9,N/A,N/A,4.19,59.7,Bull,0.01,5.49,0.0,10.4,
SNA,418.09,-0.06,0.79,21.6,N/A,N/A,4.98,60.3,Bull,0.21,4.23,0.01,10.3,
WDFC,236.0,3.83,2.9,3.2,N/A,N/A,2.25,51.6,Bear,-1.86,-5.09,1.1,10.3,
BNY,159.4,1.64,4.52,106.4,N/A,N/A,6.89,62.1,Bear,-0.48,6.59,0.02,10.2,
BPOP,177.1,0.75,2.84,11.3,N/A,N/A,7.14,65.9,Bear,-0.11,6.52,0.01,10.2,
CPF,40.13,0.35,1.67,1.0,N/A,N/A,6.65,66.7,Bear,-0.0,6.79,0.01,10.2,
MUFG,22.46,2.89,2.37,259.1,N/A,N/A,6.66,56.9,Bear,-0.1,6.55,0.04,10.2,
AGNCM,25.08,-0.24,0.44,29.7,N/A,N/A,1.36,62.1,Bear,-0.0,0.72,1.04,10.0,
CR,226.79,1.2,9.7,13.0,N/A,N/A,7.74,60.3,Bear,-0.25,5.91,0.03,10.0,
AUB,43.53,0.31,2.12,6.2,N/A,N/A,5.98,62.7,Bear,-0.02,6.99,0.01,10.0,
MFG,10.77,4.21,9.84,128.7,N/A,N/A,8.51,60.2,Bear,-0.01,5.33,0.03,9.9,
WSC,26.51,-0.54,9.93,4.8,N/A,N/A,2.3,52.1,Bull,0.01,5.51,0.02,9.9,
NMR,9.98,2.42,3.16,28.3,N/A,N/A,8.31,63.7,Bear,-0.03,5.56,0.01,9.8,
SKWD,62.62,1.7,0.15,2.5,N/A,N/A,11.54,62.2,Bear,-0.18,3.72,0.04,9.8,
IRON,77.89,0.12,5.73,3.0,N/A,N/A,5.77,57.0,Bull,0.08,-2.71,0.02,9.8,
CPAC,12.39,4.29,2.4,1.0,N/A,N/A,7.11,65.7,Bull,0.0,4.56,0.11,9.8,
BDJ,9.85,0.31,2.5,1.7,N/A,N/A,4.08,68.0,Bull,0.01,3.15,0.06,9.7,
STT,187.22,1.07,6.35,50.9,N/A,N/A,8.18,62.8,Bear,-0.46,5.52,0.01,9.7,
MFAO,25.06,-0.12,0.57,2.6,N/A,N/A,1.11,66.9,Bull,0.01,0.89,0.63,9.7,
TFIN,79.55,-0.35,4.82,1.9,N/A,N/A,6.17,56.6,Bear,-0.14,6.59,0.0,9.7,
AFGB,20.74,0.29,0.53,1.7,N/A,N/A,0.81,58.9,Bull,0.01,1.42,0.57,9.6,
CMPR,102.82,0.07,5.33,2.5,N/A,N/A,7.06,58.6,Bull,0.01,5.15,0.03,9.6,
ABXL,25.96,0.12,0.43,1.9,N/A,N/A,1.24,65.0,Bull,0.01,1.68,0.68,9.5,
AFGC,17.92,-0.03,0.42,1.5,N/A,N/A,0.04,53.4,Bull,0.02,0.11,0.36,9.5,
COR,323.88,5.75,1.65,59.6,N/A,N/A,8.09,66.2,Bear,-0.05,4.62,0.1,9.5,
OKTA,149.06,0.84,8.87,25.7,N/A,N/A,15.48,63.4,Bear,-0.47,1.56,0.02,9.5,
LLYVA,100.38,0.81,0.32,9.2,N/A,N/A,2.83,54.1,Bull,0.12,-1.88,0.0,9.5,
EWBC,133.5,0.07,3.1,18.3,N/A,N/A,4.01,60.5,Bull,0.04,5.26,0.01,9.5,
CMP,30.05,0.79,2.47,1.3,N/A,N/A,2.14,53.0,Bull,0.02,3.28,0.02,9.4,
BLTE,157.27,1.6,0.85,6.2,N/A,N/A,3.15,54.3,Bull,0.06,-0.27,0.63,9.4,
ROKU,147.04,-0.19,1.18,21.7,N/A,N/A,7.42,67.6,Bear,-0.09,5.6,0.01,9.4,
FBIN,51.27,-2.77,4.38,6.3,N/A,N/A,7.7,55.8,Bear,-0.21,5.06,0.06,9.4,
CIMN,24.99,0.4,0.53,2.0,N/A,N/A,0.98,61.3,Bull,0.01,1.17,0.65,9.3,
TEO,13.66,-0.11,0.85,5.9,N/A,N/A,2.43,51.7,Bull,0.01,5.36,0.01,9.3,
OXLCL,24.59,0.04,0.1,4.3,N/A,N/A,1.06,57.8,Bull,0.01,0.37,0.78,9.2,
HWC,78.28,-0.31,1.69,6.4,N/A,N/A,5.85,62.9,Bear,-0.06,6.16,0.01,9.1,
BCS,28.27,0.91,8.54,97.4,N/A,N/A,6.23,56.7,Bear,-0.05,5.54,0.05,9.1,
RZC,25.57,-0.08,0.87,1.7,N/A,N/A,1.2,66.4,Bull,0.01,0.83,0.46,9.0,
FHN,26.13,0.15,1.4,12.4,N/A,N/A,3.56,59.5,Bull,0.01,3.49,0.01,9.0,
SFB,19.8,0.35,0.76,2.0,N/A,N/A,0.86,59.0,Bull,0.0,0.76,0.9,8.9,
IFS,59.0,-1.34,1.69,6.8,N/A,N/A,5.45,54.3,Bear,-0.32,1.27,0.59,8.9,
R,268.8,2.45,3.33,10.3,N/A,N/A,3.31,54.3,Bear,-0.94,1.08,0.73,8.8,
USB,64.3,0.11,2.36,99.6,N/A,N/A,5.92,61.4,Bear,-0.17,5.41,0.03,8.6,
BCH,41.54,0.39,1.84,20.9,N/A,N/A,4.06,56.5,Bull,0.01,4.71,0.01,8.6,
FOR,29.35,1.56,0.03,1.5,N/A,N/A,1.61,51.8,Bear,-0.02,-2.88,0.94,8.6,
GHM,107.15,2.24,21.36,1.2,N/A,N/A,3.27,53.3,Bull,0.1,0.47,0.01,8.5,
GH,159.6,-0.12,10.78,21.4,N/A,N/A,12.02,59.0,Bull,0.01,2.2,0.01,8.5,
INVH,30.28,-0.62,0.56,18.0,N/A,N/A,2.91,55.8,Bull,0.02,2.19,0.01,8.5,
TFC,52.87,0.4,1.07,64.3,N/A,N/A,3.92,59.1,Bear,-0.02,6.4,0.01,8.5,
BMA,91.39,-1.48,0.62,5.8,N/A,N/A,2.3,49.8,Bear,-0.23,-0.28,0.87,8.4,
SLAB,218.39,0.18,0.52,7.2,N/A,N/A,0.5,56.3,Bull,0.09,0.27,0.61,8.4,
RVMD,194.43,0.5,7.47,41.1,N/A,N/A,11.72,60.3,Bear,-0.25,2.46,0.01,8.4,
BULL,7.58,0.0,8.13,4.0,N/A,N/A,6.98,55.4,Bear,-0.04,4.7,0.01,8.3,
NSC,338.88,-0.7,0.93,76.7,N/A,N/A,4.28,57.7,Bear,-0.77,6.16,0.01,8.3,
MCB,94.21,1.72,2.72,1.2,N/A,N/A,0.58,50.0,Bear,-0.26,-2.58,0.95,8.2,
FRA,10.86,0.09,1.31,1.6,N/A,N/A,0.86,58.1,Bull,0.01,1.34,0.03,8.2,
CXW,31.38,4.06,5.46,3.0,N/A,N/A,10.07,60.1,Bear,-0.28,2.47,0.08,8.2,
ONB,27.1,-0.18,1.57,10.4,N/A,N/A,5.36,61.4,Bear,-0.01,5.32,0.01,8.1,
ADAMM,25.1,0.0,0.16,2.3,N/A,N/A,0.87,57.5,Bear,-0.01,1.05,0.8,8.1,
FULT,24.89,0.04,1.76,4.8,N/A,N/A,5.39,61.7,Bear,-0.04,5.24,0.01,8.0,
WFC,88.9,0.58,6.0,267.3,N/A,N/A,4.94,60.1,Bull,0.02,3.91,0.01,7.8,
AVBP,31.49,6.24,5.04,1.5,N/A,N/A,1.86,51.2,Bear,-0.11,-7.87,0.82,7.8,
EVC,11.65,0.15,5.5,1.1,N/A,N/A,13.67,56.8,Bull,0.0,-0.53,0.01,7.8,
ACHC,31.82,0.47,16.34,2.9,N/A,N/A,8.28,53.6,Bear,-0.46,3.51,0.01,7.7,
SKY,83.54,1.44,4.02,4.5,N/A,N/A,3.44,54.7,Bear,-0.09,5.53,0.04,7.6,
TOL,152.33,-0.59,1.42,14.3,N/A,N/A,2.31,52.6,Bull,0.03,4.83,0.01,7.6,
NTB,61.91,-0.32,1.59,2.5,N/A,N/A,4.04,58.9,Bull,0.01,3.68,0.01,7.5,
OCFC,19.74,-0.38,0.03,1.9,N/A,N/A,2.84,55.3,Bear,-0.03,5.82,0.03,7.5,
ZION,71.82,0.06,4.2,10.6,N/A,N/A,5.57,60.6,Bear,-0.02,4.63,0.01,7.5,
BMI,139.99,-0.2,4.83,4.1,N/A,N/A,2.75,53.6,Bull,0.12,-3.09,0.01,7.4,
BGR,16.17,0.22,0.34,2.2,N/A,N/A,2.37,55.0,Bear,-0.02,5.19,0.12,7.4,
PBI,18.09,-1.63,2.43,2.5,N/A,N/A,5.25,53.6,Bear,-0.05,4.51,0.02,7.3,
SHC,18.19,0.44,3.76,5.2,N/A,N/A,6.17,61.0,Bear,-0.0,4.12,0.01,7.3,
WABC,60.27,-0.25,0.65,1.4,N/A,N/A,3.67,58.5,Bear,-0.08,5.39,0.01,7.3,
AGNCL,25.1,-0.18,0.64,29.8,N/A,N/A,1.44,64.5,Bull,0.02,1.17,0.01,7.3,
EAI,20.09,0.2,0.75,9.4,N/A,N/A,0.15,57.7,Bull,0.02,0.45,0.05,7.2,
UBS,53.08,-0.71,2.47,165.9,N/A,N/A,5.45,56.7,Bear,-0.08,3.81,0.07,7.2,
MSEX,57.56,-0.12,0.54,1.1,N/A,N/A,4.4,58.1,Bear,-0.01,4.96,0.01,7.2,
CSX,50.94,-0.18,0.39,94.5,N/A,N/A,4.79,56.8,Bear,-0.18,4.62,0.01,7.1,
ADAML,24.52,-0.33,0.25,2.2,N/A,N/A,1.56,62.8,Bear,-0.01,0.81,0.67,7.1,
CVBF,22.97,-0.56,0.61,4.1,N/A,N/A,4.94,59.3,Bear,-0.02,4.55,0.01,7.1,
DFTX,43.0,1.61,1.99,4.6,N/A,N/A,13.98,54.4,Bear,-0.75,-5.12,0.01,7.1,
OXLCZ,24.94,0.08,0.56,4.3,N/A,N/A,1.05,68.6,Bull,0.01,1.05,0.36,7.1,
GRAL,72.08,-0.85,13.62,3.1,N/A,N/A,7.31,55.7,Bull,0.0,2.77,0.01,7.0,
FITB,58.1,0.58,2.71,52.4,N/A,N/A,5.34,60.0,Bear,-0.18,4.21,0.01,7.0,
TENB,36.64,1.95,16.39,4.0,N/A,N/A,13.8,58.0,Bear,-0.19,-7.31,0.01,7.0,
PNC,254.6,0.18,2.46,102.1,N/A,N/A,5.36,63.6,Bear,-0.47,4.1,0.02,7.0,
UNP,293.98,-0.8,0.61,176.1,N/A,N/A,4.28,55.3,Bear,-1.34,4.64,0.03,7.0,
CASH,89.5,-1.38,0.97,1.9,N/A,N/A,2.41,54.2,Bear,-0.04,-1.04,0.68,6.9,
WTFC,163.85,0.54,2.91,11.0,N/A,N/A,3.7,59.9,Bull,0.04,3.42,0.01,6.9,
CGON,72.58,1.65,5.01,6.3,N/A,N/A,5.86,54.4,Bear,-0.26,3.98,0.0,6.9,
MS,219.85,1.29,8.83,342.3,N/A,N/A,4.45,56.5,Bull,0.1,1.37,0.0,6.8,
GL,183.39,-0.28,2.06,14.3,N/A,N/A,5.92,60.6,Bear,-0.14,3.57,0.02,6.7,
FFIN,35.54,0.03,0.85,5.1,N/A,N/A,4.1,59.1,Bear,-0.01,4.59,0.01,6.7,
NTRA,277.98,1.01,9.52,39.4,N/A,N/A,10.48,62.2,Bear,-0.28,1.31,0.02,6.7,
MATX,212.15,-0.6,5.11,6.5,N/A,N/A,5.79,57.1,Bear,-0.81,3.63,0.02,6.7,
HLX,9.55,-0.52,5.29,1.4,N/A,N/A,1.9,53.7,Bull,0.0,4.83,0.01,6.6,
EFSC,67.11,-0.28,1.39,2.4,N/A,N/A,4.23,58.1,Bear,-0.06,4.45,0.01,6.6,
CRVS,13.92,4.11,4.58,1.2,N/A,N/A,0.42,51.4,Bear,-0.11,-10.94,0.77,6.6,
GD,387.36,0.42,1.68,104.4,N/A,N/A,5.84,63.6,Bear,-0.18,3.49,0.01,6.5,
WTTR,19.84,7.24,11.09,2.6,N/A,N/A,5.68,55.8,Bear,-0.12,3.55,0.01,6.5,
SLS,11.85,0.34,17.33,2.2,N/A,N/A,12.67,53.1,Bear,-0.16,-13.88,0.02,6.5,
HFWA,30.07,-1.52,0.75,1.3,N/A,N/A,3.04,53.8,Bear,-0.07,4.76,0.02,6.4,
RNW,6.21,-1.27,3.67,2.3,N/A,N/A,2.22,51.7,Bull,0.0,0.0,0.01,6.4,
GTX,31.55,0.37,9.61,5.9,N/A,N/A,1.79,50.0,Bull,0.02,-1.05,0.01,6.4,
WES,46.24,-0.92,0.37,19.3,N/A,N/A,4.18,59.0,Bear,-0.02,4.14,0.02,6.4,
BMO,179.85,0.03,3.32,126.7,N/A,N/A,4.86,58.6,Bear,-0.29,3.78,0.02,6.4,
UCB,36.11,-0.08,1.46,4.3,N/A,N/A,3.74,58.5,Bear,-0.02,4.39,0.0,6.3,
MICC,18.91,3.39,3.67,11.2,N/A,N/A,7.0,60.4,Bear,-0.02,2.55,0.03,6.3,
GS,1071.91,1.8,9.29,306.6,N/A,N/A,3.57,53.9,Bear,-2.35,4.11,0.04,6.2,
AXP,350.05,0.96,5.6,234.1,N/A,N/A,3.82,56.7,Bear,-0.37,4.06,0.02,6.2,
TXNM,57.49,-0.19,0.39,5.9,N/A,N/A,0.14,53.5,Bull,0.03,2.68,0.01,6.2,
RWTO,24.65,-0.08,0.16,3.2,N/A,N/A,0.16,52.5,Bull,0.02,-1.0,0.2,6.1,
LYV,184.78,0.59,0.19,43.3,N/A,N/A,5.09,58.0,Bull,0.06,1.45,0.0,6.1,
REYN,26.4,0.34,2.72,5.5,N/A,N/A,6.18,59.8,Bear,-0.07,2.76,0.03,6.1,
INDB,85.82,0.08,1.06,4.1,N/A,N/A,3.44,57.6,Bear,-0.11,4.32,0.01,6.1,
PSNL,13.35,-1.26,13.81,1.4,N/A,N/A,12.04,55.0,Bear,-0.1,-5.39,0.0,6.0,
CWST,91.5,-0.53,0.44,5.8,N/A,N/A,0.56,49.0,Bear,-0.43,-7.59,0.69,6.0,
VLY,14.88,0.0,4.2,8.2,N/A,N/A,4.16,59.7,Bull,0.0,2.83,0.01,6.0,
UVSP,44.74,-0.25,0.29,1.2,N/A,N/A,4.66,58.1,Bear,-0.08,3.59,0.0,6.0,
RLAY,19.6,0.31,6.7,3.7,N/A,N/A,11.85,58.2,Bear,-0.1,-0.15,0.01,6.0,
PFBC,106.91,-0.02,2.0,1.5,N/A,N/A,4.51,59.3,Bear,-0.09,3.63,0.0,5.9,
NTRS,185.68,1.79,4.52,33.4,N/A,N/A,5.19,59.1,Bear,-0.27,3.2,0.01,5.9,
CCO,2.42,-0.21,1.04,1.2,N/A,N/A,0.82,56.7,Bull,0.0,0.62,0.0,5.9,
CIG,2.17,1.16,2.59,6.2,N/A,N/A,1.29,53.9,Bull,0.0,4.57,0.01,5.9,
OTTR,92.98,0.17,2.43,3.9,N/A,N/A,3.35,57.1,Bear,-0.04,3.81,0.02,5.7,
MCBS,36.01,0.14,1.09,1.0,N/A,N/A,4.04,55.5,Bear,-0.06,3.64,0.0,5.7,
AGNCN,25.76,-0.39,0.51,30.7,N/A,N/A,1.3,65.9,Bull,0.01,1.22,0.05,5.6,
BAP,393.3,0.3,2.44,37.0,N/A,N/A,4.79,54.6,Bear,-1.12,3.1,0.02,5.6,
AGNCZ,25.36,-0.04,0.28,30.1,N/A,N/A,1.04,63.4,Bear,-0.0,0.67,0.52,5.5,
DE,618.24,0.14,1.19,166.7,N/A,N/A,3.46,55.3,Bear,-0.05,3.6,0.01,5.4,
XYL,122.54,0.3,0.33,28.5,N/A,N/A,3.94,57.1,Bear,-0.12,3.3,0.02,5.4,
TEX,66.89,1.23,3.61,7.6,N/A,N/A,2.42,52.3,Bear,-0.17,4.08,0.02,5.4,
WAFD,37.71,0.09,2.91,2.8,N/A,N/A,2.59,55.6,Bull,0.01,2.18,0.01,5.3,
PTGX,137.4,1.17,3.31,8.7,N/A,N/A,10.18,57.5,Bear,-0.98,-1.91,0.02,5.3,
HOG,26.16,-1.32,5.36,2.8,N/A,N/A,4.07,53.6,Bear,-0.06,3.15,0.01,5.3,
RL,382.6,1.24,1.84,22.5,N/A,N/A,0.58,50.2,Bull,0.23,0.59,0.01,5.2,
VRNS,43.8,1.1,7.74,5.0,N/A,N/A,10.18,54.2,Bear,-0.76,-2.82,0.01,5.2,
MBINM,25.58,0.04,0.67,1.2,N/A,N/A,1.07,57.0,Bear,-0.0,0.67,0.46,5.1,
AGNCP,25.2,0.12,0.6,29.9,N/A,N/A,1.57,72.4,Bear,-0.0,0.56,0.45,5.1,
FFBC,34.41,-0.32,1.74,3.6,N/A,N/A,3.91,55.7,Bear,-0.12,3.15,0.01,5.1,
ITUB,8.4,2.63,3.17,90.3,N/A,N/A,2.18,53.7,Bear,-0.02,3.04,0.09,4.9,
BNS,87.59,0.53,1.8,106.9,N/A,N/A,3.32,53.8,Bear,-0.25,3.16,0.01,4.9,
AFG,144.12,2.5,0.43,11.7,N/A,N/A,4.14,59.8,Bear,-0.27,2.71,0.02,4.9,
GPRE,17.05,0.12,4.15,1.2,N/A,N/A,4.13,53.3,Bear,-0.08,2.53,0.01,4.7,
VLYPP,25.07,0.0,0.2,13.9,N/A,N/A,0.86,58.3,Bear,-0.0,0.4,0.47,4.7,
FRME,43.5,-0.05,0.55,2.7,N/A,N/A,2.53,53.5,Bear,-0.09,3.2,0.01,4.6,
CM,117.55,-0.34,1.14,107.9,N/A,N/A,2.42,51.9,Bear,-0.29,3.14,0.03,4.6,
SAFE,16.42,0.09,0.46,1.2,N/A,N/A,3.09,52.8,Bear,-0.06,2.91,0.0,4.5,
ERAS,18.52,0.75,4.5,6.3,N/A,N/A,8.91,53.5,Bear,-0.28,-1.87,0.01,4.5,
PTRN,24.85,4.99,7.81,4.2,N/A,N/A,7.99,51.9,Bear,-0.36,-10.0,0.05,4.4,
IVA,4.54,0.67,0.67,1.1,N/A,N/A,1.98,54.3,Bear,-0.01,3.42,0.0,4.4,
SPTX,21.35,-0.37,8.16,1.1,N/A,N/A,7.61,56.4,Bear,-0.03,0.42,0.01,4.3,
ODC,101.98,3.83,3.63,1.4,N/A,N/A,8.41,59.0,Bear,-0.27,0.04,0.0,4.3,
RY,209.51,0.47,1.48,289.8,N/A,N/A,3.64,54.0,Bear,-0.74,2.43,0.01,4.3,
PAM,85.36,0.67,0.41,4.6,N/A,N/A,1.2,50.9,Bear,-0.07,3.51,0.02,4.2,
PAYO,7.13,0.0,0.14,2.4,N/A,N/A,6.78,65.8,Bear,-0.04,0.64,0.02,4.2,
WAFDP,16.59,0.12,0.91,1.2,N/A,N/A,1.64,59.5,Bull,0.0,1.84,0.05,4.1,
ABSI,8.59,1.34,24.55,1.3,N/A,N/A,7.92,52.1,Bear,-0.04,-22.58,0.01,4.0,
GBDC,12.95,-0.99,1.17,3.4,N/A,N/A,0.94,51.7,Bull,0.0,1.57,0.05,4.0,
KEY,23.2,0.43,4.6,25.0,N/A,N/A,2.69,55.6,Bear,-0.02,2.47,0.02,4.0,
CALY,18.41,-5.93,0.93,3.6,N/A,N/A,3.69,50.4,Bear,-0.04,1.88,0.04,4.0,
FROG,86.84,0.72,18.51,10.4,N/A,N/A,7.93,54.7,Bear,-0.05,-6.35,0.01,4.0,
GMAB,29.67,2.24,4.03,3.7,N/A,N/A,6.44,63.3,Bear,-0.04,0.44,0.03,3.9,
PENG,57.84,9.96,20.17,3.0,N/A,N/A,0.87,49.0,Bear,-0.78,-7.77,0.42,3.9,
ET,20.28,-0.25,0.4,70.0,N/A,N/A,2.6,57.8,Bear,-0.02,2.11,0.06,3.9,
RYTM,109.15,3.19,2.46,7.2,N/A,N/A,6.89,56.7,Bear,-0.4,-4.61,0.04,3.8,
OGN,13.56,0.04,0.18,3.6,N/A,N/A,3.26,64.2,Bear,-0.01,0.71,0.18,3.8,
IMVT,39.43,0.18,2.12,8.1,N/A,N/A,7.3,55.6,Bear,-0.26,-2.18,0.02,3.8,
TD,120.41,0.85,2.92,197.3,N/A,N/A,2.84,52.6,Bear,-0.33,2.24,0.01,3.8,
KBH,57.43,-1.06,0.69,3.6,N/A,N/A,3.14,53.4,Bear,-0.03,1.92,0.01,3.6,
IART,17.68,-1.2,7.25,1.4,N/A,N/A,2.5,47.7,Bear,-0.24,2.23,0.01,3.6,
EXEL,56.53,0.95,2.17,14.1,N/A,N/A,5.41,56.4,Bear,-0.14,0.75,0.01,3.6,
MGTX,12.39,0.81,6.63,1.1,N/A,N/A,6.9,53.8,Bear,-0.08,-12.38,0.01,3.6,
QDEL,17.14,-2.5,3.88,1.2,N/A,N/A,6.85,54.5,Bear,-0.08,-0.64,0.01,3.5,
SHG,72.32,0.91,5.63,34.2,N/A,N/A,5.29,56.5,Bear,-0.09,0.66,0.02,3.5,
MRX,65.89,2.77,4.35,4.8,N/A,N/A,6.66,54.9,Bear,-0.16,-1.93,0.0,3.4,
ACGLO,19.48,-0.08,0.08,6.8,N/A,N/A,0.41,55.3,Bear,-0.0,2.93,0.02,3.3,
VLYPO,25.01,0.04,1.01,13.9,N/A,N/A,0.95,57.4,Bull,0.0,0.04,0.17,3.2,
FTAIM,27.59,0.15,0.66,2.8,N/A,N/A,1.58,61.4,Bear,-0.01,1.73,0.08,3.2,
ROIV,35.1,1.47,6.78,25.0,N/A,N/A,6.3,56.1,Bear,-0.16,-2.74,0.01,3.2,
LBRDP,21.8,0.21,1.4,3.1,N/A,N/A,0.47,54.9,Bear,-0.0,0.46,0.3,3.2,
XENE,65.0,1.55,3.01,6.2,N/A,N/A,6.03,55.3,Bear,-0.66,-7.08,0.03,3.2,
ABX,10.84,-0.18,5.24,1.0,N/A,N/A,6.1,56.0,Bear,-0.01,-6.79,0.02,3.2,
HBANL,25.15,-0.04,0.6,50.8,N/A,N/A,0.91,63.7,Bull,0.01,0.68,0.01,3.1,
RCUS,28.95,0.54,9.47,3.6,N/A,N/A,6.08,54.6,Bear,-0.08,-4.31,0.01,3.1,
CRS,577.02,1.21,8.74,28.3,N/A,N/A,6.12,54.0,Bear,-3.0,-1.81,0.01,3.1,
FIBK,38.31,-0.22,2.75,3.7,N/A,N/A,3.03,54.9,Bear,-0.06,1.41,0.01,3.0,
SMFG,25.53,2.72,2.3,113.4,N/A,N/A,3.98,52.6,Bear,-0.15,0.85,0.02,3.0,
EE,39.53,0.85,6.11,4.5,N/A,N/A,5.88,60.4,Bear,-0.07,-0.09,0.01,3.0,
AB,37.33,0.7,0.59,3.5,N/A,N/A,0.52,52.9,Bear,-0.06,2.58,0.01,2.9,
ADM,81.61,2.18,1.53,38.5,N/A,N/A,2.05,51.3,Bear,-0.65,1.64,0.03,2.9,
HNGE,76.85,-3.24,3.77,6.1,N/A,N/A,4.67,47.6,Bear,-1.07,-13.16,0.07,2.9,
DMLP,25.7,0.88,0.18,1.2,N/A,N/A,0.49,50.8,Bear,-0.04,2.38,0.02,2.8,
SENEB,170.91,0.0,4.79,1.2,N/A,N/A,5.55,58.4,Bear,-0.34,-5.82,0.0,2.8,
COLB,31.8,0.06,3.31,9.2,N/A,N/A,1.94,51.9,Bear,-0.11,1.69,0.01,2.8,
CNC,65.32,1.95,5.66,31.7,N/A,N/A,4.97,53.7,Bear,-0.23,-2.64,0.03,2.7,
RAPP,41.69,-1.21,1.83,2.0,N/A,N/A,5.26,53.1,Bear,-0.11,-0.71,0.01,2.7,
LAUR,38.5,2.01,0.23,5.2,N/A,N/A,4.85,58.0,Bull,0.0,-2.63,0.02,2.7,
WSBCO,25.73,0.31,0.55,2.5,N/A,N/A,1.06,58.2,Bull,0.0,1.54,0.0,2.7,
OSW,26.67,0.28,2.71,2.7,N/A,N/A,2.55,52.2,Bear,-0.03,1.31,0.01,2.7,
DNLI,24.33,0.68,2.03,3.8,N/A,N/A,5.04,53.8,Bear,-0.04,-8.82,0.01,2.6,
ABCB,89.53,0.07,1.94,6.1,N/A,N/A,1.78,53.2,Bear,-0.14,1.63,0.01,2.6,
NUTX,158.5,0.44,12.82,1.1,N/A,N/A,4.16,51.1,Bear,-1.03,-11.72,0.05,2.5,
GBCI,50.97,0.04,4.43,6.6,N/A,N/A,2.01,52.9,Bear,-0.14,1.41,0.02,2.5,
GBTG,9.45,0.17,0.28,5.0,N/A,N/A,3.48,73.3,Bear,-0.01,0.49,0.03,2.5,
RAMP,37.88,0.05,0.37,2.3,N/A,N/A,3.32,59.9,Bear,-0.05,0.72,0.01,2.5,
NHPBP,22.62,-0.46,0.28,1.6,N/A,N/A,2.45,54.4,Bear,-0.05,-1.1,0.16,2.5,
GPCR,50.47,1.68,6.6,3.5,N/A,N/A,4.69,54.8,Bear,-0.18,-8.04,0.01,2.5,
ACA,145.32,0.07,0.31,7.1,N/A,N/A,4.54,66.5,Bear,-0.54,-0.01,0.01,2.4,
SIGI,97.35,0.75,0.69,5.8,N/A,N/A,4.08,55.4,Bear,-0.14,0.37,0.0,2.4,
CBU,66.43,-0.48,3.1,3.5,N/A,N/A,1.26,50.6,Bear,-0.2,1.71,0.01,2.4,
IDYA,36.12,0.04,1.5,3.2,N/A,N/A,4.66,52.9,Bear,-0.21,-4.83,0.01,2.4,
HIMS,31.96,-0.62,27.84,7.4,N/A,N/A,4.4,51.7,Bear,-0.09,-11.39,0.02,2.4,
FFIV,412.22,-0.01,6.53,23.3,N/A,N/A,4.58,54.6,Bear,-0.08,-1.65,0.01,2.4,
HBAN,17.66,0.57,4.87,35.5,N/A,N/A,2.2,53.1,Bear,-0.06,1.15,0.01,2.3,
SDGR,15.64,-0.1,3.41,1.2,N/A,N/A,3.56,52.8,Bear,-0.01,-2.83,0.06,2.3,
DAR,61.37,2.03,4.69,9.6,N/A,N/A,2.98,54.5,Bear,-0.28,0.57,0.01,2.2,
WBI,33.68,0.66,3.79,4.1,N/A,N/A,3.97,51.3,Bear,-0.25,-1.14,0.02,2.2,
SBUX,105.04,0.07,0.87,119.7,N/A,N/A,1.83,53.3,Bear,-0.11,1.13,0.02,2.2,
VRTX,491.71,2.72,1.73,121.5,N/A,N/A,3.85,57.0,Bear,-0.81,-1.35,0.03,2.1,
AES,14.68,0.02,0.27,10.5,N/A,N/A,0.93,62.3,Bear,-0.0,1.5,0.02,2.1,
ABVX,127.28,1.67,7.1,10.8,N/A,N/A,3.67,51.8,Bear,-1.4,-8.13,0.03,2.1,
BANF,114.08,-0.44,0.54,3.8,N/A,N/A,0.44,49.3,Bear,-0.34,1.53,0.04,2.1,
ALKS,49.81,0.28,3.04,8.3,N/A,N/A,3.77,47.7,Bear,-0.63,-8.25,0.02,2.1,
AMAT,545.0,-0.3,24.87,434.0,N/A,N/A,3.0,50.8,Bear,-0.39,-4.47,0.06,2.0,
PHVS,34.13,0.77,4.63,2.4,N/A,N/A,3.88,52.8,Bear,-0.15,-5.0,0.0,2.0,
BLBD,77.21,-0.79,6.77,2.5,N/A,N/A,3.86,53.3,Bear,-0.28,-1.1,0.01,2.0,
DBRG,15.88,0.06,0.38,2.9,N/A,N/A,0.77,60.1,Bull,0.0,0.83,0.05,2.0,
BWNB,25.22,0.0,0.08,2.5,N/A,N/A,0.91,66.0,Bear,-0.01,0.88,0.07,1.9,
WST,349.49,0.21,3.56,24.5,N/A,N/A,3.78,53.8,Bear,-0.94,-1.12,0.01,1.9,
HBANP,16.23,-0.3,0.75,32.9,N/A,N/A,0.04,52.8,Bull,0.0,0.69,0.01,1.9,
SNDR,36.26,-0.15,2.85,6.4,N/A,N/A,1.9,49.8,Bear,-0.21,0.88,0.01,1.9,
MAS,76.43,-0.85,5.33,15.2,N/A,N/A,1.63,50.0,Bear,-0.46,0.89,0.01,1.8,
CART,45.95,0.66,0.68,10.7,N/A,N/A,3.33,53.5,Bear,-0.05,-3.73,0.01,1.7,
ALMS,27.14,0.06,2.86,3.5,N/A,N/A,3.27,50.0,Bear,-0.33,-8.76,0.01,1.7,
CZR,29.97,-0.5,0.67,6.1,N/A,N/A,1.98,54.1,Bear,-0.03,0.5,0.01,1.6,
GJS,23.64,0.0,0.51,7.4,N/A,N/A,0.81,57.6,Bear,-0.01,1.09,0.0,1.5,
ALGT,100.84,-4.04,5.38,1.9,N/A,N/A,1.67,49.1,Bear,-0.21,-6.85,0.07,1.4,
BCAX,26.31,0.8,1.62,1.7,N/A,N/A,2.57,47.7,Bear,-0.36,-9.24,0.0,1.3,
PDO,13.02,0.04,0.58,1.9,N/A,N/A,0.45,51.0,Bear,-0.01,-1.34,0.13,1.3,
OXLCO,24.05,0.0,0.42,4.2,N/A,N/A,0.78,53.2,Bear,-0.01,0.94,0.0,1.3,
ECAT,15.39,0.36,3.32,1.7,N/A,N/A,2.01,55.3,Bear,-0.01,-0.06,0.04,1.3,
ABCL,5.96,-2.13,10.58,1.8,N/A,N/A,1.75,49.2,Bear,-0.0,-16.06,0.04,1.2,
BROS,64.94,1.29,0.51,11.2,N/A,N/A,2.01,49.2,Bear,-0.24,0.02,0.02,1.2,
TWLO,195.67,0.83,3.94,29.5,N/A,N/A,0.5,47.7,Bear,-0.42,-9.2,0.11,1.1,
CACC,593.46,0.95,6.6,6.1,N/A,N/A,1.77,51.0,Bear,-2.36,-5.64,0.02,1.1,
MANE,108.44,1.08,0.63,4.5,N/A,N/A,2.16,49.1,Bear,-0.95,-8.3,0.0,1.1,
IBKR,90.35,1.94,4.74,150.8,N/A,N/A,1.05,49.1,Bear,-0.52,-3.27,0.06,1.0,
CVLT,132.1,0.0,9.8,5.5,N/A,N/A,1.79,48.2,Bear,-2.09,-10.09,0.01,1.0,
MNKD,3.92,-1.01,1.82,1.3,N/A,N/A,1.87,49.1,Bear,-0.02,-7.76,0.01,1.0,
ESE,326.11,-0.04,8.68,8.5,N/A,N/A,1.78,52.0,Bear,-0.12,-1.75,0.01,1.0,
ASX,37.53,-3.02,20.6,86.2,N/A,N/A,1.14,49.4,Bear,-0.09,-6.01,0.04,0.9,
RDWR,29.03,1.01,24.33,1.2,N/A,N/A,1.41,51.6,Bear,-0.1,-4.54,0.01,0.8,
CYTK,79.44,1.06,1.34,9.8,N/A,N/A,1.39,48.8,Bear,-0.53,-6.41,0.01,0.8,
PCVX,55.1,0.75,4.0,7.9,N/A,N/A,0.7,50.2,Bear,-0.32,-6.15,0.05,0.7,
PRAX,315.65,1.8,8.46,8.6,N/A,N/A,1.3,52.0,Bear,-0.64,-5.21,0.01,0.7,
TT,472.9,0.14,5.84,103.9,N/A,N/A,0.75,51.6,Bear,-0.5,0.13,0.02,0.6,
MTH,73.51,-1.37,2.65,4.9,N/A,N/A,0.99,50.0,Bear,-0.04,-1.43,0.01,0.6,
APD,294.93,0.08,0.23,65.6,N/A,N/A,0.9,50.9,Bear,-0.65,-0.61,0.01,0.6,
OMDA,20.06,-0.59,2.29,1.2,N/A,N/A,0.6,42.2,Bear,-0.38,-12.71,0.03,0.6,
CMPS,11.79,-0.08,8.17,1.6,N/A,N/A,0.2,47.8,Bear,-0.04,-15.57,0.06,0.6,
NVCR,16.15,-0.74,6.25,1.9,N/A,N/A,0.66,49.8,Bear,-0.08,-7.02,0.03,0.6,
TLX,10.46,1.65,3.56,3.5,N/A,N/A,0.74,50.0,Bear,-0.05,-9.44,0.02,0.5,
MGEE,80.34,0.54,0.05,2.9,N/A,N/A,0.77,49.2,Bear,-0.37,-2.26,0.01,0.5,
FMX,125.9,-0.3,4.0,43.0,N/A,N/A,0.86,48.5,Bear,-0.54,-0.12,0.01,0.5,
TCBI,101.53,0.0,3.15,4.4,N/A,N/A,0.43,51.2,Bear,-0.04,0.05,0.01,0.3,
MLYS,27.02,1.96,2.54,2.2,N/A,N/A,0.14,51.3,Bear,-0.09,-11.12,0.01,0.2,
FTV,60.74,0.38,2.02,18.3,N/A,N/A,0.02,49.4,Bear,-0.17,-0.87,0.01,0.1,
PG,146.7,-0.89,0.41,344.7,N/A,N/A,0.02,49.6,Bear,-0.16,-0.41,0.02,0.1,
UPS,108.85,-0.24,4.1,92.7,N/A,N/A,0.19,48.3,Bear,-0.79,-0.99,0.01,0.1,