Ticker,Price,Day%,Week%,MCap($B),Sector,Industry,Above EMA%,RSI,MACD,MACD Hist,ROC20%,Vol Ratio,Momentum,Rating
CRCT,6.07,22.87,26.72,1.3,N/A,N/A,34.99,81.7,Bull,0.11,41.82,5.12,100.0,
BLMN,11.85,32.85,34.51,1.0,N/A,N/A,42.28,80.4,Bull,0.23,52.51,5.16,100.0,
FTK,36.07,27.86,65.46,1.3,Energy,Oil & Gas Equipment & Services,50.47,76.2,Bull,0.67,56.21,3.56,100.0,5.0
FRPT,71.47,14.57,15.39,3.5,N/A,N/A,23.61,75.7,Bull,0.92,31.74,4.76,100.0,
BVS,15.26,13.71,16.31,1.3,N/A,N/A,35.01,79.4,Bull,0.17,26.01,3.28,96.0,
APPS,13.17,38.49,62.19,1.6,N/A,N/A,50.08,71.8,Bull,0.28,25.43,5.7,95.4,
PBT,34.53,6.54,18.67,1.6,N/A,N/A,24.84,78.0,Bull,0.52,27.56,2.63,94.5,
INTA,36.96,12.75,16.7,2.8,N/A,N/A,34.93,77.8,Bull,0.58,36.03,2.33,94.4,
ROCK,54.86,14.15,27.29,1.6,N/A,N/A,27.13,74.8,Bull,0.68,32.96,2.15,92.9,
TWST,115.01,15.65,34.56,7.2,Healthcare,Diagnostics & Research,33.88,70.9,Bull,1.38,28.68,2.28,92.7,4.45
SHOP,144.24,16.98,11.67,186.9,N/A,N/A,20.75,67.8,Bull,0.92,20.99,3.93,91.0,
AYA,25.07,9.48,30.44,3.6,N/A,N/A,28.15,69.0,Bull,0.44,31.12,1.81,90.1,
PLPC,471.29,11.26,66.23,2.3,N/A,N/A,33.52,72.5,Bull,15.49,40.97,1.47,87.3,
TX,53.71,6.69,11.76,10.5,Basic Materials,Steel,16.05,78.1,Bull,0.71,25.23,2.26,87.1,4.0
NEWP,5.93,13.17,35.7,1.1,Basic Materials,Silver,31.06,74.1,Bull,0.15,56.46,1.39,86.5,4.5
CSW,346.03,-0.94,27.05,5.6,Industrials,Specialty Industrial Machinery,19.42,69.0,Bull,6.74,27.63,1.41,84.1,3.57
WPP,25.89,25.62,26.54,4.4,Communication Services,Advertising Agencies,37.12,78.5,Bull,0.43,49.31,0.92,82.6,
ARXS,59.6,2.67,40.33,24.9,Industrials,Aerospace & Defense,34.63,76.6,Bull,1.79,38.25,0.89,82.4,4.73
GIC,38.74,3.61,7.67,1.5,Industrials,Industrial Distribution,14.47,76.4,Bull,0.26,18.51,2.49,81.5,3.0
QLYS,183.25,13.78,35.61,6.3,Technology,Software - Infrastructure,36.45,75.2,Bull,1.86,19.35,2.06,81.5,3.33
EAT,225.97,3.54,9.84,9.7,Consumer Cyclical,Restaurants,25.49,74.7,Bull,2.47,29.16,0.74,80.3,4.32
ANDG,49.75,2.39,7.87,5.6,Consumer Cyclical,Personal Services,21.29,71.0,Bull,0.39,26.27,0.89,78.7,
BIO,347.86,4.5,6.3,9.3,Healthcare,Medical Devices,14.52,75.6,Bull,2.91,22.55,1.66,78.6,3.0
GEF,90.12,0.87,3.34,4.2,Consumer Cyclical,Packaging & Containers,19.55,83.2,Bull,0.99,25.81,0.97,78.6,3.17
GCT,52.98,14.58,25.52,1.7,Technology,Software - Infrastructure,36.69,85.4,Bull,1.27,52.11,0.35,77.9,4.0
IESC,784.03,3.11,58.0,15.6,Industrials,Engineering & Construction,19.5,62.6,Bull,21.64,26.6,0.78,77.9,
ACAD,28.8,6.08,9.34,4.9,Healthcare,Biotechnology,17.1,73.7,Bull,0.15,10.77,2.82,77.8,4.24
CHYM,28.44,9.72,25.84,9.9,Technology,Software - Application,33.4,82.6,Bull,0.5,33.46,0.33,77.7,4.48
GFF,102.81,9.86,17.38,4.7,Industrials,Building Products & Equipment,13.66,67.7,Bull,0.8,14.49,2.49,77.1,4.86
JXN,134.56,0.71,11.71,9.1,Financial Services,Insurance - Life,15.75,72.9,Bull,0.88,24.17,1.09,76.1,3.75
LIFE,26.33,-5.0,29.92,1.7,Financial Services,Insurance Brokers,33.6,71.4,Bull,0.89,40.01,0.11,75.9,4.67
NHPBP,25.01,9.69,11.65,1.7,Real Estate,REIT - Healthcare Facilities,12.53,82.4,Bull,0.12,10.42,12.24,75.7,
GENI,8.36,0.36,19.77,2.1,Communication Services,Internet Content & Information,28.64,73.6,Bull,0.15,35.49,0.08,75.6,4.7
BKNG,207.02,6.56,2.84,155.6,Consumer Cyclical,Travel Services,14.77,69.3,Bull,1.64,18.78,1.72,75.5,4.45
BLKB,45.12,-1.68,12.57,2.1,Technology,Software - Application,30.44,74.9,Bull,1.21,54.31,0.05,75.5,3.8
GENVR,2.5,-8.76,32.98,1.6,,,58.22,62.3,Bull,0.14,81.16,0.05,75.4,
ITGR,124.93,-0.06,23.86,4.2,Healthcare,Medical Devices,25.89,84.8,Bull,2.93,35.87,0.04,75.3,3.4
ATKR,93.65,-0.03,31.9,3.2,Industrials,Electrical Equipment & Parts,21.3,72.6,Bull,2.58,32.65,0.03,75.3,3.0
PAYC,210.71,20.54,30.45,8.3,Technology,Software - Application,42.89,82.2,Bull,4.6,50.98,0.03,75.3,3.6
CDNA,45.39,-0.24,19.13,2.4,Healthcare,Diagnostics & Research,39.89,72.6,Bull,0.65,55.93,0.02,75.2,4.14
PAY,39.36,-1.6,12.88,5.0,Technology,Software - Infrastructure,34.4,66.6,Bull,0.81,39.23,0.02,75.2,4.14
LBRX,46.06,2.29,12.62,1.3,Healthcare,Biotechnology,34.65,80.9,Bull,1.12,36.51,0.02,75.2,4.88
LIND,34.11,0.0,14.5,2.2,Consumer Cyclical,Travel Services,27.22,79.8,Bull,0.56,30.49,0.02,75.2,4.6
ZBRA,365.35,-0.99,26.61,17.5,Technology,Communication Equipment,34.86,82.7,Bull,10.56,34.0,0.01,75.1,4.24
IT,181.8,-2.47,18.89,11.8,Technology,Information Technology Services,21.79,67.8,Bull,4.91,37.01,0.02,75.1,3.2
RNG,60.59,-1.45,13.29,5.1,Technology,Software - Application,33.34,72.6,Bull,1.48,48.0,0.02,75.1,3.53
BETA,22.22,0.07,26.44,5.1,Industrials,Aerospace & Defense,22.98,69.1,Bull,0.42,32.79,0.01,75.1,4.75
SAFT,103.5,0.0,0.3,1.5,Financial Services,Insurance - Property & Casualty,24.28,85.6,Bull,1.36,36.31,0.01,75.1,
EFOR,31.27,-1.17,13.42,1.3,Technology,Information Technology Services,36.61,80.2,Bull,1.25,68.48,0.01,75.1,3.29
PLSE,38.05,0.4,8.59,2.6,Healthcare,Medical Instruments & Supplies,28.88,72.5,Bull,0.6,39.68,0.01,75.1,5.0
CAKE,104.71,-0.57,3.36,5.2,Consumer Cyclical,Restaurants,26.22,82.3,Bull,1.39,33.52,0.01,75.1,3.32
CNMD,50.34,2.11,7.15,1.5,Healthcare,Medical Devices,23.45,67.9,Bull,0.58,37.2,0.02,75.1,2.86
IMAX,50.58,-0.1,6.26,2.8,Communication Services,Entertainment,19.16,73.2,Bull,0.88,32.17,0.01,74.6,4.45
IOSP,91.96,6.07,8.25,2.3,Basic Materials,Specialty Chemicals,10.61,74.8,Bull,0.48,13.8,2.45,74.5,
DAO,17.24,3.11,10.02,2.1,Consumer Defensive,Education & Training Services,25.2,71.2,Bull,0.11,22.44,0.82,74.2,
GTM,4.03,10.11,21.39,1.1,Technology,Software - Application,16.63,72.5,Bull,0.1,37.07,0.08,74.0,
PPTA,22.93,10.88,32.85,2.9,Basic Materials,Other Precious Metals & Mining,7.41,64.5,Bull,0.68,19.99,1.8,73.7,4.71
CMC,75.67,4.19,11.13,8.4,Industrials,Metal Fabrication,9.76,67.8,Bull,0.98,21.89,1.42,73.6,
UFPT,320.07,-0.62,25.5,2.5,Healthcare,Medical Devices,27.46,72.4,Bull,8.51,28.18,0.04,73.5,3.75
TPC,96.2,13.78,15.51,4.4,Industrials,Engineering & Construction,18.44,69.0,Bull,0.81,28.3,0.03,72.8,
NVA,5.6,9.8,27.85,2.5,Basic Materials,Other Industrial Metals & Mining,6.54,60.8,Bull,0.14,24.17,1.25,72.8,
MSFT,490.68,0.66,8.77,3619.7,Technology,Software - Infrastructure,19.08,76.7,Bull,11.42,27.66,0.05,72.6,4.64
THC,263.26,0.58,4.17,21.1,Healthcare,Medical Care Facilities,24.63,74.1,Bull,3.29,27.32,0.01,72.4,4.5
PCTY,148.18,0.25,8.39,7.9,Technology,Software - Application,21.01,72.3,Bull,1.49,27.06,0.03,72.3,4.53
BLFS,33.8,3.94,7.3,1.7,Healthcare,Medical Instruments & Supplies,19.69,71.8,Bull,0.2,24.31,0.38,72.3,3.44
XPEL,50.29,9.54,13.37,1.4,Consumer Cyclical,Auto Parts,11.06,70.6,Bull,0.6,12.51,2.3,72.2,
CNK,38.01,0.64,5.15,4.4,Communication Services,Entertainment,17.35,77.5,Bull,0.57,28.37,0.01,72.1,4.09
PRGO,13.2,-0.53,28.03,1.8,Healthcare,Drug Manufacturers - Specialty & Generic,22.86,74.7,Bull,0.31,26.8,0.02,71.9,3.6
CLF,12.54,-0.87,7.82,7.2,Basic Materials,Steel,13.48,63.5,Bull,0.27,33.4,0.0,71.8,3.08
UTZ,14.13,0.07,0.14,2.0,Consumer Defensive,Packaged Foods,38.55,85.7,Bull,0.06,83.27,0.0,71.7,3.1
SKY,91.16,10.68,13.5,5.0,Consumer Cyclical,Residential Construction,12.45,66.7,Bull,0.4,15.14,2.33,71.5,
BHC,6.18,-1.73,2.5,2.4,Healthcare,Drug Manufacturers - Specialty & Generic,17.58,63.3,Bull,0.2,27.18,0.01,71.1,3.0
MMED,18.95,2.1,4.41,5.2,Healthcare,Medical Instruments & Supplies,18.74,69.2,Bull,0.11,25.91,0.01,70.3,4.75
AZTA,31.82,0.0,10.49,1.4,Healthcare,Medical Instruments & Supplies,22.04,74.2,Bull,0.33,25.18,0.01,70.3,
IOVA,6.09,40.44,29.96,1.9,Healthcare,Biotechnology,38.51,69.0,Bull,0.02,39.47,0.55,70.2,4.33
AGM,237.32,-1.83,11.07,2.6,Financial Services,Credit Services,18.42,78.3,Bull,2.79,19.94,0.69,69.9,4.5
AUGO,65.76,13.79,20.66,5.5,Basic Materials,Gold,6.22,61.2,Bull,1.34,9.93,2.61,69.8,4.56
SHAK,71.9,-3.27,14.0,3.2,Consumer Cyclical,Restaurants,13.5,70.6,Bull,1.58,27.66,0.03,69.7,4.0
HNI,48.49,-0.22,11.28,3.5,Consumer Cyclical,"Furnishings, Fixtures & Appliances",20.71,76.9,Bull,0.5,24.28,0.01,69.4,5.0
VNT,36.38,8.21,14.08,4.7,Technology,Scientific & Technical Instruments,16.65,79.5,Bull,0.47,25.8,0.03,69.4,
MLI,69.26,1.33,5.9,15.3,Industrials,Metal Fabrication,8.88,69.2,Bull,0.97,24.26,0.67,69.3,5.0
HLNE,101.41,0.6,14.01,5.6,Financial Services,Asset Management,16.36,75.7,Bull,1.84,25.8,0.03,69.2,4.43
WIX,62.7,-2.9,10.62,3.6,Technology,Software - Infrastructure,13.13,61.3,Bull,1.17,27.34,0.03,69.1,3.86
SA,29.15,6.85,15.45,3.1,Basic Materials,Gold,6.53,60.1,Bull,0.42,16.83,1.66,68.9,4.67
ODTX,21.03,0.67,14.17,1.0,Healthcare,Biotechnology,17.15,66.7,Bull,0.3,24.96,0.01,68.6,4.8
U,36.51,2.93,9.51,15.5,Technology,Software - Application,21.94,71.6,Bull,0.56,18.81,0.56,68.5,4.15
GRMN,303.33,0.26,1.94,58.3,Technology,Scientific & Technical Instruments,18.74,76.0,Bull,5.53,24.06,0.01,68.5,3.25
ZETA,26.72,-1.29,25.04,6.7,Technology,Software - Infrastructure,26.57,72.0,Bull,0.59,21.9,0.19,68.5,4.57
ALLE,169.1,0.31,7.66,14.3,Industrials,Security & Protection Services,16.38,78.6,Bull,1.82,25.19,0.01,68.5,3.73
ELF,92.02,6.54,11.86,5.1,Consumer Defensive,Household & Personal Products,24.5,72.0,Bull,0.58,21.46,0.23,68.4,4.28
PGEN,6.79,-1.45,14.31,2.5,Healthcare,Biotechnology,27.94,72.3,Bull,0.13,22.78,0.03,68.0,4.0
IDCC,331.57,0.31,9.31,8.5,Technology,Software - Application,16.83,79.2,Bull,8.25,24.52,0.01,68.0,5.0
SVV,10.9,1.58,9.55,1.7,Consumer Cyclical,Specialty Retail,12.86,65.8,Bull,0.12,14.98,1.36,67.8,4.45
SN,182.51,0.22,11.75,25.8,Consumer Cyclical,"Furnishings, Fixtures & Appliances",24.7,79.4,Bull,2.3,22.65,0.02,67.8,4.83
HYMC,24.48,9.48,27.77,2.3,Basic Materials,Gold,0.2,59.2,Bull,0.68,17.75,1.8,67.8,4.0
AMLX,22.48,2.86,8.31,2.4,Healthcare,Drug Manufacturers - Specialty & Generic,25.95,74.0,Bull,0.3,22.28,0.02,67.5,4.82
OWL,11.5,-0.43,13.19,18.0,Financial Services,Asset Management,17.44,74.9,Bull,0.24,23.66,0.01,67.4,4.0
WHD,66.68,1.18,7.56,5.3,Energy,Oil & Gas Equipment & Services,17.54,69.9,Bull,1.44,23.56,0.01,67.4,4.0
MGNI,24.78,19.89,27.8,3.0,Communication Services,Advertising Agencies,34.83,77.6,Bull,0.31,16.78,0.65,67.2,4.53
KTOS,55.34,6.69,26.12,10.4,Industrials,Aerospace & Defense,4.93,60.5,Bull,0.98,9.85,2.37,67.1,4.52
DNOW,15.89,11.74,15.65,2.6,Industrials,Industrial Distribution,16.27,73.5,Bull,0.12,23.75,0.01,67.0,
BAX,27.38,0.16,2.34,14.1,Healthcare,Medical Instruments & Supplies,21.44,69.3,Bull,0.4,21.88,0.01,67.0,3.21
INVX,31.09,2.14,17.06,2.1,Energy,Oil & Gas Equipment & Services,15.38,69.8,Bull,0.6,24.06,0.01,66.9,4.4
VYX,9.7,1.89,18.87,1.3,Technology,Information Technology Services,21.07,71.5,Bull,0.14,21.4,0.05,66.8,4.33
JJSF,84.66,7.66,6.88,1.6,Consumer Defensive,Packaged Foods,9.86,68.3,Bull,0.49,11.41,1.86,66.8,4.33
TOST,35.08,0.8,6.79,20.2,Technology,Software - Infrastructure,19.65,74.8,Bull,0.32,21.59,0.03,66.7,4.2
USLM,117.81,1.88,4.26,3.4,Basic Materials,Building Materials,7.53,65.4,Bull,0.99,20.84,0.83,66.5,
RGEN,158.59,5.88,12.29,9.0,Healthcare,Medical Instruments & Supplies,15.6,66.1,Bull,1.04,15.41,0.99,66.5,4.55
MMSI,87.28,0.11,4.72,5.2,Healthcare,Medical Instruments & Supplies,17.9,80.7,Bull,0.99,22.14,0.01,66.2,4.18
SAP,194.93,-1.22,7.77,242.4,Technology,Software - Application,14.46,68.6,Bull,3.95,23.02,0.09,66.0,4.44
ANF,109.39,-0.05,9.11,4.9,Consumer Cyclical,Apparel Retail,16.74,68.0,Bull,1.11,22.6,0.01,66.0,3.93
ITRI,104.31,-1.2,5.52,4.6,Technology,Scientific & Technical Instruments,16.51,68.5,Bull,1.62,22.73,0.01,66.0,4.23
TNDM,19.28,-1.58,1.42,1.3,Healthcare,Medical Devices,10.74,62.3,Bull,0.24,25.44,0.02,66.0,3.96
EXPE,323.55,1.22,10.45,38.4,Consumer Cyclical,Travel Services,21.24,75.5,Bull,4.11,20.83,0.03,66.0,3.87
WEX,188.24,-0.08,0.99,6.4,Technology,Software - Infrastructure,16.37,73.7,Bull,0.98,22.37,0.01,65.7,3.64
NSIT,141.7,1.01,10.9,4.2,Technology,Electronics & Computer Distribution,22.67,80.1,Bull,1.91,20.01,0.05,65.5,
APPN,30.18,0.73,13.97,2.2,Technology,Software - Infrastructure,20.94,66.8,Bull,0.43,19.57,0.08,65.2,3.14
KWR,171.02,-1.29,14.94,2.9,Basic Materials,Specialty Chemicals,12.89,67.9,Bull,2.19,16.31,0.87,65.0,4.71
BVN,33.0,2.29,9.2,8.4,Basic Materials,Other Precious Metals & Mining,4.38,58.2,Bull,0.27,16.36,1.38,65.0,3.0
MBIN,55.55,-0.09,2.34,2.6,Financial Services,Banks - Regional,11.98,71.4,Bull,0.76,19.05,0.6,65.0,3.33
PCOR,54.09,-2.87,0.56,8.5,Technology,Software - Application,13.61,66.7,Bull,1.08,22.88,0.02,64.9,4.3
MHK,133.42,-1.67,11.59,9.2,Consumer Cyclical,"Furnishings, Fixtures & Appliances",16.14,68.6,Bull,2.45,21.74,0.01,64.9,3.53
TEAM,109.17,-3.67,11.26,28.8,Technology,Software - Application,18.4,61.9,Bull,1.94,20.35,0.03,64.8,4.47
AEHR,94.82,-4.0,23.36,3.2,Technology,Semiconductor Equipment & Materials,9.91,54.1,Bull,2.94,24.43,0.04,64.7,
GSHD,66.28,-1.01,3.78,2.4,Financial Services,Insurance Brokers,24.52,61.9,Bull,0.28,25.14,0.01,64.6,3.62
BFH,112.34,-0.1,5.0,4.3,Financial Services,Credit Services,12.02,69.3,Bull,0.87,19.73,0.46,64.6,3.82
LNC,47.16,0.53,2.48,9.0,Financial Services,Insurance - Life,17.47,73.9,Bull,0.4,20.77,0.01,64.6,3.46
RBCAA,100.28,-0.3,0.53,2.0,Financial Services,Banks - Regional,11.89,72.2,Bull,0.49,14.31,1.23,64.6,3.0
ORIC,13.05,0.93,12.11,1.3,Healthcare,Biotechnology,22.87,64.0,Bull,0.12,19.29,0.02,64.4,4.73
ELE,17.8,7.1,17.8,1.1,Basic Materials,Other Precious Metals & Mining,9.02,62.6,Bull,0.24,13.74,1.31,64.2,4.67
SHOO,49.17,0.21,2.81,3.6,Consumer Cyclical,Footwear & Accessories,13.63,68.7,Bull,0.64,21.96,0.01,63.8,4.0
PRLB,90.24,-0.08,20.1,2.2,Industrials,Metal Fabrication,17.07,70.4,Bull,1.51,20.03,0.01,63.7,4.4
NUE,271.8,-1.07,5.74,62.6,Basic Materials,Steel,12.32,68.6,Bull,3.37,22.28,0.02,63.6,4.47
NHPAP,25.1,7.73,8.19,1.7,Real Estate,REIT - Healthcare Facilities,10.75,88.1,Bull,0.09,8.66,6.57,63.5,
LILAK,8.76,5.99,9.57,1.8,Communication Services,Telecom Services,23.92,73.7,Bull,0.04,20.43,0.12,63.5,
IAUX,1.51,7.86,18.9,1.3,Basic Materials,Gold,6.34,60.1,Bull,0.02,11.03,1.67,63.1,
DLB,60.9,-0.76,17.6,5.7,Industrials,Specialty Business Services,12.75,74.7,Bull,1.39,21.5,0.01,63.0,4.25
PLTR,153.69,-2.99,25.71,380.6,Technology,Software - Infrastructure,15.5,64.4,Bull,3.56,19.1,0.12,62.9,4.12
ARLO,15.76,-1.1,8.88,1.7,Industrials,Building Products & Equipment,15.02,72.3,Bull,0.27,20.27,0.02,62.9,4.71
QTWO,62.19,-2.23,5.28,4.0,Technology,Software - Application,16.47,67.3,Bull,0.48,19.28,0.05,62.9,4.42
NWL,6.07,-1.54,18.19,2.6,Consumer Defensive,Household & Personal Products,18.57,63.3,Bull,0.09,18.42,0.01,62.8,3.22
ECO,62.82,3.63,4.94,2.4,Industrials,Marine Shipping,14.13,67.7,Bull,0.33,20.28,0.05,62.8,
SWK,103.7,0.42,8.53,15.6,Industrials,Tools & Accessories,16.52,72.9,Bull,1.17,19.44,0.02,62.8,3.53
REZI,26.42,0.69,9.35,4.0,Industrials,Industrial Distribution,10.74,63.3,Bull,0.14,22.31,0.0,62.7,
W,105.96,-1.5,18.02,14.7,Consumer Cyclical,Internet Retail,21.3,61.7,Bull,1.89,17.35,0.02,62.5,4.0
ENVA,263.02,2.03,7.48,6.5,Financial Services,Credit Services,19.66,70.4,Bull,1.15,16.95,0.61,62.5,4.71
SNOW,311.52,-1.68,4.5,109.8,Technology,Software - Application,21.87,72.2,Bull,2.88,16.46,0.11,62.4,4.51
WDAY,164.93,-3.35,4.31,42.1,Technology,Software - Application,15.63,61.4,Bull,2.03,19.22,0.02,62.2,3.93
FIVE,225.05,0.4,2.69,12.4,Consumer Cyclical,Specialty Retail,9.74,74.1,Bull,2.41,22.15,0.01,62.1,4.28
AWI,185.52,-0.3,6.59,7.9,Industrials,Building Products & Equipment,12.85,73.7,Bull,2.6,20.62,0.0,62.1,4.22
PGY,20.81,-4.54,17.97,1.8,N/A,N/A,21.77,63.3,Bull,0.44,16.65,0.04,61.9,
ALMR,28.35,4.57,16.33,2.0,N/A,N/A,14.9,63.9,Bull,0.16,12.06,0.88,61.9,
RDW,12.47,16.32,47.23,2.6,Industrials,Aerospace & Defense,12.03,62.6,Bull,0.56,19.1,0.22,61.9,4.22
TGB,8.31,1.59,17.37,3.0,N/A,N/A,15.7,62.6,Bull,0.12,18.71,0.04,61.9,
MYE,35.73,1.06,8.36,1.3,N/A,N/A,18.99,67.5,Bull,0.27,17.33,0.01,61.9,
SIM,30.03,4.63,9.2,5.0,N/A,N/A,2.31,57.7,Bull,0.15,0.64,14.02,61.8,
HRB,45.67,-0.45,3.13,5.8,N/A,N/A,13.87,64.4,Bull,0.23,18.15,0.21,61.8,
TSAT,50.37,-1.78,34.52,1.9,N/A,N/A,16.23,61.8,Bull,1.96,18.62,0.01,61.8,
HLMN,9.22,0.0,16.71,1.8,N/A,N/A,13.51,67.6,Bull,0.14,19.9,0.02,61.8,
WTW,341.99,1.16,1.77,31.4,N/A,N/A,16.67,78.8,Bull,3.33,18.28,0.01,61.7,
OLLI,78.67,0.34,8.15,4.7,N/A,N/A,6.01,67.8,Bull,1.73,23.45,0.01,61.5,
NBBK,23.08,-0.73,2.16,1.0,N/A,N/A,7.91,68.0,Bull,0.12,13.48,1.09,61.5,
WTTR,22.26,20.32,24.64,3.1,Energy,Oil & Gas Equipment & Services,17.94,67.5,Bull,0.04,16.18,3.73,61.5,4.83
MH,11.67,0.95,4.2,2.2,N/A,N/A,8.15,63.6,Bull,0.25,17.88,0.54,61.4,
MORN,198.55,-0.39,2.81,7.5,N/A,N/A,12.05,67.3,Bull,2.31,20.3,0.01,61.4,
ATI,219.99,7.25,20.94,28.0,N/A,N/A,17.4,69.4,Bull,2.36,16.79,0.06,61.0,
INSM,131.55,32.85,29.62,21.5,Healthcare,Biotechnology,20.45,75.4,Bull,1.16,11.24,0.54,60.8,4.78
LDOS,129.0,1.69,14.76,15.9,N/A,N/A,9.4,68.4,Bull,2.46,20.99,0.01,60.8,
SAIL,17.55,-1.63,8.53,10.1,N/A,N/A,14.98,65.8,Bull,0.26,18.18,0.01,60.8,
INSP,59.69,-0.66,19.34,1.7,N/A,N/A,19.15,65.3,Bull,0.86,15.87,0.02,60.6,
SEPN,38.76,-0.56,15.32,1.7,N/A,N/A,16.5,64.3,Bull,0.46,6.48,1.3,60.6,
UMAC,24.05,-6.55,17.24,1.2,N/A,N/A,16.34,56.8,Bull,0.78,15.99,0.17,60.5,
DBX,34.38,-1.79,7.05,8.2,N/A,N/A,16.73,69.2,Bull,0.36,16.88,0.01,60.3,
CXM,6.52,-2.83,5.16,1.6,N/A,N/A,13.22,65.0,Bull,0.06,18.55,0.01,60.3,
EMR,163.55,0.67,10.03,90.6,N/A,N/A,12.94,73.3,Bull,2.19,18.69,0.02,60.3,
CNXC,25.5,-2.15,2.41,1.6,N/A,N/A,3.17,54.4,Bull,0.26,23.63,0.01,60.3,
DPZ,361.94,-1.27,2.75,12.1,N/A,N/A,9.77,65.4,Bull,3.03,20.29,0.01,60.3,
LBRDA,36.02,-0.06,5.75,5.2,N/A,N/A,7.24,65.6,Bull,0.68,15.23,0.76,60.2,
CGAU,19.16,-1.54,4.59,3.9,N/A,N/A,13.69,64.8,Bull,0.35,18.2,0.01,60.1,
ELVN,59.88,0.29,10.98,3.6,N/A,N/A,20.13,69.8,Bull,0.47,14.75,0.03,60.0,
LILA,8.8,5.01,8.64,1.9,N/A,N/A,23.93,73.0,Bull,0.04,20.38,0.05,59.8,
SKYW,116.44,0.43,7.56,4.5,N/A,N/A,16.76,70.3,Bull,1.1,16.43,0.0,59.8,
BDC,127.75,-0.34,9.09,5.0,N/A,N/A,12.95,68.6,Bull,3.11,18.3,0.01,59.8,
SSNC,79.16,-0.01,2.58,18.6,N/A,N/A,11.77,68.1,Bull,0.73,18.63,0.02,59.7,
SPSC,71.21,-1.96,8.17,2.6,N/A,N/A,13.86,61.1,Bull,0.62,17.24,0.07,59.7,
HPQ,28.31,-0.75,5.38,26.1,N/A,N/A,14.27,64.4,Bull,0.24,17.3,0.02,59.6,
ERO,29.87,-1.84,10.43,3.2,N/A,N/A,10.04,62.9,Bull,0.57,19.19,0.05,59.6,
HBM,25.88,-0.08,13.76,11.5,N/A,N/A,8.97,63.1,Bull,0.58,19.93,0.02,59.6,
ALNT,103.04,10.49,19.52,1.6,N/A,N/A,18.6,66.4,Bull,1.4,14.8,0.04,59.4,
AXTA,38.16,0.24,5.91,8.1,N/A,N/A,14.19,72.4,Bull,0.5,17.24,0.01,59.4,
FNV,226.55,3.51,5.68,43.7,N/A,N/A,4.6,61.8,Bull,2.08,11.24,1.3,59.4,
DDS,615.03,-0.25,2.11,9.6,N/A,N/A,7.25,64.0,Bull,6.1,20.5,0.03,59.3,
IR,91.05,1.17,7.98,34.9,N/A,N/A,11.67,70.5,Bull,0.61,18.17,0.02,59.2,
CMPS,13.58,15.08,24.59,1.8,Healthcare,Medical Care Facilities,14.7,61.6,Bull,0.08,-2.76,2.01,59.1,4.69
DEO,93.36,5.58,4.83,49.2,N/A,N/A,10.97,70.6,Bull,0.58,15.82,0.34,59.1,
SOUN,7.62,18.54,24.14,2.8,Technology,Software - Application,11.78,65.2,Bull,0.14,14.1,0.49,59.0,4.71
FIVN,28.58,-3.45,3.33,2.3,N/A,N/A,18.39,63.6,Bull,0.33,14.64,0.02,59.0,
REGN,780.0,1.49,5.64,79.1,N/A,N/A,14.13,79.6,Bull,10.18,16.78,0.01,59.0,
HMY,17.77,-1.71,10.03,11.5,N/A,N/A,10.65,64.2,Bull,0.31,18.31,0.03,58.9,
BDX,176.3,3.3,6.56,47.0,N/A,N/A,12.46,73.5,Bull,1.44,16.87,0.1,58.9,
MT,74.15,-1.59,6.94,57.4,N/A,N/A,11.68,67.6,Bull,0.89,17.77,0.04,58.9,
APAM,43.04,0.62,8.54,3.5,N/A,N/A,12.32,72.1,Bull,0.33,17.55,0.02,58.8,
CRL,265.4,1.8,13.12,12.6,N/A,N/A,22.93,75.5,Bull,2.08,13.61,0.02,58.8,
ESLT,864.26,1.77,12.37,40.2,N/A,N/A,8.37,64.8,Bull,9.95,10.8,1.03,58.5,
MMM,183.13,0.58,4.01,93.9,N/A,N/A,10.95,71.5,Bull,0.93,17.89,0.01,58.5,
LPLA,362.8,0.8,6.97,28.3,N/A,N/A,13.41,72.8,Bull,2.22,16.48,0.0,58.2,
CTOS,11.03,0.09,13.48,2.5,N/A,N/A,7.5,58.3,Bull,0.05,13.24,1.0,58.2,
NEU,892.15,1.19,2.9,8.1,N/A,N/A,13.49,72.5,Bull,12.19,16.4,0.01,58.2,
JHX,28.55,0.67,7.86,16.5,N/A,N/A,13.34,67.5,Bull,0.21,16.48,0.01,58.2,
HRI,168.16,-0.4,15.24,5.6,N/A,N/A,13.92,62.7,Bull,1.62,16.09,0.01,58.1,
STGW,8.82,-0.34,3.89,2.2,N/A,N/A,17.8,71.0,Bull,0.11,13.81,0.04,58.0,
DCO,196.43,2.45,7.08,2.9,N/A,N/A,15.49,65.8,Bull,1.66,14.98,0.02,57.9,
STLD,263.66,-0.86,4.42,38.1,N/A,N/A,8.22,64.1,Bull,2.88,18.73,0.01,57.9,
PH,1091.49,9.49,13.37,125.7,N/A,N/A,14.04,76.0,Bull,7.12,14.99,0.11,57.9,
AVY,175.58,1.32,5.05,13.3,N/A,N/A,7.32,64.1,Bull,1.57,11.16,0.96,57.8,
AVNT,41.63,9.8,13.51,3.5,N/A,N/A,13.14,67.5,Bull,0.35,15.72,0.06,57.8,
MTRN,289.14,-2.67,38.94,6.2,N/A,N/A,21.52,63.6,Bull,5.58,12.63,0.02,57.8,
CRSR,10.94,-2.28,2.96,1.2,N/A,N/A,15.41,60.0,Bull,0.07,14.61,0.03,57.6,
PBH,52.98,1.88,1.51,2.5,N/A,N/A,5.57,62.3,Bull,0.28,9.71,1.2,57.5,
MSI,479.73,9.49,11.35,72.7,N/A,N/A,13.71,76.7,Bull,4.62,14.99,0.08,57.5,
GDRX,3.35,2.29,5.52,1.1,N/A,N/A,14.01,63.9,Bull,0.02,13.78,0.18,57.3,
REAL,12.39,-2.06,4.03,1.5,N/A,N/A,8.89,59.7,Bull,0.1,17.44,0.02,57.1,
MSA,194.5,0.88,11.56,7.4,N/A,N/A,11.55,74.6,Bull,2.11,15.88,0.05,57.1,
URGN,46.43,16.31,14.78,2.3,Healthcare,Biotechnology,27.98,70.2,Bear,-0.16,22.09,3.0,57.1,
PI,164.0,0.37,11.19,5.0,N/A,N/A,16.7,67.3,Bull,3.25,13.57,0.01,57.0,
WK,60.71,-1.6,3.71,3.4,N/A,N/A,11.41,62.5,Bull,0.44,16.01,0.03,57.0,
EYE,22.71,-1.39,1.38,1.8,N/A,N/A,11.1,68.3,Bull,0.17,16.28,0.0,56.9,
DAKT,21.93,1.86,11.94,1.1,N/A,N/A,9.21,68.6,Bull,0.25,9.65,0.9,56.8,
ULTA,540.0,0.1,4.5,23.2,N/A,N/A,8.76,71.5,Bull,6.42,17.33,0.01,56.8,
KD,13.99,0.65,3.55,3.1,N/A,N/A,11.0,62.1,Bull,0.17,15.91,0.04,56.8,
RTX,224.7,1.08,4.81,299.6,N/A,N/A,12.88,77.4,Bull,1.19,15.11,0.02,56.8,
ESQ,132.2,1.45,0.24,1.1,N/A,N/A,10.58,67.4,Bull,0.69,12.45,0.47,56.7,
SPHR,160.64,1.32,14.6,5.8,N/A,N/A,10.7,61.6,Bull,2.28,6.33,1.21,56.7,
DIS,101.76,3.65,3.33,176.7,N/A,N/A,3.34,60.8,Bull,0.58,5.23,1.76,56.6,
AMGN,413.79,1.46,6.75,220.1,N/A,N/A,12.86,74.5,Bull,2.93,13.8,0.16,56.6,
DASH,215.56,4.0,9.13,90.3,N/A,N/A,17.62,70.9,Bull,2.25,12.07,0.08,56.6,
GPK,11.85,-0.42,8.12,3.5,N/A,N/A,9.37,62.6,Bull,0.09,16.75,0.01,56.6,
WF,69.8,-0.2,6.78,17.0,N/A,N/A,8.6,65.0,Bull,0.61,12.71,0.54,56.5,
GGB,5.12,-0.39,3.23,10.2,N/A,N/A,10.47,71.2,Bull,0.03,16.1,0.01,56.4,
BCC,84.1,-0.83,11.57,3.0,N/A,N/A,9.84,60.9,Bull,0.74,16.42,0.01,56.4,
HAWK,23.97,1.87,16.13,2.3,N/A,N/A,3.9,59.8,Bull,0.8,19.14,0.04,56.4,
JD,32.38,-0.51,0.2,44.4,N/A,N/A,8.64,69.6,Bull,0.16,16.71,0.03,56.3,
DRD,22.87,6.03,13.44,2.0,N/A,N/A,0.99,59.0,Bull,0.33,11.45,1.1,56.2,
VOR,21.93,-1.53,0.6,1.2,N/A,N/A,20.38,64.2,Bull,0.17,11.04,0.02,56.2,
PICS,13.3,-0.52,3.1,1.7,N/A,N/A,12.34,63.6,Bull,0.09,14.85,0.01,56.1,
JLL,371.23,-0.54,2.63,17.2,N/A,N/A,13.16,71.2,Bull,3.64,14.51,0.01,56.1,
BSBR,5.86,1.21,16.04,43.3,N/A,N/A,9.34,66.1,Bull,0.07,16.4,0.01,56.1,
FSUN,39.8,0.2,1.82,1.9,N/A,N/A,7.64,64.7,Bull,0.5,7.05,1.22,56.0,
CSL,383.82,-0.39,3.77,15.3,N/A,N/A,8.8,62.5,Bull,5.9,16.31,0.01,55.8,
WHR,44.25,-2.08,16.23,2.9,N/A,N/A,7.52,64.4,Bull,0.97,16.88,0.02,55.8,
DXCM,83.33,0.81,11.79,31.2,N/A,N/A,12.4,62.4,Bull,1.03,14.12,0.02,55.5,
GM,88.85,-0.34,0.51,78.2,N/A,N/A,8.78,65.9,Bull,0.63,15.92,0.01,55.4,
ADT,7.69,-0.13,2.4,5.6,N/A,N/A,9.27,68.4,Bull,0.06,15.64,0.01,55.4,
DOCU,55.9,-2.77,2.97,11.0,N/A,N/A,11.13,59.7,Bull,0.35,14.64,0.01,55.3,
CLDX,41.06,5.15,9.46,3.2,N/A,N/A,15.89,70.5,Bull,0.29,5.39,0.83,55.3,
WS,37.98,-0.29,8.11,1.9,N/A,N/A,3.14,58.1,Bull,0.43,18.58,0.01,55.2,
STEP,50.1,0.57,14.84,6.0,N/A,N/A,10.79,67.4,Bull,0.92,14.71,0.01,55.2,
OSBC,26.01,0.48,2.95,1.3,N/A,N/A,11.38,81.6,Bull,0.14,14.17,0.03,55.1,
CACI,552.54,6.66,15.75,11.4,N/A,N/A,11.3,67.2,Bull,7.86,14.33,0.01,55.1,
VAC,110.76,8.87,13.5,3.5,N/A,N/A,17.5,69.1,Bull,0.54,12.1,0.01,55.1,
SOLV,87.25,-0.25,0.5,15.1,N/A,N/A,9.62,64.1,Bull,0.62,14.86,0.05,55.1,
AVT,98.01,0.81,12.91,8.0,N/A,N/A,12.91,68.8,Bull,1.13,13.6,0.0,55.1,
CRGY,11.27,2.64,0.9,3.6,N/A,N/A,2.59,56.3,Bull,0.07,18.38,0.05,55.1,
OTEX,26.15,1.95,3.12,6.4,N/A,N/A,11.35,64.0,Bull,0.27,13.84,0.06,55.0,
ITT,220.0,7.8,13.99,18.2,N/A,N/A,11.88,73.3,Bull,2.23,13.99,0.01,55.0,
BKE,45.42,-0.37,0.93,2.3,N/A,N/A,1.77,57.5,Bull,0.4,10.46,1.03,54.9,
BBVA,28.59,1.85,3.59,160.3,N/A,N/A,12.89,68.8,Bull,0.19,12.74,0.08,54.9,
ROST,254.35,0.45,0.7,81.2,N/A,N/A,9.08,70.4,Bull,1.33,15.3,0.01,54.9,
CDRE,33.62,8.36,10.25,1.3,N/A,N/A,11.1,66.3,Bull,0.2,14.12,0.01,54.8,
UHS,171.66,2.26,2.08,10.4,N/A,N/A,8.37,67.2,Bull,1.72,9.74,0.71,54.8,
HGTY,13.62,0.74,18.23,4.6,N/A,N/A,17.04,72.6,Bull,0.14,10.91,0.04,54.7,
ASAN,8.38,-5.63,5.41,2.0,N/A,N/A,11.4,57.5,Bull,0.11,13.7,0.03,54.7,
BOBS,17.34,-7.77,5.6,2.5,N/A,N/A,12.75,57.4,Bull,0.14,13.11,0.02,54.7,
J,143.91,-0.52,8.41,16.9,N/A,N/A,10.47,67.9,Bull,0.93,14.36,0.01,54.7,
ARES,138.77,-0.71,11.81,46.1,N/A,N/A,11.23,65.4,Bull,1.87,14.07,0.01,54.7,
IVZ,32.15,0.45,9.3,14.1,N/A,N/A,11.83,66.6,Bull,0.22,12.39,0.15,54.6,
WCC,375.72,0.71,9.64,18.2,N/A,N/A,10.41,64.3,Bull,6.13,14.23,0.01,54.6,
ATLC,110.4,-0.82,4.1,1.7,N/A,N/A,14.14,65.7,Bull,0.83,12.38,0.02,54.6,
TPR,160.4,0.78,5.13,32.2,N/A,N/A,9.76,70.7,Bull,1.73,14.63,0.01,54.6,
ICFI,86.29,1.75,6.69,1.5,N/A,N/A,12.83,66.0,Bull,0.45,13.03,0.01,54.5,
SSRM,29.0,9.1,15.95,5.9,N/A,N/A,3.47,56.3,Bull,0.24,2.84,1.79,54.5,
WSM,248.71,0.19,6.6,29.2,N/A,N/A,11.79,68.0,Bull,1.96,13.55,0.01,54.5,
CHWY,23.73,-1.25,3.99,9.8,N/A,N/A,9.1,63.3,Bull,0.22,14.8,0.02,54.5,
RJET,21.62,-1.73,19.78,1.0,N/A,N/A,12.36,61.4,Bull,0.51,7.83,0.66,54.5,
VSAT,80.11,-1.14,3.23,11.2,N/A,N/A,10.46,56.0,Bull,0.86,13.8,0.05,54.4,
AAMI,90.11,-1.42,7.34,3.3,N/A,N/A,14.06,66.3,Bull,0.73,12.11,0.02,54.3,
BAM,52.66,0.06,9.8,86.2,N/A,N/A,10.3,71.0,Bull,0.62,14.06,0.01,54.3,
CLX,106.58,0.7,10.18,12.8,N/A,N/A,9.26,67.2,Bull,1.04,14.52,0.02,54.3,
KAI,334.18,-0.87,8.57,4.0,N/A,N/A,7.36,64.1,Bull,3.24,15.37,0.02,54.2,
GLOB,36.65,-4.52,0.7,1.7,N/A,N/A,3.96,57.4,Bull,0.67,17.11,0.01,54.2,
LIF,60.44,-1.65,8.54,5.0,N/A,N/A,15.47,60.4,Bull,0.65,11.22,0.02,54.1,
JOE,64.93,0.14,4.86,3.7,N/A,N/A,2.79,63.1,Bull,0.51,9.02,1.04,54.0,
KC,12.0,-4.08,18.34,3.7,N/A,N/A,7.57,60.2,Bull,0.36,14.61,0.06,53.9,
INTU,319.45,-2.59,1.25,89.7,N/A,N/A,3.7,58.5,Bull,3.28,16.85,0.02,53.9,
AMPL,10.12,1.1,17.54,1.3,N/A,N/A,20.09,66.5,Bull,0.07,7.89,0.1,53.7,
FERG,256.54,0.51,13.33,49.9,N/A,N/A,8.84,69.9,Bull,3.26,14.21,0.0,53.7,
TPG,48.04,0.28,12.52,18.1,N/A,N/A,11.14,66.9,Bull,0.59,12.7,0.05,53.7,
SXT,130.23,2.41,6.58,5.5,N/A,N/A,10.87,67.6,Bull,1.34,9.57,0.45,53.7,
ARHS,8.73,6.09,18.95,1.2,N/A,N/A,14.53,65.0,Bull,0.08,10.52,0.09,53.6,
DCH,5.97,-0.5,1.88,1.4,N/A,N/A,3.68,58.0,Bull,0.08,16.6,0.01,53.5,
GKOS,171.3,0.22,1.65,10.1,N/A,N/A,16.08,74.1,Bull,0.89,10.47,0.0,53.5,
BF-B,28.92,1.9,0.31,5.0,N/A,N/A,7.35,61.1,Bull,0.19,14.67,0.02,53.5,
PKG,256.11,0.04,3.01,22.8,N/A,N/A,8.84,67.8,Bull,1.37,14.09,0.01,53.5,
FCX,68.7,-0.99,8.29,99.8,N/A,N/A,8.7,62.4,Bull,0.95,13.77,0.03,53.4,
SXI,326.45,1.16,18.94,4.0,N/A,N/A,8.19,59.0,Bull,1.94,8.37,0.72,53.4,
VOYG,34.73,3.7,53.54,2.1,N/A,N/A,11.93,61.4,Bull,1.25,1.88,1.27,53.4,
GIL,58.44,0.59,11.3,10.8,N/A,N/A,6.99,66.1,Bull,0.88,14.83,0.0,53.3,
TDY,683.73,-0.15,8.3,31.7,N/A,N/A,6.64,66.5,Bull,4.07,6.91,0.96,53.3,
AXON,625.0,2.54,18.98,49.1,N/A,N/A,21.31,68.8,Bull,8.28,7.39,0.09,53.2,
GGG,83.4,1.09,4.26,13.4,N/A,N/A,7.41,69.2,Bull,0.61,14.4,0.01,53.2,
CHTR,154.03,0.56,8.47,18.3,N/A,N/A,7.08,66.1,Bull,2.9,14.65,0.01,53.2,
WY,25.85,0.04,10.0,18.6,N/A,N/A,6.45,63.8,Bull,0.23,14.89,0.01,53.2,
FOXA,61.55,4.89,4.64,24.7,N/A,N/A,6.09,65.2,Bull,0.53,14.53,0.06,53.1,
LW,53.75,0.84,0.37,7.3,N/A,N/A,12.6,70.5,Bull,0.21,18.81,0.01,53.1,
WT,21.98,-0.23,16.91,3.4,N/A,N/A,14.69,65.6,Bull,0.24,10.67,0.01,53.1,
BABA,126.68,-1.44,8.91,300.0,N/A,N/A,7.8,66.0,Bull,1.53,13.98,0.03,53.1,
LECO,281.35,0.71,12.44,15.2,N/A,N/A,7.78,64.9,Bull,3.5,14.21,0.01,53.1,
KRMN,55.12,2.09,20.9,7.3,N/A,N/A,3.78,59.9,Bull,1.02,10.33,0.68,52.9,
AVEX,19.42,-1.42,22.06,2.2,N/A,N/A,0.72,57.5,Bull,0.83,17.41,0.01,52.9,
CPA,150.78,2.82,10.64,6.2,N/A,N/A,6.66,60.6,Bull,0.91,2.31,1.47,52.9,
FSLY,22.72,-12.72,5.43,4.1,N/A,N/A,10.51,56.8,Bull,0.37,11.76,0.1,52.9,
ADBE,253.17,-2.37,2.13,103.1,N/A,N/A,7.84,59.2,Bull,2.36,13.71,0.03,52.9,
VSNT,40.35,12.74,12.43,5.1,N/A,N/A,8.36,66.0,Bull,0.39,12.68,0.12,52.9,
SBSW,9.87,-0.5,8.58,7.0,N/A,N/A,3.29,62.2,Bull,0.24,15.3,0.11,52.8,
CAC,59.85,0.81,3.46,1.0,N/A,N/A,10.77,72.8,Bull,0.37,12.39,0.01,52.8,
RPM,116.38,-0.3,7.92,14.9,N/A,N/A,8.64,64.6,Bull,1.17,13.19,0.02,52.7,
PATH,13.14,-4.92,6.22,7.2,N/A,N/A,12.28,59.6,Bull,0.18,11.36,0.02,52.7,
GRND,17.47,-1.74,3.07,3.2,N/A,N/A,15.96,66.4,Bull,0.13,9.19,0.05,52.6,
SLM,27.59,0.44,6.77,5.2,N/A,N/A,11.7,68.5,Bull,0.2,11.56,0.01,52.5,
LMT,588.01,1.8,2.42,133.3,N/A,N/A,7.77,65.8,Bull,3.54,13.46,0.02,52.5,
AIZ,301.57,7.2,7.32,14.9,N/A,N/A,12.16,77.2,Bull,0.95,8.47,1.9,52.4,
ADSK,237.26,-1.16,0.97,50.6,N/A,N/A,7.17,61.7,Bull,2.14,13.75,0.01,52.4,
PVH,87.9,0.95,1.02,4.0,N/A,N/A,7.29,62.0,Bull,0.77,13.73,0.01,52.4,
NTSK,13.62,-3.27,12.56,5.7,N/A,N/A,15.18,61.3,Bull,0.09,9.66,0.01,52.4,
YUMC,48.08,1.21,3.45,16.7,N/A,N/A,7.23,69.4,Bull,0.41,13.63,0.02,52.4,
BBT,31.76,-0.97,6.43,2.7,N/A,N/A,4.93,62.8,Bull,0.18,7.37,0.9,52.3,
CRM,185.0,-4.14,2.37,158.1,N/A,N/A,6.23,57.4,Bull,1.97,13.85,0.05,52.3,
LBRDK,35.99,0.0,7.88,5.2,N/A,N/A,6.76,65.4,Bull,0.67,13.93,0.0,52.3,
IE,10.49,-1.46,12.25,1.7,N/A,N/A,2.4,59.5,Bull,0.29,15.97,0.0,52.2,
BAH,72.7,1.1,6.43,8.6,N/A,N/A,4.13,59.1,Bull,0.77,15.1,0.01,52.2,
BX,135.82,-0.15,7.14,101.1,N/A,N/A,9.58,64.6,Bull,0.9,12.33,0.01,52.2,
LH,315.85,0.6,0.1,25.7,N/A,N/A,11.06,69.9,Bull,1.48,13.76,0.01,52.2,
STRD,62.87,2.46,3.73,24.2,N/A,N/A,0.15,56.5,Bull,0.38,3.32,1.66,52.2,
ZWS,53.0,0.45,5.75,8.8,N/A,N/A,7.61,67.1,Bull,0.53,13.32,0.01,52.2,
AEVA,23.01,17.34,39.79,1.2,Technology,Software - Infrastructure,17.36,60.7,Bull,0.85,4.45,0.49,52.2,4.5
EMBJ,72.71,-0.1,6.75,13.2,N/A,N/A,12.02,70.4,Bull,0.48,10.94,0.01,52.1,
SNAP,5.32,-0.28,13.33,9.0,N/A,N/A,7.28,60.1,Bull,0.12,13.09,0.04,52.1,
VIA,20.27,-5.1,0.9,1.7,N/A,N/A,12.12,57.6,Bull,0.13,10.7,0.04,52.1,
ING,36.04,0.33,3.15,104.3,N/A,N/A,11.58,70.5,Bull,0.24,10.89,0.04,52.0,
AIR,150.5,2.5,7.9,5.9,N/A,N/A,13.4,63.7,Bull,1.25,10.2,0.01,52.0,
FND,61.77,-1.47,11.7,6.7,N/A,N/A,11.63,63.6,Bull,0.66,11.14,0.01,52.0,
AIT,358.14,0.35,7.11,13.2,N/A,N/A,8.49,67.1,Bull,1.3,13.38,1.07,51.9,
FLS,78.99,0.41,4.87,10.0,N/A,N/A,7.07,62.8,Bull,1.15,13.34,0.01,51.9,
GTES,29.26,-0.14,13.5,7.4,N/A,N/A,8.82,61.4,Bull,0.35,12.41,0.01,51.9,
FOX,55.0,5.36,5.08,21.9,N/A,N/A,5.65,64.3,Bull,0.46,13.54,0.05,51.8,
VZ,47.41,2.02,2.82,193.1,N/A,N/A,4.7,60.7,Bull,0.25,14.15,0.03,51.8,
IEX,236.98,-0.38,3.25,17.5,N/A,N/A,6.7,67.2,Bull,1.22,8.51,0.59,51.8,
RCL,324.23,-0.97,0.71,87.6,N/A,N/A,8.39,63.7,Bull,2.87,12.55,0.01,51.8,
AVLN,32.2,0.63,9.86,1.4,N/A,N/A,10.71,62.6,Bull,0.46,11.34,0.0,51.7,
S,20.4,-2.86,10.87,7.2,N/A,N/A,14.54,63.8,Bull,0.16,8.17,0.14,51.6,
ALVO,3.77,0.27,5.6,1.2,N/A,N/A,5.93,56.3,Bull,0.07,13.55,0.0,51.6,
URBN,78.22,0.42,3.27,6.7,N/A,N/A,7.12,61.0,Bull,0.62,12.92,0.01,51.6,
DT,49.34,-2.99,11.88,14.8,N/A,N/A,14.37,67.3,Bull,0.61,9.09,0.03,51.5,
ZGN,15.17,-0.26,2.15,4.1,N/A,N/A,9.38,63.3,Bull,0.08,11.79,0.0,51.5,
IFF,86.86,-1.37,9.29,22.5,N/A,N/A,11.61,68.5,Bull,1.02,10.61,0.01,51.5,
M,25.45,-0.25,2.07,6.7,N/A,N/A,8.21,58.9,Bull,0.13,12.2,0.01,51.4,
OCTV,19.4,-0.97,7.96,5.3,N/A,N/A,6.89,64.1,Bull,0.42,12.59,0.04,51.3,
RACE,412.98,1.52,3.84,95.2,N/A,N/A,10.88,68.5,Bull,3.03,10.23,0.08,51.3,
DOO,65.82,0.46,5.5,4.8,N/A,N/A,7.94,69.1,Bull,0.51,12.17,0.01,51.2,
CG,49.49,-0.71,9.09,17.9,N/A,N/A,7.74,63.8,Bull,0.53,12.01,0.04,51.2,
SHW,367.82,-0.5,6.66,89.7,N/A,N/A,10.35,66.0,Bull,3.98,10.78,0.01,51.1,
RS,421.73,0.15,5.16,21.5,N/A,N/A,8.01,66.2,Bull,2.4,12.01,0.01,51.1,
OMF,65.47,-0.12,3.27,7.5,N/A,N/A,9.47,70.5,Bull,0.41,11.27,0.01,51.1,
HII,322.52,1.52,0.82,12.5,N/A,N/A,6.35,63.5,Bull,4.99,12.68,0.02,51.0,
TTEK,34.3,0.03,5.7,8.8,N/A,N/A,10.18,65.2,Bull,0.19,10.86,0.01,51.0,
AMZN,273.51,0.32,16.14,2940.9,N/A,N/A,9.87,63.9,Bull,4.44,10.71,0.04,51.0,
PWP,17.51,1.1,17.44,1.6,N/A,N/A,6.05,59.2,Bull,0.26,12.82,0.01,51.0,
CYD,48.92,1.66,8.42,1.8,N/A,N/A,4.63,57.8,Bull,0.52,5.97,0.91,50.9,
FSS,130.18,0.0,4.52,7.9,N/A,N/A,8.81,62.2,Bull,1.44,11.37,0.01,50.9,
WLYB,54.28,-0.82,4.59,2.8,N/A,N/A,12.57,71.2,Bull,0.13,3.27,18.86,50.8,
TRUP,28.88,18.39,17.95,1.1,Financial Services,Insurance - Property & Casualty,15.12,66.2,Bull,0.12,11.75,0.18,50.7,3.83
BLK,1137.2,0.32,3.54,176.0,N/A,N/A,7.9,66.4,Bull,7.24,11.53,0.01,50.6,
IBP,246.36,2.01,9.42,6.5,N/A,N/A,7.14,62.9,Bull,1.61,11.98,0.0,50.6,
SF,84.31,0.31,2.92,12.9,N/A,N/A,9.14,69.7,Bull,0.3,15.0,0.7,50.5,
COF,221.79,0.07,5.54,136.0,N/A,N/A,9.13,67.5,Bull,1.32,10.84,0.01,50.5,
MGA,71.42,-0.47,2.25,19.0,N/A,N/A,8.24,64.1,Bull,0.4,11.18,0.02,50.5,
SCCO,194.89,-1.07,5.35,164.4,N/A,N/A,7.14,59.8,Bull,1.85,11.73,0.02,50.5,
ONDS,8.69,-2.03,14.64,5.1,N/A,N/A,3.32,56.5,Bull,0.24,13.59,0.02,50.5,
NWS,34.14,3.05,7.36,18.1,N/A,N/A,10.81,66.6,Bull,0.21,9.67,0.05,50.5,
TGT,149.04,0.9,3.13,67.1,N/A,N/A,9.64,67.3,Bull,0.7,12.67,0.01,50.4,
VIPS,15.47,-0.45,1.84,7.5,N/A,N/A,7.0,69.5,Bull,0.08,11.7,0.01,50.3,
SYF,79.61,0.45,3.6,29.5,N/A,N/A,7.1,63.1,Bull,0.65,11.71,0.01,50.3,
DGX,238.34,1.06,1.72,26.0,N/A,N/A,11.54,74.8,Bull,1.01,14.56,0.01,50.2,
ENR,22.38,-0.69,6.4,1.5,N/A,N/A,8.83,64.4,Bull,0.13,10.71,0.01,50.2,
NSSC,40.26,-0.2,10.7,1.4,N/A,N/A,6.95,68.8,Bull,0.53,11.55,0.03,50.2,
DXPE,179.57,6.65,16.02,2.6,N/A,N/A,10.32,61.5,Bull,0.98,8.85,0.14,50.2,
RH,195.3,3.77,10.88,3.7,N/A,N/A,18.27,65.0,Bull,0.34,20.12,1.02,50.1,
LEU,190.29,1.42,7.66,3.7,N/A,N/A,8.6,59.9,Bull,3.15,9.64,0.13,50.0,
BCPC,180.0,0.68,10.61,5.7,N/A,N/A,8.17,73.7,Bull,1.89,10.07,0.1,50.0,
COTY,2.84,0.18,5.39,2.5,N/A,N/A,16.91,66.6,Bull,0.0,33.1,0.02,49.9,
HON,249.82,0.69,3.27,78.6,N/A,N/A,5.86,64.2,Bull,1.41,11.82,0.02,49.9,
VSECU,59.02,7.8,16.04,1.5,N/A,N/A,13.34,66.6,Bull,0.64,7.94,0.02,49.8,
NCNO,18.71,-2.7,1.8,2.1,N/A,N/A,8.61,58.3,Bull,0.1,10.19,0.04,49.8,
XPRO,16.59,1.65,8.93,1.9,N/A,N/A,5.79,58.6,Bull,0.09,11.87,0.01,49.8,
FAST,50.8,1.62,8.87,57.4,N/A,N/A,9.02,69.4,Bull,0.45,10.2,0.01,49.8,
APPF,191.32,-0.87,8.7,6.8,N/A,N/A,11.05,60.2,Bull,1.87,9.14,0.02,49.8,
WOR,59.11,0.66,6.22,2.9,N/A,N/A,5.44,62.9,Bull,0.46,12.04,0.0,49.8,
IMTX,9.77,4.16,8.68,1.3,N/A,N/A,1.32,55.5,Bull,0.07,-2.1,1.69,49.8,
ZBH,98.5,0.35,3.73,19.0,N/A,N/A,8.29,63.1,Bull,0.53,10.39,0.01,49.7,
ZIM,26.83,0.96,8.51,3.2,N/A,N/A,6.4,61.8,Bull,0.29,11.16,0.04,49.7,
WD,51.39,-0.83,1.74,1.8,N/A,N/A,1.64,53.8,Bull,0.38,4.3,1.15,49.7,
VZLA,3.53,-1.67,8.95,1.3,N/A,N/A,5.56,58.2,Bull,0.05,11.71,0.02,49.7,
DCI,97.83,0.6,5.58,11.3,N/A,N/A,8.23,68.6,Bull,0.49,10.52,0.01,49.6,
DOX,58.14,5.15,5.17,6.0,N/A,N/A,5.02,62.9,Bull,0.63,11.83,0.03,49.6,
LFUS,457.5,-0.79,3.51,11.7,N/A,N/A,6.2,60.5,Bull,7.68,11.43,0.0,49.6,
BR,162.93,-0.29,5.27,18.6,N/A,N/A,7.73,62.3,Bull,1.41,10.6,0.01,49.6,
TTC,98.92,-0.17,7.13,9.4,N/A,N/A,5.42,62.2,Bull,0.46,6.71,0.88,49.5,
TSCO,33.64,0.69,11.35,17.5,N/A,N/A,5.32,65.1,Bull,0.37,11.69,0.02,49.5,
TECK,65.27,-1.18,4.45,32.3,N/A,N/A,8.11,60.8,Bull,0.98,10.2,0.02,49.5,
ETN,445.34,-0.43,15.11,173.7,N/A,N/A,9.24,61.7,Bull,5.95,9.74,0.02,49.5,
AMCR,47.57,-0.38,5.36,22.1,N/A,N/A,10.23,65.9,Bull,0.22,11.41,0.01,49.5,
GLBE,40.87,-1.67,2.52,7.0,N/A,N/A,12.65,63.7,Bull,0.24,8.02,0.01,49.4,
RIO,100.16,-1.33,3.07,127.5,N/A,N/A,4.16,61.8,Bull,1.36,11.92,0.05,49.4,
BNT,45.12,-0.33,5.47,15.3,N/A,N/A,3.0,61.6,Bull,0.3,5.25,0.92,49.4,
AVAV,167.22,-0.5,14.09,8.5,N/A,N/A,2.92,56.5,Bull,3.08,12.68,0.03,49.4,
VRSN,297.97,1.55,3.97,26.5,N/A,N/A,7.77,64.2,Bull,2.65,10.37,0.01,49.4,
TVTX,62.76,12.03,12.96,5.9,N/A,N/A,17.68,69.2,Bull,0.07,7.54,4.05,49.3,
SAN,14.87,1.57,5.39,215.1,N/A,N/A,10.35,65.7,Bull,0.09,7.83,0.16,49.3,
RITM,10.15,0.45,2.79,5.6,N/A,N/A,8.01,67.9,Bull,0.08,10.15,0.02,49.3,
QCRH,105.99,0.62,2.8,1.7,N/A,N/A,8.44,72.8,Bull,0.52,10.37,0.01,49.2,
VEEV,208.62,-2.29,3.5,34.8,N/A,N/A,11.73,62.4,Bull,0.98,9.97,0.04,49.2,
PTC,137.38,-1.47,0.79,15.1,N/A,N/A,6.25,61.7,Bull,1.97,10.97,0.01,49.2,
ZM,99.27,-1.36,7.53,29.5,N/A,N/A,7.06,62.0,Bull,1.38,10.45,0.02,49.2,
B,40.72,-0.79,8.02,68.8,N/A,N/A,6.18,63.3,Bull,0.59,10.58,0.05,49.1,
UFPI,92.21,-0.52,7.0,5.3,N/A,N/A,5.38,60.6,Bull,0.59,11.09,0.04,49.1,
NGL,17.25,1.47,7.14,2.1,N/A,N/A,9.58,63.5,Bull,0.19,9.18,0.0,49.0,
NWG,19.32,0.49,4.24,79.1,N/A,N/A,9.91,64.6,Bull,0.1,8.76,0.04,49.0,
QRVO,95.25,0.0,4.97,8.4,N/A,N/A,4.77,60.8,Bull,1.21,11.47,0.02,49.0,
BFC,156.31,0.15,2.98,1.7,N/A,N/A,5.99,65.8,Bull,0.7,7.67,0.85,48.9,
PAHC,36.48,1.31,0.08,1.5,N/A,N/A,2.28,60.0,Bull,0.21,12.66,0.01,48.9,
GEHC,70.95,1.01,1.44,31.7,N/A,N/A,8.1,63.1,Bull,0.81,9.72,0.01,48.8,
SKE,30.09,-1.63,9.98,3.8,N/A,N/A,7.78,60.1,Bull,0.47,9.58,0.03,48.7,
TFX,144.31,5.51,9.08,6.1,N/A,N/A,9.17,64.8,Bull,0.78,7.66,0.17,48.7,
THO,79.48,-0.58,1.81,4.1,N/A,N/A,3.63,57.7,Bull,0.36,9.9,0.6,48.7,
BFLY,8.29,-1.56,1.45,2.2,N/A,N/A,20.42,57.8,Bull,0.12,3.35,0.04,48.7,
CCL,29.44,-0.78,6.01,40.6,N/A,N/A,6.57,62.7,Bull,0.38,10.18,0.03,48.7,
SUNB,79.62,-0.35,9.78,32.7,N/A,N/A,6.16,60.4,Bull,0.82,10.2,0.05,48.7,
ITW,300.53,1.08,5.93,85.5,N/A,N/A,9.71,69.8,Bull,1.31,13.2,0.01,48.7,
AME,255.47,0.28,6.44,58.4,N/A,N/A,7.72,70.4,Bull,1.68,9.65,0.01,48.6,
NDSN,314.14,1.12,6.41,17.3,N/A,N/A,7.26,69.5,Bull,2.11,9.7,0.03,48.6,
JCI,154.19,0.35,7.17,93.1,N/A,N/A,7.48,67.9,Bull,1.4,9.72,0.01,48.5,
BHP,88.14,-1.39,2.61,227.1,N/A,N/A,5.16,59.1,Bull,0.69,10.3,0.06,48.4,
STRC,93.76,-0.36,5.35,36.2,N/A,N/A,5.11,64.8,Bull,0.98,10.63,0.02,48.4,
TSLX,18.35,1.49,6.44,1.7,N/A,N/A,6.14,65.0,Bull,0.12,10.08,0.03,48.4,
CET,54.89,-0.65,5.17,13.3,N/A,N/A,3.99,66.4,Bull,0.27,4.65,0.85,48.4,
NVDA,221.37,0.98,13.5,5305.1,N/A,N/A,7.92,62.9,Bull,2.12,9.17,0.04,48.4,
DB,38.29,0.66,3.4,71.6,N/A,N/A,9.94,66.3,Bull,0.22,8.16,0.02,48.3,
KKR,105.58,-0.06,4.56,94.9,N/A,N/A,7.13,61.4,Bull,0.7,9.68,0.01,48.3,
TDW,79.86,3.23,8.68,3.8,N/A,N/A,6.32,56.7,Bull,0.37,13.02,0.01,48.3,
SARO,30.57,-1.44,5.47,10.3,N/A,N/A,8.41,62.4,Bull,0.24,8.93,0.0,48.2,
SWKS,66.86,-0.2,7.0,10.1,N/A,N/A,3.17,57.0,Bull,1.06,11.52,0.01,48.2,
ALH,28.02,0.04,6.86,5.6,N/A,N/A,8.51,66.8,Bull,0.28,8.86,0.01,48.2,
CBRL,58.75,2.85,3.89,1.3,N/A,N/A,21.85,68.2,Bull,0.09,21.53,0.73,48.1,
ESTC,66.83,-4.15,4.02,7.2,N/A,N/A,9.96,59.4,Bull,0.74,7.69,0.04,48.0,
SLNHP,11.17,-0.27,6.38,1.6,N/A,N/A,8.29,59.2,Bull,0.18,8.45,0.05,48.0,
INFY,12.32,-1.31,3.07,50.6,N/A,N/A,4.63,57.7,Bull,0.12,10.66,0.0,48.0,
CTS,66.66,-0.18,6.32,1.9,N/A,N/A,7.21,61.2,Bull,0.8,9.35,0.0,48.0,
FUBO,10.43,-2.16,21.42,1.2,N/A,N/A,6.61,59.3,Bull,0.18,9.56,0.01,48.0,
OPCH,23.81,0.46,6.01,3.5,N/A,N/A,6.03,62.9,Bull,0.2,9.88,0.01,47.9,
ORLY,93.8,0.39,7.37,77.4,N/A,N/A,5.22,61.6,Bull,0.76,10.2,0.01,47.9,
CUBI,83.17,0.54,6.35,2.8,N/A,N/A,7.05,65.6,Bull,0.6,9.32,0.01,47.9,
ARW,224.75,-0.93,5.59,11.6,N/A,N/A,6.72,60.2,Bull,2.0,9.48,0.01,47.9,
JBLU,6.3,-1.02,3.71,2.4,N/A,N/A,12.77,61.0,Bull,0.09,6.33,0.01,47.8,
UVE,44.75,1.22,2.1,1.2,N/A,N/A,10.41,64.6,Bull,0.33,7.45,0.02,47.8,
EMN,73.97,0.85,5.57,8.4,N/A,N/A,5.12,65.2,Bull,0.79,10.06,0.01,47.7,
PRCH,15.53,-1.46,8.3,2.1,N/A,N/A,20.51,61.7,Bull,0.27,2.51,0.02,47.7,
CRI,39.95,0.38,3.23,1.5,N/A,N/A,2.48,53.8,Bull,0.19,5.38,0.89,47.6,
NG,6.8,-1.31,12.03,3.0,N/A,N/A,1.86,59.1,Bull,0.18,11.48,0.02,47.6,
ACM,75.17,0.36,4.75,9.6,N/A,N/A,4.23,62.5,Bull,0.66,10.46,0.0,47.6,
AX,104.72,0.87,6.33,5.9,N/A,N/A,8.91,67.6,Bull,0.54,7.99,0.02,47.6,
DD,147.83,0.31,6.48,19.9,N/A,N/A,5.63,66.5,Bull,1.26,9.67,0.01,47.6,
FHI,63.69,-0.59,7.1,4.8,N/A,N/A,8.43,65.4,Bull,0.56,8.19,0.01,47.5,
URI,1169.0,0.6,9.39,72.3,N/A,N/A,10.1,63.1,Bull,8.56,7.38,0.01,47.5,
ROP,394.07,-0.12,1.24,39.0,N/A,N/A,9.44,63.5,Bull,1.79,10.71,0.02,47.4,
OSIS,237.1,0.85,7.81,3.9,N/A,N/A,5.72,66.6,Bull,2.83,9.44,0.01,47.4,
SKM,35.25,1.06,10.88,13.4,N/A,N/A,3.72,56.7,Bull,0.45,7.54,0.36,47.4,
NEM,103.77,-0.5,8.36,109.9,N/A,N/A,5.17,62.7,Bull,1.59,9.45,0.04,47.4,
HP,36.1,8.49,6.91,3.3,N/A,N/A,3.45,58.3,Bull,0.22,10.24,0.06,47.4,
VGNT,44.42,-1.35,6.04,3.2,N/A,N/A,6.0,57.2,Bull,0.48,9.09,0.03,47.3,
SVM,10.63,-1.76,10.27,2.4,N/A,N/A,2.61,57.5,Bull,0.22,10.84,0.02,47.3,
WPM,121.5,-1.07,7.16,55.8,N/A,N/A,4.42,61.3,Bull,1.86,9.81,0.03,47.3,
GE,384.26,0.8,8.23,395.5,N/A,N/A,10.06,67.6,Bull,2.82,7.02,0.02,47.2,
FSM,9.38,-2.34,6.9,2.9,N/A,N/A,5.44,60.3,Bull,0.14,9.39,0.02,47.2,
LOAR,77.94,3.01,14.21,7.1,N/A,N/A,10.7,65.6,Bull,0.66,6.68,0.02,47.2,
ATAT,34.88,0.1,1.85,4.7,N/A,N/A,3.78,59.8,Bull,0.29,10.15,0.01,47.1,
RMD,224.29,0.11,7.54,32.5,N/A,N/A,8.78,66.5,Bull,2.62,7.6,0.01,47.1,
FSK,11.55,4.57,9.33,3.1,N/A,N/A,7.87,62.4,Bull,0.05,9.33,0.11,47.0,
AYI,359.08,3.01,7.59,10.7,N/A,N/A,10.12,62.5,Bull,1.24,8.96,1.07,47.0,
AEM,163.6,-1.12,8.52,84.0,N/A,N/A,3.66,62.3,Bull,3.18,9.78,0.04,46.9,
ULCC,7.84,-1.45,12.32,1.8,N/A,N/A,20.33,63.4,Bull,0.19,1.82,0.01,46.9,
TEL,217.36,-0.3,5.22,63.1,N/A,N/A,5.0,61.6,Bull,1.67,9.28,0.0,46.8,
NTAP,180.46,-3.29,3.72,36.6,N/A,N/A,12.09,59.9,Bull,1.22,5.4,0.04,46.8,
TFPM,31.13,-0.45,5.03,6.5,N/A,N/A,4.6,61.5,Bull,0.36,9.19,0.02,46.7,
AXTI,68.79,0.26,46.55,4.5,N/A,N/A,2.68,55.7,Bull,3.94,9.98,0.04,46.7,
HBT,36.36,0.69,1.39,1.3,N/A,N/A,12.2,73.5,Bull,0.14,14.05,0.01,46.7,
AMTM,23.37,-0.13,7.55,5.7,N/A,N/A,3.84,58.7,Bull,0.24,9.72,0.01,46.7,
DLR,195.6,0.34,1.24,72.1,N/A,N/A,5.08,60.1,Bull,1.36,9.07,0.01,46.7,
IMNM,25.34,-0.71,9.79,2.9,N/A,N/A,13.4,69.2,Bull,0.22,4.84,0.01,46.6,
VIK,107.79,-0.43,3.2,48.3,N/A,N/A,10.0,68.8,Bull,0.54,6.5,0.01,46.6,
PRAX,350.5,9.8,13.89,8.9,N/A,N/A,11.86,63.6,Bull,2.24,5.22,0.06,46.6,
NOVT,162.11,5.87,16.7,5.8,N/A,N/A,8.5,61.5,Bull,2.21,6.89,0.06,46.6,
BSX,49.31,3.29,7.2,69.2,N/A,N/A,3.18,64.7,Bull,0.69,9.6,0.05,46.6,
COAG,50.09,7.67,11.93,2.3,N/A,N/A,28.92,63.7,Bear,-0.43,47.8,0.8,46.6,
CHD,103.86,0.21,6.32,24.6,N/A,N/A,5.99,65.2,Bull,0.64,8.56,0.01,46.6,
MMYT,60.55,-1.06,6.08,5.8,N/A,N/A,14.05,61.4,Bull,0.61,4.36,0.01,46.5,
PNFP,107.99,0.6,3.0,16.2,N/A,N/A,7.37,65.3,Bull,0.58,7.59,0.01,46.4,
BA,239.02,-0.49,8.21,189.8,N/A,N/A,8.0,64.3,Bull,3.36,7.13,0.02,46.3,
ESAB,95.07,2.81,11.08,5.6,N/A,N/A,3.55,57.5,Bull,1.22,8.9,0.08,46.3,
HEI,375.93,2.49,6.14,51.3,N/A,N/A,9.92,68.6,Bull,1.85,6.76,0.02,46.3,
PFE,25.91,0.39,4.01,147.1,N/A,N/A,4.24,67.8,Bull,0.16,8.71,0.04,46.2,
EXPO,66.93,0.05,3.65,3.2,N/A,N/A,7.06,62.4,Bull,0.37,7.65,0.01,46.2,
HCC,86.64,2.78,7.77,4.5,N/A,N/A,2.8,60.0,Bull,0.99,9.58,0.03,46.2,
TRMB,57.41,-2.0,0.61,13.7,N/A,N/A,3.95,57.9,Bull,0.51,8.92,0.02,46.1,
VSEC,225.18,4.37,17.56,6.1,N/A,N/A,11.3,63.1,Bull,2.56,5.09,0.04,46.1,
BKR,62.17,0.81,3.79,61.2,N/A,N/A,4.44,63.6,Bull,0.68,8.69,0.01,46.0,
CPAY,394.43,-0.02,1.11,25.8,N/A,N/A,9.08,65.2,Bull,1.63,12.32,0.01,45.9,
ANET,191.94,-2.72,12.23,248.5,N/A,N/A,12.67,61.1,Bull,2.11,3.93,0.06,45.8,
TREX,49.28,-0.57,12.19,5.0,N/A,N/A,10.58,63.9,Bull,0.62,5.4,0.01,45.8,
APO,129.96,0.17,8.07,74.8,N/A,N/A,4.47,59.4,Bull,1.41,8.44,0.01,45.8,
KALU,175.91,-1.2,10.14,2.9,N/A,N/A,4.55,56.0,Bull,2.29,8.41,0.01,45.7,
BOW,33.66,0.12,10.54,1.1,N/A,N/A,12.7,65.3,Bull,0.21,4.21,0.02,45.7,
FDS,276.0,-0.73,4.93,9.9,N/A,N/A,10.41,59.9,Bull,1.03,14.1,0.01,45.4,
BLZE,17.84,-4.21,41.22,1.2,N/A,N/A,41.95,63.6,Bull,0.47,0.03,0.04,45.4,
AAP,59.21,-0.63,5.37,3.6,N/A,N/A,4.45,56.4,Bull,0.5,8.14,0.0,45.4,
CBRE,150.49,-0.44,0.69,43.8,N/A,N/A,6.84,63.5,Bull,0.81,6.69,0.01,45.2,
MWA,26.87,1.74,7.7,4.1,N/A,N/A,4.4,63.0,Bull,0.21,7.87,0.02,45.2,
FUL,59.72,0.27,7.84,3.2,N/A,N/A,2.39,59.3,Bull,0.63,8.86,0.01,45.1,
ADMA,9.74,5.18,12.34,2.2,N/A,N/A,8.94,69.0,Bull,0.1,5.07,0.06,45.1,
ATRO,76.3,-1.09,11.53,3.3,N/A,N/A,7.68,59.3,Bull,0.97,6.18,0.01,45.1,
RGLD,215.09,0.0,5.93,18.3,N/A,N/A,3.49,62.9,Bull,2.76,8.21,0.02,45.1,
ZS,156.2,-3.37,5.26,26.1,N/A,N/A,6.92,57.1,Bull,1.05,6.17,0.05,45.0,
AS,36.72,-0.04,1.7,20.5,N/A,N/A,4.24,59.4,Bull,0.18,8.4,0.0,45.0,
TTAN,82.71,-4.39,3.55,8.3,N/A,N/A,11.1,57.4,Bull,0.68,4.11,0.03,44.9,
VRDN,21.03,-0.19,5.68,2.2,N/A,N/A,11.44,65.3,Bull,0.12,4.11,0.01,44.9,
HPE,50.77,-4.6,7.7,70.5,N/A,N/A,12.82,57.8,Bull,0.47,3.38,0.01,44.9,
BELFB,287.28,-2.29,13.37,4.2,N/A,N/A,4.34,53.8,Bull,3.34,7.35,0.04,44.8,
VEON,54.52,0.37,7.79,3.8,N/A,N/A,4.04,60.1,Bull,0.28,1.43,0.75,44.7,
AI,9.68,-2.31,6.74,1.5,N/A,N/A,3.96,58.0,Bull,0.18,7.45,0.02,44.6,
RUSHA,82.56,0.92,3.28,6.4,N/A,N/A,9.83,66.9,Bull,0.33,11.65,0.0,44.6,
TAP,43.44,3.74,4.54,7.9,N/A,N/A,5.77,62.5,Bull,0.18,12.12,0.09,44.5,
APH,169.56,-1.56,6.09,212.4,N/A,N/A,9.07,60.8,Bull,1.89,4.51,0.05,44.4,
HTGC,16.86,1.05,5.8,3.1,N/A,N/A,6.1,64.6,Bull,0.08,7.49,0.03,44.4,
FIZZ,32.69,1.49,1.97,3.0,N/A,N/A,4.24,59.6,Bull,0.14,11.14,0.01,44.4,
SDGR,17.22,5.0,12.18,1.2,N/A,N/A,13.19,67.6,Bull,0.13,2.56,0.03,44.4,
SIFY,15.67,-0.32,11.85,1.1,N/A,N/A,3.67,56.9,Bull,0.19,3.64,0.45,44.2,
AVAL,5.3,0.0,3.19,6.3,N/A,N/A,6.7,61.0,Bull,0.04,5.87,0.0,44.2,
CMCSA,25.01,1.05,5.66,87.8,N/A,N/A,3.63,59.5,Bull,0.2,7.11,0.02,44.1,
DAL,92.81,-0.35,4.76,61.3,N/A,N/A,9.26,62.6,Bull,0.67,4.28,0.01,44.0,
MTX,77.29,0.25,6.59,2.4,N/A,N/A,3.06,57.8,Bull,0.46,7.46,0.01,44.0,
HLIO,82.39,1.14,10.1,2.7,N/A,N/A,2.58,55.0,Bull,0.33,4.38,1.21,44.0,
WAT,396.11,-0.97,4.16,39.3,N/A,N/A,7.25,61.7,Bull,1.99,5.03,0.03,43.9,
TME,9.56,0.37,0.9,15.0,N/A,N/A,3.86,61.0,Bull,0.05,8.08,0.04,43.9,
EXK,8.77,-2.18,12.81,2.7,N/A,N/A,4.38,58.2,Bull,0.15,6.37,0.04,43.9,
QURE,44.5,0.59,5.48,3.1,N/A,N/A,17.45,62.0,Bull,0.26,0.04,0.01,43.9,
PAAS,47.5,-1.53,7.88,20.3,N/A,N/A,1.63,58.3,Bull,0.71,7.66,0.04,43.8,
GFI,36.5,-2.12,8.86,33.4,N/A,N/A,2.51,59.3,Bull,0.64,7.23,0.03,43.7,
SLB,50.77,1.72,3.8,74.1,N/A,N/A,1.74,56.4,Bull,0.37,7.47,0.03,43.6,
CRWD,202.55,-3.48,9.36,213.7,N/A,N/A,12.08,58.6,Bull,1.16,2.09,0.05,43.6,
FLYW,18.5,-0.8,13.71,2.3,N/A,N/A,11.41,61.9,Bull,0.12,2.66,0.0,43.4,
OC,152.47,4.77,11.81,12.3,N/A,N/A,12.3,66.0,Bull,0.25,11.56,1.73,43.4,
AMBA,80.54,-1.6,8.71,3.6,N/A,N/A,10.69,57.6,Bull,1.46,2.76,0.02,43.3,
AU,86.97,-1.84,5.64,44.8,N/A,N/A,3.16,58.1,Bull,1.26,6.18,0.06,43.3,
KSPI,92.36,0.18,3.73,17.5,N/A,N/A,6.34,65.1,Bull,0.47,4.24,0.1,43.3,
STRK,64.8,-0.17,2.82,24.9,N/A,N/A,1.76,57.7,Bull,0.49,7.3,0.0,43.2,
KOF,108.28,-0.18,1.16,5.7,N/A,N/A,2.9,57.1,Bull,0.43,4.72,1.13,43.1,
IRTC,123.61,-0.72,3.8,4.1,N/A,N/A,5.67,58.0,Bull,1.34,4.83,0.05,43.1,
AUR,6.63,-0.9,6.25,13.4,N/A,N/A,4.64,53.5,Bull,0.08,5.57,0.02,43.1,
AXGN,45.31,0.21,9.59,2.4,N/A,N/A,8.28,63.3,Bull,0.68,3.89,0.01,43.1,
CGNX,68.24,-3.49,8.97,11.8,N/A,N/A,6.57,56.5,Bull,0.9,3.77,0.12,43.1,
SNX,263.11,0.02,4.36,21.0,N/A,N/A,5.01,59.1,Bull,2.41,5.38,0.01,42.9,
BEN,35.05,0.37,5.67,17.7,N/A,N/A,7.56,61.7,Bull,0.22,4.07,0.01,42.9,
SII,116.75,0.96,9.45,3.0,N/A,N/A,2.32,59.7,Bull,1.71,6.38,0.03,42.8,
SITM,651.0,19.86,23.33,16.3,Technology,Semiconductors,8.08,57.5,Bull,11.58,0.44,0.4,42.8,4.62
OLED,85.9,-0.03,6.89,3.9,N/A,N/A,1.21,58.7,Bull,0.97,7.17,0.0,42.8,
EPAC,36.97,-0.64,1.76,1.9,N/A,N/A,4.42,58.2,Bull,0.24,1.4,0.5,42.8,
SONY,22.84,1.78,0.31,132.6,N/A,N/A,6.27,61.0,Bull,0.1,9.13,0.03,42.8,
NOW,113.07,-3.54,2.73,121.2,N/A,N/A,6.94,55.8,Bull,1.22,3.89,0.04,42.7,
UAL,132.06,-0.53,6.88,43.1,N/A,N/A,10.58,62.6,Bull,1.25,2.33,0.01,42.7,
EL,86.71,-0.28,2.16,31.5,N/A,N/A,3.77,59.5,Bull,0.54,5.76,0.01,42.7,
LAZ,43.95,0.46,6.02,4.3,N/A,N/A,1.94,55.5,Bull,0.25,6.65,0.01,42.7,
NOC,563.82,1.14,5.42,79.2,N/A,N/A,3.18,63.5,Bull,3.52,5.93,0.01,42.6,
SIG,96.38,-0.2,0.52,3.8,N/A,N/A,7.78,61.2,Bull,0.31,15.84,0.0,42.6,
LYFT,16.26,-1.33,4.57,6.3,N/A,N/A,8.07,59.9,Bull,0.11,3.3,0.02,42.5,
ALK,51.58,-0.9,9.19,5.8,N/A,N/A,9.03,60.1,Bull,0.6,2.87,0.01,42.5,
HUBB,511.58,-0.39,8.0,27.1,N/A,N/A,4.15,58.8,Bull,3.85,5.39,0.01,42.5,
OR,31.92,-0.99,4.01,6.0,N/A,N/A,0.16,58.4,Bull,0.52,7.29,0.02,42.5,
FSLR,239.54,1.16,16.28,25.4,N/A,N/A,4.78,59.4,Bull,5.52,4.83,0.02,42.4,
EME,825.64,0.42,2.9,36.3,N/A,N/A,3.82,58.2,Bull,12.52,5.44,0.01,42.4,
PDD,90.28,-0.73,3.25,129.4,N/A,N/A,3.96,62.2,Bull,0.67,5.12,0.03,42.3,
EXP,217.9,-0.17,6.05,6.7,N/A,N/A,2.63,54.8,Bull,1.21,5.97,0.01,42.3,
P,82.69,-1.25,10.17,27.8,N/A,N/A,9.62,60.5,Bull,1.24,2.14,0.03,42.2,
EQH,51.3,6.32,6.77,14.4,N/A,N/A,12.03,67.6,Bull,0.01,12.94,2.68,42.2,
MUX,19.1,-3.09,7.97,1.2,N/A,N/A,1.74,56.9,Bull,0.33,5.82,0.04,42.1,
OGC,26.42,-1.64,6.1,6.0,N/A,N/A,1.85,58.8,Bull,0.45,5.98,0.02,42.1,
DSGX,75.36,-1.64,1.09,6.6,N/A,N/A,3.87,54.5,Bull,0.46,4.92,0.03,42.1,
IDXX,585.77,0.17,4.83,46.1,N/A,N/A,4.17,60.1,Bull,3.41,4.86,0.02,42.1,
NCZ,15.74,0.77,5.71,1.2,N/A,N/A,3.01,59.1,Bull,0.06,2.79,1.52,42.0,
NRP,105.2,0.19,6.65,1.4,N/A,N/A,3.63,67.3,Bull,0.93,4.89,0.03,42.0,
ECPG,99.81,7.68,6.08,2.0,N/A,N/A,12.63,64.9,Bull,0.38,8.65,0.07,42.0,
SSD,197.35,0.44,4.15,8.1,N/A,N/A,3.02,56.3,Bull,0.76,5.48,0.97,42.0,
LPX,76.69,-0.87,6.65,5.4,N/A,N/A,2.57,54.7,Bull,0.46,5.46,0.02,41.9,
GRC,83.4,-2.14,3.36,2.3,N/A,N/A,3.53,53.8,Bull,0.49,5.04,0.01,41.9,
EWTX,44.45,-1.2,8.1,4.8,N/A,N/A,13.44,59.3,Bull,0.36,-8.07,0.02,41.9,
ADP,272.3,0.82,3.2,108.8,N/A,N/A,12.13,67.9,Bull,0.86,12.86,0.09,41.9,
DRI,209.97,0.54,1.45,23.8,N/A,N/A,3.84,58.9,Bull,1.12,4.83,0.01,41.8,
SSB,109.51,0.3,4.04,10.6,N/A,N/A,7.81,69.9,Bull,0.43,10.3,0.01,41.8,
LULU,123.29,-0.18,3.19,13.4,N/A,N/A,1.41,58.8,Bull,0.99,5.82,0.03,41.8,
VFS,3.22,0.62,3.87,7.5,N/A,N/A,0.12,55.2,Bull,0.03,6.45,0.03,41.8,
FCNCA,2254.01,1.21,4.53,25.8,N/A,N/A,6.9,62.4,Bull,9.68,8.21,0.01,41.8,
MTD,1423.14,0.11,3.08,28.5,N/A,N/A,9.87,67.8,Bull,5.33,10.49,0.0,41.7,
KN,38.77,-1.91,7.47,3.4,N/A,N/A,5.04,54.5,Bull,0.38,4.12,0.01,41.7,
GPGI,15.48,1.71,14.92,4.4,N/A,N/A,6.18,57.7,Bull,0.12,3.41,0.02,41.6,
SLG,55.39,1.01,3.31,3.9,N/A,N/A,10.26,62.9,Bull,0.17,14.6,0.01,41.6,
SCI,85.61,0.31,0.37,11.7,N/A,N/A,7.46,68.3,Bull,0.32,11.71,0.01,41.6,
OUST,44.49,-1.4,25.22,3.0,N/A,N/A,12.24,54.9,Bull,1.17,-6.4,0.05,41.6,
NOVTU,64.4,-3.62,8.73,2.4,N/A,N/A,2.69,55.0,Bull,0.57,3.2,0.24,41.5,
NXE,10.02,-0.2,7.51,6.7,N/A,N/A,1.21,57.5,Bull,0.15,5.7,0.01,41.4,
MDB,365.02,-3.01,12.01,30.3,N/A,N/A,10.39,60.7,Bull,6.98,0.59,0.07,41.4,
RDNT,67.13,0.1,7.08,5.3,N/A,N/A,8.81,60.9,Bull,0.43,1.8,0.02,41.4,
CAI,18.22,10.76,13.24,4.7,N/A,N/A,7.71,63.4,Bull,0.22,1.96,0.06,41.3,
ERIE,253.11,0.93,8.32,11.6,N/A,N/A,8.18,59.6,Bull,2.44,2.14,0.0,41.3,
CAE,26.86,0.15,3.99,8.6,N/A,N/A,4.46,64.7,Bull,0.2,3.99,0.01,41.3,
YSWY,21.5,0.19,2.87,1.4,N/A,N/A,1.77,55.5,Bull,0.27,5.34,0.01,41.3,
AVGO,413.74,-1.09,6.68,1990.0,N/A,N/A,5.76,59.5,Bull,4.37,3.15,0.03,41.3,
MBWM,62.35,0.6,4.39,1.1,N/A,N/A,9.23,69.2,Bull,0.23,10.16,0.02,41.2,
WFG,70.26,0.33,5.61,5.5,N/A,N/A,4.8,57.6,Bull,0.2,7.58,1.35,41.2,
TGLS,47.31,-0.92,8.53,2.1,N/A,N/A,5.63,57.1,Bull,0.19,9.67,0.01,41.2,
TRI,100.54,1.96,1.73,43.0,N/A,N/A,9.33,55.5,Bull,0.33,13.21,0.02,41.2,
WMS,152.46,1.92,10.82,11.5,N/A,N/A,5.27,59.9,Bull,0.87,3.12,0.04,41.1,
GOLD,43.22,-0.25,2.71,1.3,N/A,N/A,3.76,59.1,Bull,0.47,3.62,0.07,41.1,
DV,11.95,-0.33,8.24,1.8,N/A,N/A,8.42,59.9,Bull,0.06,1.88,0.01,41.1,
STN,72.76,-0.52,4.78,8.3,N/A,N/A,0.47,57.9,Bull,0.6,5.76,0.01,41.1,
GMED,80.89,0.44,0.79,10.9,N/A,N/A,0.84,53.9,Bull,0.48,5.55,0.01,41.0,
ARDT,11.43,2.43,6.54,1.6,N/A,N/A,12.22,66.5,Bull,0.03,13.29,0.02,41.0,
HWM,299.0,2.6,7.83,116.6,N/A,N/A,9.23,67.3,Bull,1.15,9.22,0.02,41.0,
BCE,22.49,1.95,3.64,20.6,N/A,N/A,0.39,57.2,Bull,0.16,5.49,0.04,41.0,
HCM,11.55,-0.17,1.4,2.0,N/A,N/A,1.02,56.0,Bull,0.05,3.87,0.48,40.9,
GSAT,83.22,-0.28,3.91,10.7,N/A,N/A,3.71,64.4,Bull,0.52,4.0,0.01,40.9,
NWSA,29.48,1.43,4.93,15.9,N/A,N/A,8.83,64.3,Bull,0.12,7.22,0.07,40.7,
OTF,10.61,1.82,7.5,4.8,N/A,N/A,2.5,58.9,Bull,0.08,4.12,0.02,40.6,
AOS,62.96,-0.35,5.9,8.6,N/A,N/A,3.98,58.7,Bull,0.28,7.32,0.0,40.6,
DGII,72.94,0.26,6.97,2.7,N/A,N/A,8.65,63.2,Bull,0.76,0.8,0.06,40.6,
KLAR,20.11,-1.28,5.84,14.4,N/A,N/A,9.39,59.6,Bull,0.15,0.6,0.04,40.6,
KGC,25.42,-1.09,7.62,30.7,N/A,N/A,0.76,58.0,Bull,0.34,5.04,0.02,40.6,
HQY,104.54,0.13,3.52,8.7,N/A,N/A,10.85,66.0,Bull,0.37,10.27,0.03,40.5,
RBRK,82.56,-2.65,15.34,17.5,N/A,N/A,10.7,59.0,Bull,0.67,-6.97,0.02,40.5,
NTNX,59.38,-2.59,0.2,16.5,N/A,N/A,11.35,62.6,Bull,0.23,6.93,0.01,40.4,
XNCR,21.53,8.52,0.19,1.5,N/A,N/A,30.63,68.3,Bear,-0.0,33.6,0.05,40.4,
UFCS,54.82,0.86,5.32,1.4,N/A,N/A,9.84,65.7,Bull,0.23,5.52,0.01,40.3,
TIC,7.86,-3.97,8.2,1.8,N/A,N/A,0.72,54.8,Bull,0.16,4.59,0.03,40.2,
EHC,124.93,12.65,12.66,11.0,N/A,N/A,15.02,74.1,Bull,0.35,12.53,0.05,40.2,
BC,82.71,-1.04,3.71,5.4,N/A,N/A,2.63,55.3,Bull,0.39,6.05,0.0,40.2,
SRCE,90.54,0.61,1.4,2.2,N/A,N/A,10.35,73.6,Bull,0.3,12.13,0.01,40.2,
HRMY,38.31,0.18,6.83,2.2,N/A,N/A,9.66,61.9,Bull,0.25,0.26,0.01,40.2,
LOW,219.82,-0.05,4.64,123.3,N/A,N/A,1.83,57.3,Bull,1.6,3.84,0.04,40.1,
MAN,54.46,0.12,4.96,2.5,N/A,N/A,26.75,67.7,Bear,-0.25,45.33,0.01,40.1,
ATAI,7.2,-0.28,0.28,2.7,N/A,N/A,24.06,73.4,Bear,-0.06,35.08,0.01,40.1,
PS,35.83,-1.15,6.72,14.5,N/A,N/A,5.46,55.9,Bull,0.22,1.78,0.06,40.0,
CSCO,120.46,-0.85,6.08,478.9,N/A,N/A,6.02,59.3,Bull,0.95,1.82,0.03,40.0,
LUXE,8.5,0.59,3.53,1.2,N/A,N/A,6.69,61.6,Bull,0.02,11.84,0.72,40.0,
BUSE,31.47,0.32,0.61,2.7,N/A,N/A,8.03,68.0,Bull,0.12,10.01,0.02,39.9,
HQH,22.95,1.56,4.29,1.1,N/A,N/A,9.3,74.7,Bull,0.1,4.29,0.03,39.9,
CWK,13.9,-0.89,0.91,3.3,N/A,N/A,3.63,56.1,Bull,0.09,3.0,0.01,39.9,
BN,44.6,0.13,6.11,109.2,N/A,N/A,2.45,60.2,Bull,0.35,3.5,0.01,39.9,
BWA,66.72,-0.08,3.59,13.7,N/A,N/A,2.87,56.9,Bull,0.5,3.08,0.02,39.7,
BILL,47.18,-2.36,3.95,4.8,N/A,N/A,13.55,62.0,Bull,0.11,16.44,0.02,39.7,
NEXA,13.68,-2.63,3.95,1.9,N/A,N/A,3.56,54.3,Bull,0.14,2.69,0.03,39.7,
WAB,297.42,0.37,1.7,50.0,N/A,N/A,7.79,62.8,Bull,0.9,14.49,0.01,39.7,
HMC,30.75,0.49,0.1,39.7,N/A,N/A,9.35,65.3,Bull,0.1,11.45,0.02,39.6,
ASM,6.32,-2.47,14.29,1.1,N/A,N/A,2.92,56.0,Bull,0.1,2.76,0.05,39.6,
MCK,907.58,3.46,4.86,105.4,N/A,N/A,10.69,66.7,Bull,2.55,14.48,0.0,39.5,
AMRZ,52.24,-1.21,5.32,29.3,N/A,N/A,1.08,55.2,Bull,0.48,3.9,0.01,39.5,
WTS,363.84,1.61,8.24,12.1,N/A,N/A,6.9,62.3,Bull,0.98,4.54,1.49,39.3,
OXLC,9.11,0.0,1.56,1.6,N/A,N/A,2.49,58.9,Bull,0.05,2.72,0.03,39.2,
WYNN,101.85,0.69,1.14,10.5,N/A,N/A,2.06,58.4,Bull,0.61,3.06,0.02,39.2,
JBIO,21.95,1.18,9.77,1.1,N/A,N/A,7.88,59.1,Bull,0.16,-2.34,0.0,39.0,
BURL,373.17,1.04,0.26,23.2,N/A,N/A,9.35,67.2,Bull,0.97,16.09,0.01,39.0,
FTDR,79.6,4.22,8.27,5.4,N/A,N/A,10.61,65.6,Bull,0.33,4.5,0.05,38.9,
TER,374.06,-3.94,2.35,60.9,N/A,N/A,1.19,51.4,Bull,6.17,3.12,0.02,38.9,
HAPN,20.16,-1.27,4.29,2.4,N/A,N/A,7.0,56.5,Bull,0.13,0.3,0.01,38.9,
AAL,16.46,-0.72,6.68,11.0,N/A,N/A,7.42,57.1,Bull,0.16,-3.52,0.01,38.8,
BOOT,162.0,0.55,4.94,4.9,N/A,N/A,1.48,54.6,Bull,1.61,2.94,0.01,38.7,
TSHA,6.39,-1.08,8.77,1.9,N/A,N/A,7.23,58.0,Bull,0.09,-2.74,0.01,38.7,
DCOM,41.53,-0.5,2.29,1.8,N/A,N/A,5.65,63.2,Bull,0.11,7.83,1.17,38.5,
AEIS,318.52,-3.25,16.14,13.2,N/A,N/A,0.81,52.7,Bull,5.77,2.99,0.01,38.5,
RZLV,2.64,-2.4,11.13,1.1,N/A,N/A,4.47,57.0,Bull,0.05,0.95,0.04,38.5,
LTM,57.06,-1.11,5.78,16.6,N/A,N/A,6.48,59.5,Bull,0.57,0.04,0.01,38.4,
HL,16.15,-2.36,8.17,11.1,N/A,N/A,1.98,55.9,Bull,0.19,2.28,0.01,38.4,
KMTS,24.61,-1.8,6.31,1.5,N/A,N/A,6.32,54.3,Bull,0.17,-7.79,0.02,38.3,
LASR,73.18,-2.75,11.37,4.2,N/A,N/A,6.22,54.4,Bull,0.77,-2.04,0.02,38.3,
GOOG,361.21,0.3,8.25,4404.4,N/A,N/A,2.48,54.7,Bull,3.84,1.4,0.07,38.2,
GOOGL,363.32,0.25,8.89,4432.5,N/A,N/A,2.6,55.0,Bull,4.09,1.23,0.07,38.1,
KEYS,330.27,-1.71,5.62,57.4,N/A,N/A,0.92,52.6,Bull,3.1,2.51,0.01,38.1,
STOK,32.0,0.22,6.52,2.1,N/A,N/A,4.35,60.3,Bull,0.35,-2.53,0.12,38.1,
GERN,1.63,21.64,16.43,1.0,Healthcare,Biotechnology,17.31,66.1,Bear,-0.0,4.49,3.43,38.1,4.4
FER,66.17,-0.57,1.61,47.9,N/A,N/A,0.45,55.7,Bull,0.52,2.49,0.04,38.0,
ECL,286.43,0.34,2.54,80.3,N/A,N/A,5.06,62.9,Bull,1.24,4.91,0.01,37.9,
FELE,110.08,0.03,6.39,4.9,N/A,N/A,5.55,61.2,Bull,0.42,8.25,0.0,37.9,
ECG,140.96,0.15,14.65,7.2,N/A,N/A,1.84,54.3,Bull,2.11,1.67,0.02,37.8,
BRSL,11.19,-0.97,10.03,2.1,N/A,N/A,1.73,58.3,Bull,0.11,1.73,0.02,37.7,
CNX,35.05,1.48,1.27,5.1,N/A,N/A,1.69,55.9,Bull,0.15,7.38,0.01,37.7,
BRK-B,520.52,0.32,2.13,5.0,N/A,N/A,4.75,72.2,Bull,2.22,5.06,0.05,37.7,
CNM,46.38,-0.31,6.56,9.0,N/A,N/A,0.11,55.5,Bull,0.48,2.6,0.01,37.7,
SOFI,18.19,-0.32,10.45,23.4,N/A,N/A,4.78,55.5,Bull,0.17,-2.3,0.04,37.7,
BULLW,2.51,-1.95,17.84,1.3,N/A,N/A,12.07,56.4,Bull,0.0,13.32,1.47,37.6,
TILE,35.19,0.0,4.11,2.0,N/A,N/A,7.58,61.1,Bull,0.14,5.87,0.01,37.6,
GTLB,34.45,-4.73,2.17,6.1,N/A,N/A,10.54,56.6,Bull,0.15,1.74,0.06,37.5,
NVT,159.9,-1.32,10.42,26.2,N/A,N/A,2.11,53.0,Bull,1.59,1.3,0.01,37.5,
HCA,412.73,0.75,4.28,88.7,N/A,N/A,3.14,58.1,Bull,2.91,0.91,0.01,37.5,
AMRC,25.97,1.2,25.7,1.4,N/A,N/A,1.74,55.2,Bull,0.74,1.24,0.04,37.4,
MRCY,107.91,0.44,12.44,6.5,N/A,N/A,4.31,53.3,Bull,1.29,-5.55,0.03,37.4,
FBK,61.77,-0.45,3.48,3.1,N/A,N/A,7.95,70.7,Bull,0.14,10.66,0.83,37.3,
HAYW,15.86,-2.04,3.19,3.4,N/A,N/A,4.53,57.6,Bull,0.15,-1.31,0.01,37.3,
ALKT,18.35,-2.45,3.03,2.0,N/A,N/A,5.49,55.6,Bull,0.08,3.61,0.03,37.3,
TPB,86.41,3.23,13.68,1.7,N/A,N/A,4.43,58.6,Bull,0.93,-1.86,0.01,37.3,
LITE,798.73,-3.33,15.22,64.3,N/A,N/A,0.16,51.9,Bull,13.96,1.65,0.06,37.2,
PWR,675.73,-1.06,2.7,102.7,N/A,N/A,1.68,53.6,Bull,9.01,1.13,0.02,37.1,
DLX,27.81,4.47,7.04,1.2,N/A,N/A,8.98,64.4,Bull,0.07,15.06,0.08,37.1,
ATMU,54.42,0.49,5.39,4.4,N/A,N/A,3.89,57.3,Bull,0.2,8.76,0.01,37.0,
BST,47.63,-2.18,4.29,1.1,N/A,N/A,2.98,54.6,Bull,0.33,-0.68,0.06,37.0,
C,138.45,0.59,5.16,234.8,N/A,N/A,3.84,58.2,Bull,0.85,-0.3,0.0,36.9,
LZB,41.45,-0.67,1.27,1.7,N/A,N/A,6.29,58.9,Bull,0.11,7.89,0.94,36.9,
DSGR,34.97,0.5,1.2,1.6,N/A,N/A,13.58,84.5,Bear,-0.06,30.26,0.01,36.9,
PYPL,58.48,0.95,1.44,49.6,N/A,N/A,15.21,72.5,Bear,-0.13,29.04,0.03,36.9,
GRAB,3.71,-0.67,9.26,15.3,N/A,N/A,2.85,56.6,Bull,0.03,-4.25,0.06,36.9,
CHE,548.0,0.27,2.47,7.1,N/A,N/A,12.89,77.2,Bull,1.45,11.73,0.01,36.8,
DELL,428.13,-7.47,5.76,299.9,N/A,N/A,9.86,52.3,Bull,1.9,-4.75,0.1,36.8,
APG,41.99,0.5,7.12,18.1,N/A,N/A,1.75,59.5,Bull,0.35,0.86,0.0,36.8,
NMAX,8.34,-0.86,8.7,1.1,N/A,N/A,5.1,54.9,Bull,0.04,-1.45,0.01,36.7,
PFS,25.17,0.24,1.25,3.3,N/A,N/A,6.45,66.4,Bull,0.09,7.7,0.01,36.5,
HD,352.42,-0.21,5.72,352.1,N/A,N/A,4.88,60.3,Bull,1.51,4.04,0.01,36.5,
PLXS,269.81,-1.78,11.5,7.3,N/A,N/A,2.41,54.1,Bull,3.13,-0.28,0.03,36.5,
ENTG,142.58,-2.04,21.75,22.2,N/A,N/A,2.47,53.6,Bull,2.42,-2.33,0.02,36.4,
NVST,28.11,-1.82,1.19,4.7,N/A,N/A,6.38,60.1,Bull,0.1,9.12,0.0,36.4,
JBL,335.04,-1.06,8.6,35.5,N/A,N/A,0.91,53.6,Bull,4.92,0.76,0.02,36.4,
EW,89.1,0.15,2.51,51.3,N/A,N/A,2.43,56.0,Bull,0.48,-2.44,0.01,36.3,
AMBP,5.11,0.49,5.46,3.0,N/A,N/A,11.93,62.8,Bull,0.01,10.48,0.0,36.3,
KDP,32.41,5.4,2.66,41.8,N/A,N/A,5.69,60.9,Bull,0.13,5.5,0.08,36.2,
OPK,1.36,0.37,1.12,1.0,N/A,N/A,2.08,51.9,Bull,0.01,-2.52,0.01,36.2,
POOL,203.41,-1.56,6.68,7.5,N/A,N/A,2.19,54.7,Bull,1.21,-2.19,0.01,36.2,
MBC,9.0,-1.53,10.43,1.2,N/A,N/A,1.79,52.2,Bull,0.06,0.0,0.03,36.1,
NGVT,77.2,0.12,9.99,2.7,N/A,N/A,5.72,61.5,Bull,0.29,6.94,0.01,36.1,
SONO,15.48,-2.76,7.28,1.9,N/A,N/A,3.47,52.0,Bull,0.05,9.95,0.01,36.1,
CRSP,52.27,-0.34,7.91,5.1,N/A,N/A,1.66,55.0,Bull,0.67,-7.22,0.02,36.0,
NBIS,207.04,-5.46,9.87,55.6,N/A,N/A,0.32,50.2,Bull,4.22,-4.24,0.09,35.9,
HSY,180.24,0.37,1.7,36.1,N/A,N/A,0.11,54.3,Bull,0.79,5.0,0.01,35.8,
EVLV,5.9,-1.49,7.59,1.1,N/A,N/A,0.93,54.5,Bull,0.06,-2.22,0.04,35.8,
DIOD,94.54,10.45,15.29,3.9,N/A,N/A,0.58,53.4,Bull,1.04,-0.28,0.06,35.8,
CVNA,67.4,-2.99,9.7,76.5,N/A,N/A,0.76,52.4,Bull,0.56,0.42,0.0,35.8,
ADEA,28.55,-4.48,12.4,3.3,N/A,N/A,1.13,51.9,Bull,0.52,-3.32,0.02,35.7,
CAH,243.43,1.76,7.21,56.0,N/A,N/A,7.97,65.7,Bull,0.95,4.13,0.01,35.6,
LOPE,150.68,0.08,0.37,3.9,N/A,N/A,0.8,53.8,Bull,0.94,0.05,0.01,35.5,
TR,40.4,1.41,2.56,3.0,N/A,N/A,3.33,60.7,Bull,0.16,6.23,0.01,35.5,
BHE,83.01,-1.25,4.52,3.0,N/A,N/A,0.62,50.5,Bull,0.62,-2.64,0.01,35.4,
BTX,8.37,-1.76,5.95,2.0,N/A,N/A,0.43,50.7,Bull,0.06,-2.29,0.02,35.4,
CERT,7.99,-0.22,2.73,1.2,N/A,N/A,17.26,63.8,Bull,0.01,17.71,0.02,35.4,
MAIN,56.49,0.68,3.77,5.2,N/A,N/A,6.05,64.0,Bull,0.18,9.33,0.04,35.1,
GCMG,13.48,0.34,8.41,2.7,N/A,N/A,9.36,62.1,Bull,0.06,-1.93,0.0,35.1,
TJX,160.77,0.53,0.95,176.7,N/A,N/A,2.52,59.7,Bull,0.62,6.54,0.01,34.9,
WEN,7.82,-2.13,6.25,1.5,N/A,N/A,4.8,54.8,Bull,0.03,3.03,0.01,34.9,
CFFN,9.09,0.0,2.6,1.2,N/A,N/A,7.67,68.5,Bull,0.03,7.19,0.02,34.8,
CW,757.0,1.15,5.63,27.6,N/A,N/A,2.47,54.6,Bull,3.59,-0.36,0.03,34.8,
TBBK,72.01,0.38,11.16,3.0,N/A,N/A,12.4,66.5,Bull,0.21,8.22,0.01,34.6,
TRMK,48.85,0.68,2.76,2.8,N/A,N/A,5.77,69.2,Bull,0.17,6.43,0.01,34.5,
TMP,101.5,0.69,2.14,1.4,N/A,N/A,8.48,65.3,Bull,0.29,10.4,0.0,34.5,
RJF,182.0,0.8,4.02,35.2,N/A,N/A,10.37,74.7,Bull,0.55,7.87,0.01,34.4,
BCX,11.99,0.84,2.04,1.0,N/A,N/A,2.83,61.3,Bull,0.04,4.62,0.71,34.3,
AMP,564.04,0.54,3.92,50.4,N/A,N/A,11.65,76.4,Bull,1.23,13.12,0.01,34.3,
CMBT,16.32,2.55,1.91,5.0,N/A,N/A,7.61,61.0,Bull,0.05,9.28,0.06,34.0,
CNS,84.22,0.15,3.13,4.3,N/A,N/A,8.28,64.1,Bull,0.14,10.08,0.96,33.9,
VCTR,104.55,4.58,6.16,6.3,N/A,N/A,13.42,66.3,Bull,0.14,16.93,0.06,33.8,
MDLZ,63.4,1.28,0.51,79.9,N/A,N/A,4.23,58.5,Bull,0.2,8.75,0.01,33.6,
CEG,270.47,2.02,2.62,95.8,N/A,N/A,1.78,55.4,Bull,0.91,7.87,0.13,33.5,
TXRH,208.62,0.06,0.19,13.7,N/A,N/A,9.55,65.6,Bull,0.51,11.54,0.01,33.5,
SEIC,105.51,0.72,2.4,12.6,N/A,N/A,10.29,73.3,Bull,0.25,11.38,0.02,33.5,
GEL,15.21,2.36,0.86,1.8,N/A,N/A,1.84,57.4,Bull,0.06,3.23,0.06,33.4,
WLY,54.8,0.62,4.4,2.8,N/A,N/A,12.88,63.7,Bull,0.14,8.69,0.01,33.1,
ADPT,24.39,-0.85,0.87,3.9,N/A,N/A,19.23,63.4,Bull,0.04,11.88,0.01,33.1,
CNXN,85.02,-1.09,3.07,2.2,N/A,N/A,11.25,69.2,Bull,0.19,11.33,0.02,32.9,
GAM,66.29,-0.06,3.43,1.6,N/A,N/A,3.37,68.2,Bull,0.2,3.22,0.84,32.9,
PJT,174.01,1.62,5.41,7.1,N/A,N/A,7.52,61.4,Bull,0.34,11.54,0.47,32.8,
CHCO,146.9,0.74,1.66,2.1,N/A,N/A,8.91,75.1,Bull,0.35,11.48,0.03,32.7,
CNO,56.22,0.96,5.09,5.2,N/A,N/A,8.94,74.3,Bull,0.18,6.21,0.01,32.6,
COGT,42.46,0.45,2.66,7.2,N/A,N/A,11.07,61.6,Bull,0.13,4.81,0.01,32.6,
NMM,78.34,0.04,0.42,2.3,N/A,N/A,5.08,56.2,Bull,0.21,3.32,0.97,32.6,
SBH,15.65,-0.89,1.95,1.5,N/A,N/A,7.57,57.5,Bull,0.05,6.46,0.02,32.6,
MLKN,23.64,-1.46,5.16,1.6,N/A,N/A,16.96,64.5,Bull,0.02,18.32,0.01,32.4,
BSAC,35.25,1.5,3.07,16.6,N/A,N/A,6.22,63.1,Bull,0.07,6.62,0.98,32.4,
EROK,22.04,0.64,5.91,2.9,N/A,N/A,2.55,54.6,Bull,0.08,0.78,0.68,32.3,
MPLX,60.04,1.26,4.22,60.1,N/A,N/A,4.91,62.3,Bull,0.21,4.98,0.01,32.2,
RHI,40.47,-0.18,8.69,4.2,N/A,N/A,16.01,59.5,Bear,-0.12,24.16,0.01,32.2,
EPC,29.2,2.35,3.47,1.3,N/A,N/A,14.27,64.0,Bear,-0.13,12.31,1.53,32.2,
SPTX,22.34,4.25,13.17,1.2,N/A,N/A,12.38,61.2,Bull,0.04,5.08,1.15,31.9,
CLOV,5.01,21.01,15.44,2.2,Healthcare,Healthcare Plans,15.77,60.1,Bull,0.01,7.05,0.29,31.8,
GFL,41.72,1.29,0.85,15.4,N/A,N/A,6.89,63.2,Bull,0.14,4.08,0.0,31.7,
TLK,14.76,-0.3,1.34,14.7,N/A,N/A,0.16,53.5,Bull,0.06,4.94,0.01,31.7,
DOV,212.55,1.02,4.16,28.3,N/A,N/A,0.0,52.7,Bull,0.94,0.46,0.01,31.4,
TBBB,42.06,0.25,4.61,4.9,N/A,N/A,4.14,56.6,Bull,0.17,0.97,0.01,31.0,
RVT,18.64,-0.29,3.53,2.0,N/A,N/A,3.08,62.1,Bull,0.07,2.45,0.03,31.0,
COO,75.0,0.22,3.24,14.6,N/A,N/A,6.82,65.5,Bull,0.23,5.61,0.01,30.9,
DHI,151.45,0.72,2.92,42.4,N/A,N/A,1.08,53.1,Bull,0.49,1.98,0.69,30.7,
PRMB,24.1,-4.82,5.84,9.2,N/A,N/A,2.61,52.6,Bull,0.09,1.95,0.09,30.6,
GABC,51.35,0.61,0.47,1.9,N/A,N/A,8.05,70.3,Bull,0.12,9.91,0.01,30.5,
NMIH,45.12,0.4,3.87,3.4,N/A,N/A,9.36,71.0,Bull,0.1,9.97,0.02,30.4,
NAVN,27.24,-1.48,1.98,7.0,N/A,N/A,14.85,58.9,Bull,0.06,6.28,0.01,30.3,
IX,41.92,1.47,3.76,46.4,N/A,N/A,7.58,63.8,Bull,0.13,4.9,0.01,30.3,
CPB,23.15,0.41,4.82,6.9,N/A,N/A,5.18,58.9,Bull,0.06,7.8,0.01,30.1,
SBCF,35.14,0.37,1.65,3.4,N/A,N/A,6.71,65.6,Bull,0.09,8.02,0.01,30.0,
AMH,34.98,1.16,5.33,12.4,N/A,N/A,5.62,65.5,Bull,0.1,6.19,0.02,30.0,
AGL,107.85,13.79,16.39,1.8,Healthcare,Medical Care Facilities,10.01,52.5,Bear,-1.83,-3.52,3.07,30.0,3.31
CRBG,33.55,-0.12,4.97,15.3,N/A,N/A,11.54,68.4,Bull,0.06,10.73,0.01,29.9,
NCV,17.18,1.12,4.31,1.6,N/A,N/A,2.19,57.7,Bull,0.05,1.73,0.86,29.9,
ONBPP,24.83,0.4,0.87,9.5,N/A,N/A,1.16,62.8,Bull,0.01,1.08,6.82,29.8,
PANW,354.27,-2.31,8.78,295.6,N/A,N/A,14.46,60.1,Bull,0.87,4.72,0.08,29.8,
SE,112.44,-2.15,5.84,70.4,N/A,N/A,11.23,62.1,Bull,0.33,3.06,0.01,29.4,
ABT,107.35,1.55,1.64,182.9,N/A,N/A,10.1,67.3,Bull,0.15,14.52,0.02,29.4,
SW,47.92,-1.12,0.85,25.4,N/A,N/A,7.01,56.4,Bull,0.1,11.48,0.01,29.4,
MRP,29.59,0.85,4.85,4.9,N/A,N/A,3.83,60.5,Bull,0.1,4.48,0.01,29.4,
SFNC,24.17,0.6,3.27,3.5,N/A,N/A,6.73,68.6,Bull,0.07,6.4,0.01,29.3,
ALRM,56.09,-1.01,3.45,2.8,N/A,N/A,11.24,67.1,Bull,0.12,8.51,0.02,29.2,
CSWC,24.63,0.86,4.41,1.6,N/A,N/A,4.81,63.7,Bull,0.07,5.12,0.05,29.1,
TNL,78.24,0.43,4.08,4.8,N/A,N/A,5.6,59.1,Bull,0.23,5.79,0.01,29.1,
MC,68.95,-0.72,0.88,5.4,N/A,N/A,3.08,54.0,Bull,0.22,5.43,0.01,28.9,
EQIX,1056.51,0.03,0.86,104.2,N/A,N/A,1.23,53.5,Bull,3.94,2.09,0.01,28.9,
WBS,79.49,0.47,2.83,12.8,N/A,N/A,5.1,68.0,Bull,0.24,4.17,0.18,28.9,
NKTR,73.2,0.15,2.45,2.5,N/A,N/A,5.7,60.1,Bull,0.26,0.38,0.01,28.6,
UPWK,9.45,-1.46,2.16,1.2,N/A,N/A,2.35,54.5,Bull,0.02,8.87,0.02,28.5,
IRDM,48.53,0.34,1.88,5.1,N/A,N/A,4.43,53.1,Bull,0.18,-4.1,0.01,28.5,
ALG,167.78,-1.5,6.9,2.0,N/A,N/A,3.19,57.6,Bull,0.37,3.18,0.98,28.3,
ALC,70.67,0.14,1.52,35.3,N/A,N/A,2.76,58.7,Bull,0.22,5.26,0.02,28.2,
NBN,133.55,-0.05,8.67,1.1,N/A,N/A,4.0,55.3,Bull,0.46,2.2,0.0,28.2,
IRT,17.25,0.94,3.36,4.0,N/A,N/A,4.07,61.3,Bull,0.06,3.17,0.01,28.2,
INGR,104.18,0.86,3.83,6.5,N/A,N/A,2.77,59.8,Bull,0.3,6.86,0.01,28.2,
OSK,154.75,1.27,8.28,9.4,N/A,N/A,6.49,59.1,Bull,0.36,8.39,0.01,28.1,
TOWN,38.58,0.63,0.97,2.9,N/A,N/A,6.37,65.8,Bull,0.09,8.46,0.01,28.0,
PEBO,41.99,0.94,2.06,1.5,N/A,N/A,9.83,72.5,Bull,0.07,11.57,0.02,28.0,
PLUS,92.38,-2.3,1.53,2.5,N/A,N/A,5.89,56.7,Bull,0.26,5.15,0.03,27.7,
UNM,89.74,0.74,3.42,14.1,N/A,N/A,3.36,54.8,Bull,0.31,2.06,0.01,27.6,
MRSH,193.0,0.8,0.78,91.4,N/A,N/A,8.65,64.1,Bull,0.41,8.43,0.01,27.6,
TRNZ,25.31,-0.71,0.24,1.8,N/A,N/A,0.56,53.3,Bull,0.01,0.32,2.98,27.5,
IVA,4.77,1.06,3.25,1.1,N/A,N/A,6.67,59.6,Bull,0.01,5.3,0.01,27.5,
AFRM,77.95,-0.66,6.42,26.3,N/A,N/A,5.67,54.6,Bull,0.27,-6.96,0.01,27.5,
ARCC,19.5,0.93,3.56,13.9,N/A,N/A,4.24,61.8,Bull,0.05,5.92,0.04,27.4,
YOU,56.37,-0.15,0.49,7.5,N/A,N/A,3.27,54.5,Bull,0.2,0.45,0.04,27.4,
OII,48.92,1.77,2.69,4.8,N/A,N/A,13.67,60.1,Bear,-0.04,20.26,0.01,27.2,
DYN,26.62,1.72,3.46,4.9,N/A,N/A,18.14,68.3,Bull,0.03,9.68,0.01,27.1,
COST,961.53,2.07,0.77,417.8,N/A,N/A,0.55,55.2,Bull,2.85,5.49,0.06,27.1,
CSQ,20.72,-0.14,6.15,3.3,N/A,N/A,3.18,58.9,Bull,0.05,2.29,0.88,27.0,
NPO,328.53,-1.88,10.94,7.0,N/A,N/A,0.53,49.6,Bull,0.69,2.8,1.1,26.9,
PLOW,45.68,0.11,6.6,1.1,N/A,N/A,0.28,51.5,Bull,0.13,5.96,0.01,26.9,
MGRC,121.01,0.52,3.43,3.0,N/A,N/A,3.99,59.4,Bull,0.13,7.04,1.22,26.8,
DCBG,26.32,0.27,0.65,1.0,N/A,N/A,0.01,50.7,Bull,0.01,-1.31,4.01,26.6,
CCK,122.14,0.39,1.99,13.3,N/A,N/A,9.99,67.1,Bull,0.05,11.8,0.85,26.6,
T,23.43,1.6,0.95,158.0,N/A,N/A,1.76,55.8,Bull,0.04,12.85,0.02,26.6,
GLNG,50.6,0.78,4.89,5.1,N/A,N/A,0.75,55.8,Bull,0.19,-0.53,0.01,26.5,
IRON,79.66,0.95,0.57,3.0,N/A,N/A,7.76,60.6,Bull,0.24,0.91,0.01,26.4,
IOT,37.4,-3.42,4.48,22.6,N/A,N/A,7.41,54.2,Bull,0.11,1.12,0.02,26.3,
CHDN,88.0,1.84,6.42,6.0,N/A,N/A,1.51,54.8,Bull,0.29,2.17,0.03,26.3,
ONON,37.79,-1.05,1.86,24.4,N/A,N/A,1.33,52.7,Bull,0.12,2.77,0.01,26.2,
JAZZ,264.03,0.94,2.19,17.0,N/A,N/A,9.32,66.6,Bull,0.54,6.93,0.01,26.0,
HSIC,89.71,0.14,5.34,10.0,N/A,N/A,7.49,68.2,Bull,0.19,6.98,0.01,25.9,
BRC,98.11,0.41,3.59,4.6,N/A,N/A,8.52,66.8,Bull,0.09,10.12,0.56,25.8,
AMAL,50.65,0.69,2.91,1.5,N/A,N/A,9.53,69.8,Bull,0.08,9.73,0.01,25.7,
JCAP,20.65,1.07,2.94,1.1,N/A,N/A,8.05,65.1,Bull,0.03,11.5,0.01,25.6,
CTBI,79.3,0.49,1.58,1.4,N/A,N/A,8.69,70.3,Bull,0.12,10.74,0.01,25.5,
RUSHB,79.97,0.84,2.34,6.2,N/A,N/A,7.44,62.3,Bull,0.18,5.99,0.01,25.5,
VSXY,90.03,0.19,2.03,7.1,N/A,N/A,14.3,64.8,Bear,-0.03,18.17,0.01,25.4,
PFG,116.46,1.41,2.21,24.6,N/A,N/A,6.42,64.5,Bull,0.29,4.29,0.01,25.2,
ACEL,12.62,1.53,5.52,1.0,N/A,N/A,2.54,57.1,Bull,0.04,0.96,0.01,25.1,
CCC,6.32,-2.17,4.29,3.8,N/A,N/A,12.62,62.8,Bull,0.0,17.47,0.01,25.1,
ARCO,8.47,0.0,3.42,1.8,N/A,N/A,1.5,56.2,Bull,0.03,2.29,0.01,25.0,
GEN,27.49,-1.64,0.73,16.7,N/A,N/A,7.04,57.9,Bull,0.06,5.77,0.02,25.0,
AEG,9.51,0.11,0.74,18.1,N/A,N/A,8.34,69.7,Bull,0.02,8.31,0.02,24.7,
FA,22.29,8.41,11.17,3.5,N/A,N/A,18.94,64.2,Bear,-0.07,14.9,0.03,24.6,
AEO,17.65,-0.95,1.97,3.0,N/A,N/A,1.84,52.7,Bull,0.04,6.62,0.02,24.6,
ATR,137.29,0.39,2.55,8.7,N/A,N/A,7.51,66.7,Bull,0.2,10.7,0.02,24.6,
USFD,105.38,4.87,4.8,22.1,N/A,N/A,9.21,66.1,Bull,0.21,5.93,0.0,24.5,
IRM,126.38,-0.59,1.4,37.8,N/A,N/A,2.27,53.9,Bull,0.31,5.78,0.05,24.4,
HTH,39.9,0.3,1.32,2.3,N/A,N/A,3.46,59.3,Bull,0.1,4.89,0.05,24.4,
BWIN,28.99,0.76,8.62,4.0,N/A,N/A,14.53,60.8,Bull,0.03,9.6,0.01,24.3,
MCHB,16.84,1.32,1.45,3.7,N/A,N/A,6.85,62.1,Bull,0.04,5.12,0.01,24.3,
PHM,131.46,-1.16,2.12,24.9,N/A,N/A,3.63,54.9,Bull,0.3,6.26,0.01,24.2,
GOODN,23.56,0.55,2.52,1.1,N/A,N/A,4.11,67.1,Bull,0.03,5.62,0.8,24.2,
CCU,11.69,0.26,0.86,2.2,N/A,N/A,1.91,55.9,Bull,0.02,7.25,0.41,24.0,
XRAY,13.94,1.16,1.46,2.8,N/A,N/A,12.68,60.0,Bear,-0.03,17.24,0.02,23.7,
OMAB,108.13,-1.35,0.04,5.3,N/A,N/A,1.03,52.2,Bull,0.35,-0.18,0.02,23.6,
AZZ,151.96,-0.49,7.59,4.6,N/A,N/A,3.51,55.4,Bull,0.26,6.0,0.48,23.5,
FMBH,52.59,0.52,1.29,1.4,N/A,N/A,8.47,68.6,Bull,0.07,10.14,0.01,23.2,
NHP,16.03,2.95,0.94,1.2,N/A,N/A,7.47,60.0,Bear,-0.06,9.35,1.21,23.2,
ENSG,181.0,1.32,1.21,10.4,N/A,N/A,4.84,62.6,Bull,0.34,7.15,0.01,23.0,
CRON,2.94,8.27,1.9,1.0,N/A,N/A,6.31,61.7,Bull,0.0,5.94,0.97,22.9,
TT,484.5,0.19,10.04,106.4,N/A,N/A,2.97,56.5,Bull,1.3,2.65,0.01,22.9,
ABNB,152.18,-0.2,0.07,91.9,N/A,N/A,5.65,59.7,Bull,0.35,3.6,0.02,22.8,
SCHW,108.47,0.42,3.97,187.9,N/A,N/A,9.45,72.1,Bull,0.17,6.44,0.01,22.4,
MDT,87.19,1.4,1.73,110.1,N/A,N/A,5.36,62.1,Bull,0.17,5.83,0.01,22.4,
MET,99.36,3.22,2.99,61.9,N/A,N/A,10.83,75.1,Bull,0.1,9.68,0.02,22.1,
KOD,43.83,0.5,3.13,2.7,N/A,N/A,11.13,59.5,Bull,0.04,9.36,0.01,22.0,
AGNCL,25.15,0.02,0.84,29.8,N/A,N/A,1.64,68.3,Bull,0.02,1.37,1.63,22.0,
CAG,15.14,0.87,0.73,7.2,N/A,N/A,6.17,60.0,Bull,0.01,14.53,0.01,22.0,
TDG,1277.48,1.82,2.21,69.4,N/A,N/A,1.53,53.0,Bull,3.83,-1.41,0.01,21.8,
XYZ,82.69,-1.79,0.12,50.1,N/A,N/A,7.19,57.8,Bull,0.12,6.81,0.12,21.8,
GHM,105.37,0.86,11.83,1.2,N/A,N/A,1.53,51.6,Bull,0.31,-2.97,0.02,21.7,
RYN,22.41,1.77,4.77,6.6,N/A,N/A,4.74,60.3,Bull,0.04,7.22,0.0,21.6,
CCS,70.72,-0.75,3.13,2.0,N/A,N/A,8.7,59.9,Bull,0.08,9.49,0.01,21.5,
AN,215.04,-0.34,0.18,7.1,N/A,N/A,6.4,58.4,Bull,0.2,11.82,0.01,21.5,
PAYX,119.25,0.83,2.51,42.1,N/A,N/A,11.53,65.7,Bull,0.04,13.39,0.01,21.4,
WSFS,82.94,0.79,3.91,4.3,N/A,N/A,7.39,68.4,Bull,0.12,7.5,0.0,21.3,
CRVL,62.57,5.87,0.51,3.2,N/A,N/A,3.52,55.5,Bear,-0.02,-0.68,2.35,21.3,
VTRS,18.08,2.41,1.77,20.6,N/A,N/A,8.07,65.2,Bull,0.02,10.62,0.05,21.2,
AMG,375.88,0.07,2.85,9.9,N/A,N/A,7.43,58.8,Bull,0.77,2.99,0.01,21.2,
FCF,21.84,0.76,1.18,2.2,N/A,N/A,7.02,66.1,Bull,0.03,7.66,0.03,21.1,
FBP,29.05,-0.55,0.48,4.5,N/A,N/A,8.72,69.1,Bear,-0.02,11.64,0.61,21.1,
PIPR,76.91,0.96,0.96,5.4,N/A,N/A,0.17,53.0,Bull,0.18,4.72,0.01,21.1,
OPRA,19.58,-1.61,4.87,1.8,N/A,N/A,4.64,53.6,Bull,0.05,1.45,0.02,21.1,
OPY,115.92,-0.85,5.58,1.2,N/A,N/A,7.25,58.7,Bull,0.13,3.16,0.73,21.0,
LUV,48.17,-1.28,5.63,23.9,N/A,N/A,3.74,54.0,Bull,0.13,-2.14,0.03,20.9,
SBGI,14.37,3.31,4.36,1.0,N/A,N/A,2.34,55.4,Bull,0.04,-1.17,0.13,20.9,
TNGX,28.41,-1.32,3.05,4.2,N/A,N/A,3.87,51.3,Bull,0.08,-6.91,0.01,20.8,
YETI,52.33,-0.35,5.41,4.0,N/A,N/A,7.28,59.4,Bull,0.08,6.05,0.02,20.8,
EQBK,52.05,1.07,2.6,1.1,N/A,N/A,6.38,68.6,Bull,0.06,8.66,0.07,20.6,
TRV,386.27,1.0,2.73,79.8,N/A,N/A,11.83,67.8,Bear,-1.17,14.46,0.01,20.5,
ADAMI,25.35,0.16,0.96,2.3,N/A,N/A,1.25,63.5,Bull,0.01,0.86,1.8,20.4,
BCAT,15.94,0.45,2.06,1.7,N/A,N/A,3.35,60.4,Bull,0.04,1.25,0.02,20.3,
VIR,9.5,4.28,6.74,1.5,N/A,N/A,2.04,54.3,Bull,0.03,-8.12,0.03,20.0,
OTTR,94.47,1.69,5.67,3.9,N/A,N/A,4.8,60.9,Bull,0.13,7.54,0.03,19.9,
SFBS,91.27,0.91,2.3,4.9,N/A,N/A,7.07,65.7,Bull,0.11,7.44,0.01,19.8,
UBSI,49.38,0.61,2.11,6.8,N/A,N/A,6.47,67.4,Bull,0.06,7.51,0.04,19.7,
PPG,118.33,-0.67,5.62,26.5,N/A,N/A,2.31,53.7,Bull,0.28,2.04,0.0,19.7,
BIIB,208.6,0.96,0.32,30.5,N/A,N/A,3.57,54.6,Bull,0.38,4.87,0.01,19.6,
HOPE,14.13,-0.98,0.71,1.8,N/A,N/A,5.41,60.1,Bull,0.02,5.68,0.02,19.6,
RELY,24.72,2.7,5.42,5.1,N/A,N/A,9.85,60.6,Bull,0.03,4.92,0.18,19.6,
TRS,40.69,-0.55,6.9,1.5,N/A,N/A,0.29,50.5,Bull,0.11,-1.92,0.03,19.6,
GNTX,24.09,-0.1,1.92,5.1,N/A,N/A,0.46,51.3,Bull,0.06,0.98,0.0,19.5,
INVH,30.71,0.69,3.51,18.0,N/A,N/A,4.16,61.2,Bull,0.06,4.56,0.01,19.5,
PRG,45.85,-0.02,7.18,1.8,N/A,N/A,9.56,59.0,Bear,-0.13,5.99,1.04,19.4,
BBDO,3.2,-1.45,0.09,33.8,N/A,N/A,2.18,52.4,Bear,-0.0,6.77,1.39,19.4,
OBK,55.13,0.54,0.81,1.7,N/A,N/A,7.4,69.1,Bull,0.06,7.45,0.0,19.4,
SNA,423.02,1.0,3.42,21.7,N/A,N/A,5.95,63.4,Bull,0.64,5.75,0.01,19.4,
BMI,140.4,0.68,7.67,4.0,N/A,N/A,2.92,54.0,Bull,0.35,-3.16,0.02,19.4,
PSA,329.85,0.77,3.91,57.5,N/A,N/A,3.95,58.1,Bull,0.66,3.29,0.01,19.3,
SCCE,24.52,-0.07,0.99,1.2,N/A,N/A,0.82,59.0,Bull,0.04,0.92,0.86,19.3,
GPC,132.06,0.56,5.79,18.1,N/A,N/A,11.13,63.9,Bull,0.14,6.27,0.01,19.3,
LYG,6.29,0.64,0.64,92.6,N/A,N/A,7.31,60.7,Bull,0.01,5.36,0.06,19.3,
BHRB,74.76,0.86,2.38,1.5,N/A,N/A,7.11,66.6,Bull,0.09,6.62,0.03,19.2,
EXPD,181.15,-0.14,8.47,23.7,N/A,N/A,7.54,64.3,Bull,0.23,6.17,0.01,19.0,
NIC,174.17,-0.55,1.82,3.7,N/A,N/A,7.86,64.9,Bear,-0.11,7.91,0.84,18.9,
OBDC,11.13,1.46,3.15,5.4,N/A,N/A,2.37,56.7,Bull,0.02,3.63,0.06,18.9,
LOB,43.96,0.45,3.52,2.0,N/A,N/A,7.46,64.1,Bull,0.05,6.38,0.0,18.8,
RYAN,45.17,0.36,2.45,11.5,N/A,N/A,13.18,63.3,Bull,0.01,11.23,0.01,18.7,
SAIC,121.0,0.58,4.56,5.1,N/A,N/A,8.08,62.1,Bull,0.14,6.45,0.01,18.7,
SCCF,24.56,0.24,2.21,1.2,N/A,N/A,1.06,61.4,Bull,0.05,0.78,0.32,18.7,
MFAN,24.98,-0.04,0.62,2.6,N/A,N/A,1.01,65.1,Bull,0.01,0.78,1.85,18.6,
LQDA,89.09,-0.03,2.64,7.9,N/A,N/A,18.36,63.2,Bear,-0.05,9.38,0.01,18.6,
CHRN,22.99,-1.63,9.16,3.4,N/A,N/A,10.76,52.0,Bear,-0.08,13.03,0.01,18.5,
A,141.39,0.2,1.93,39.9,N/A,N/A,6.61,63.1,Bull,0.19,5.84,0.01,18.5,
LKFN,63.34,0.6,1.23,1.6,N/A,N/A,3.47,58.0,Bull,0.09,6.74,0.01,18.5,
AUPH,15.9,4.71,6.03,2.0,N/A,N/A,1.47,54.6,Bull,0.04,-4.13,0.05,18.4,
KBH,58.24,-1.21,3.36,3.6,N/A,N/A,4.32,55.5,Bull,0.11,2.71,0.01,18.3,
PEN,324.48,0.39,1.46,12.7,N/A,N/A,1.2,66.6,Bull,0.72,2.06,0.01,18.2,
SHG,74.46,2.87,2.91,34.5,N/A,N/A,7.99,61.2,Bull,0.09,5.49,0.04,18.1,
TIGO,104.16,13.48,9.45,15.4,Communication Services,Telecom Services,13.82,67.3,Bear,-0.08,10.3,0.1,18.1,3.38
CXT,55.58,6.13,7.71,3.0,N/A,N/A,13.17,64.4,Bear,-0.08,11.27,0.03,18.1,
TEO,13.76,0.58,1.55,5.9,N/A,N/A,3.08,53.1,Bull,0.01,6.09,0.56,18.0,
SCCG,24.6,0.41,2.03,1.2,N/A,N/A,1.59,65.1,Bull,0.06,-0.12,0.07,18.0,
RVMD,196.93,-0.19,2.48,41.9,N/A,N/A,12.5,61.8,Bull,0.24,3.03,0.02,17.9,
AGNCN,25.84,-0.08,0.82,30.6,N/A,N/A,1.6,75.5,Bull,0.02,1.53,1.29,17.8,
GH,159.95,-1.98,4.99,21.9,N/A,N/A,11.61,58.0,Bull,0.27,-2.52,0.02,17.7,
MTG,30.44,-0.49,0.52,6.3,N/A,N/A,7.53,67.7,Bull,0.02,8.58,0.01,17.6,
HALO,84.17,0.69,1.04,9.9,N/A,N/A,9.6,68.4,Bull,0.07,7.06,0.01,17.6,
BY,39.72,0.49,1.62,1.8,N/A,N/A,7.71,70.6,Bull,0.04,7.28,0.01,17.6,
BFST,32.25,0.81,0.97,1.0,N/A,N/A,6.43,66.8,Bull,0.03,7.21,0.01,17.6,
BLTE,158.5,0.78,3.98,6.2,N/A,N/A,3.75,55.5,Bull,0.09,4.07,0.89,17.6,
TWFG,28.44,2.23,5.69,1.5,N/A,N/A,15.9,66.1,Bear,-0.05,9.38,0.01,17.5,
AEBI,13.05,-0.38,0.62,1.0,N/A,N/A,3.56,53.3,Bear,-0.02,15.69,0.01,17.5,
EXR,151.26,0.81,2.06,31.7,N/A,N/A,3.35,58.4,Bull,0.21,6.01,0.01,17.5,
COR,325.4,2.58,4.22,61.7,N/A,N/A,8.3,67.3,Bull,0.25,7.58,0.02,17.3,
POWWP,24.54,0.0,0.82,2.9,N/A,N/A,1.42,57.5,Bull,0.02,0.74,1.17,17.3,
NESR,28.33,0.66,7.17,2.8,N/A,N/A,5.89,54.8,Bull,0.05,1.63,0.01,17.3,
SCSC,57.92,0.96,2.55,1.2,N/A,N/A,11.42,65.5,Bull,0.02,8.34,0.02,17.2,
ALX,277.15,1.21,4.18,1.4,N/A,N/A,4.27,56.4,Bear,-0.98,2.24,1.54,17.2,
CFG,74.14,0.73,3.35,31.0,N/A,N/A,7.01,63.7,Bull,0.07,6.81,0.01,17.1,
PVLA,152.06,-1.84,1.25,2.2,N/A,N/A,11.34,56.2,Bull,0.23,0.68,0.01,17.1,
WFC,89.72,0.62,5.03,269.7,N/A,N/A,5.63,62.3,Bull,0.14,3.24,0.02,17.1,
CNOBP,25.36,-0.04,0.79,1.4,N/A,N/A,1.38,76.9,Bull,0.02,1.36,1.14,17.0,
MSGE,77.8,-0.27,2.38,3.7,N/A,N/A,4.5,56.1,Bull,0.03,4.05,0.94,16.7,
CQP,66.35,3.46,1.98,31.0,N/A,N/A,4.54,56.7,Bull,0.11,2.27,0.06,16.7,
MFC,45.06,1.37,1.14,74.2,N/A,N/A,7.91,70.3,Bull,0.02,8.6,0.07,16.6,
TOL,153.12,-1.19,2.06,14.5,N/A,N/A,2.64,53.2,Bull,0.26,3.46,0.01,16.6,
LCII,107.17,0.11,0.58,2.6,N/A,N/A,2.2,56.9,Bull,0.02,6.57,0.9,16.6,
SION,47.69,0.74,1.95,2.1,N/A,N/A,9.19,56.1,Bull,0.04,6.12,0.04,16.5,
CCNE,35.63,0.23,1.84,1.1,N/A,N/A,6.45,63.0,Bull,0.03,6.49,0.02,16.5,
DRTS,13.26,1.38,18.6,1.2,N/A,N/A,15.78,59.7,Bear,-0.06,3.76,0.58,16.5,
VLTO,97.28,0.12,2.71,23.7,N/A,N/A,6.57,62.3,Bull,0.1,5.62,0.01,16.5,
CATY,64.59,0.72,2.48,4.3,N/A,N/A,5.84,64.5,Bull,0.08,5.11,0.01,16.5,
WSC,26.26,-1.13,9.28,4.8,N/A,N/A,1.22,50.4,Bull,0.05,1.86,0.04,16.5,
HCXY,25.08,0.72,1.62,4.6,N/A,N/A,1.64,62.4,Bull,0.04,1.27,0.52,16.4,
DRH,13.1,-1.21,1.47,2.7,N/A,N/A,7.6,61.7,Bull,0.0,10.55,0.01,16.3,
ECCC,24.96,0.52,0.24,1.5,N/A,N/A,1.15,57.8,Bear,-0.02,0.47,1.83,16.3,
DBRG,15.92,0.32,0.63,3.0,N/A,N/A,1.01,63.9,Bull,0.0,1.08,1.58,16.2,
IBN,30.52,0.41,1.72,108.8,N/A,N/A,6.15,64.7,Bull,0.03,5.7,0.02,16.2,
JPM,361.31,0.58,2.98,962.6,N/A,N/A,7.71,67.4,Bull,0.22,7.7,0.04,16.1,
JEF,56.28,0.16,2.16,10.9,N/A,N/A,3.24,54.3,Bull,0.06,7.28,0.01,16.1,
UHAL,73.84,-0.32,4.07,14.5,N/A,N/A,11.65,68.6,Bear,-0.15,10.14,0.01,16.1,
EVC,11.67,0.6,0.43,1.1,N/A,N/A,13.29,57.0,Bull,0.02,-3.39,0.01,16.0,
GAB,5.71,-0.35,2.51,1.7,N/A,N/A,2.06,56.8,Bull,0.01,0.71,0.86,16.0,
RYAAY,60.85,-0.56,1.13,32.2,N/A,N/A,0.11,50.5,Bull,0.14,-5.14,0.01,16.0,
BNY,158.74,1.22,4.09,107.7,N/A,N/A,6.45,61.1,Bear,-0.52,6.15,0.8,16.0,
PPLI,43.78,-0.79,5.63,3.3,N/A,N/A,0.58,50.3,Bull,0.1,-7.85,0.02,15.9,
CBC,33.31,0.74,1.48,7.9,N/A,N/A,8.91,71.0,Bull,0.02,6.92,0.02,15.8,
GHRS,29.47,1.15,3.82,2.0,N/A,N/A,14.46,64.3,Bear,-0.02,8.33,0.02,15.7,
ETV,14.94,-0.66,5.06,1.6,N/A,N/A,1.78,55.3,Bull,0.01,-0.34,1.02,15.6,
BOKF,145.45,0.64,3.1,8.8,N/A,N/A,5.29,66.0,Bull,0.15,5.48,0.01,15.6,
IDT,66.35,0.48,0.62,1.6,N/A,N/A,9.75,64.0,Bear,-0.14,10.64,0.01,15.6,
ROKU,149.7,1.86,3.18,21.7,N/A,N/A,8.97,72.5,Bull,0.08,6.73,0.04,15.5,
CVCO,583.61,-0.7,3.77,4.5,N/A,N/A,3.37,54.6,Bull,0.92,2.76,0.0,15.5,
MEDP,588.0,0.04,1.68,16.4,N/A,N/A,11.1,63.6,Bear,-0.91,9.8,0.0,15.4,
ETW,9.66,-0.11,2.11,1.1,N/A,N/A,2.6,60.9,Bull,0.02,1.1,0.01,15.3,
FOR,29.58,0.78,2.11,1.5,N/A,N/A,2.3,53.4,Bull,0.04,-0.94,0.62,15.3,
STBA,52.85,0.48,1.23,1.9,N/A,N/A,7.48,67.8,Bull,0.02,8.19,0.01,15.3,
ABM,49.3,0.76,3.57,2.9,N/A,N/A,8.45,66.1,Bear,-0.01,10.96,0.01,15.2,
ECCV,24.12,-0.12,0.37,1.5,N/A,N/A,1.14,63.6,Bull,0.01,0.98,1.17,15.2,
BUSEP,25.95,-0.4,0.02,2.2,N/A,N/A,0.27,50.1,Bull,0.0,0.02,1.76,15.1,
PB,75.11,0.66,0.39,8.9,N/A,N/A,3.97,61.8,Bull,0.08,5.05,0.02,15.0,
TY,35.6,0.0,2.77,1.9,N/A,N/A,2.73,63.5,Bull,0.03,1.89,0.6,15.0,
CNC,66.99,4.56,8.36,33.1,N/A,N/A,7.56,57.8,Bear,-0.13,-0.15,1.35,15.0,
BKT,10.47,0.96,2.45,1.6,N/A,N/A,0.97,58.8,Bull,0.01,0.17,0.86,14.9,
AMRX,18.61,0.81,0.59,5.9,N/A,N/A,10.98,61.4,Bear,-0.06,9.34,0.01,14.9,
NVRI,23.01,-3.56,3.7,1.9,N/A,N/A,5.77,55.6,Bull,0.02,0.88,0.5,14.8,
BBWI,20.5,-1.39,2.76,4.2,N/A,N/A,1.49,50.7,Bull,0.03,2.86,0.01,14.8,
MS,219.53,0.58,5.08,342.8,N/A,N/A,4.14,56.3,Bull,0.4,-0.63,0.01,14.8,
ALL,271.19,2.49,2.19,68.1,N/A,N/A,10.95,67.0,Bear,-0.19,9.07,0.03,14.8,
LTH,45.01,-0.66,1.83,10.1,N/A,N/A,12.88,64.9,Bear,-0.09,8.02,0.01,14.5,
PRGS,41.51,-1.75,2.9,1.7,N/A,N/A,13.21,60.7,Bear,-0.01,7.82,0.01,14.5,
BOX,31.3,-2.19,0.68,4.4,N/A,N/A,9.46,58.8,Bull,0.0,8.68,0.01,14.4,
AER,154.19,-0.61,0.86,27.8,N/A,N/A,4.34,57.6,Bull,0.22,2.09,0.01,14.3,
PCAR,134.9,1.17,0.86,70.2,N/A,N/A,7.56,61.6,Bull,0.02,9.43,0.01,14.1,
OCSL,12.16,0.87,3.89,1.1,N/A,N/A,2.55,56.4,Bull,0.02,2.74,0.05,14.1,
RAPP,43.5,2.5,1.68,2.0,N/A,N/A,9.3,58.8,Bull,0.03,3.45,0.03,13.9,
RHLD,136.14,0.31,7.26,1.1,N/A,N/A,2.75,54.1,Bull,0.09,-3.28,0.96,13.9,
AFGE,16.16,-0.43,0.65,1.3,N/A,N/A,0.27,53.7,Bull,0.02,2.41,0.54,13.7,
AGNCM,25.12,0.16,0.66,29.8,N/A,N/A,1.45,64.0,Bull,0.0,1.21,1.38,13.7,
SLMBP,75.09,0.39,0.54,14.1,N/A,N/A,1.06,59.6,Bull,0.06,1.31,0.76,13.7,
UZD,19.15,-0.26,1.97,1.6,N/A,N/A,0.36,56.1,Bull,0.02,1.32,0.65,13.6,
CIGI,101.26,2.23,0.05,5.2,N/A,N/A,2.41,55.5,Bull,0.0,3.01,1.11,13.6,
PII,72.4,-0.96,6.17,4.2,N/A,N/A,4.93,54.5,Bull,0.01,9.98,0.01,13.6,
ONC,330.91,1.03,2.74,36.4,N/A,N/A,7.86,65.1,Bear,-0.4,9.27,0.04,13.5,
RZC,25.59,0.08,0.63,1.7,N/A,N/A,1.22,67.5,Bull,0.01,0.99,0.93,13.4,
BEPI,16.15,0.62,0.62,4.6,N/A,N/A,3.79,71.5,Bull,0.01,6.04,0.31,13.4,
WSBC,42.35,0.49,1.89,4.0,N/A,N/A,8.65,66.8,Bear,-0.02,8.97,0.0,13.3,
SPB,90.58,0.12,2.04,2.1,N/A,N/A,5.84,61.3,Bull,0.03,7.73,0.03,13.3,
FBNC,65.38,0.79,3.81,2.7,N/A,N/A,4.68,59.1,Bull,0.07,3.32,0.01,13.2,
DFIN,49.29,-0.73,4.81,1.2,N/A,N/A,7.38,56.5,Bear,-0.24,9.46,0.01,13.2,
SYRE,104.26,-0.09,2.72,9.2,N/A,N/A,14.87,58.9,Bear,-0.19,5.58,0.01,13.1,
MFAO,25.05,-0.06,0.47,2.6,N/A,N/A,1.0,65.0,Bull,0.01,0.74,1.13,13.1,
SATA,98.31,0.28,1.35,8.3,N/A,N/A,2.61,59.0,Bull,0.13,2.02,0.03,13.1,
OXLCZ,24.95,0.04,0.32,4.3,N/A,N/A,1.05,69.4,Bull,0.01,0.97,1.05,12.8,
HOMB,31.33,0.37,0.53,6.3,N/A,N/A,6.63,67.6,Bear,-0.04,9.41,0.01,12.8,
ELV,390.92,-0.08,3.86,84.8,N/A,N/A,1.04,51.3,Bull,0.68,-7.01,0.01,12.8,
RNST,44.45,0.73,2.56,4.1,N/A,N/A,4.55,61.8,Bull,0.03,5.33,0.01,12.7,
ADAML,24.53,0.03,0.32,2.2,N/A,N/A,1.53,63.3,Bear,-0.01,0.79,1.33,12.7,
ALSN,117.92,-0.18,2.15,9.8,N/A,N/A,0.27,50.9,Bull,0.15,3.64,0.01,12.6,
OFG,53.74,1.15,2.38,2.2,N/A,N/A,8.4,68.5,Bull,0.0,8.26,0.0,12.6,
AFG,146.99,0.17,3.73,12.2,N/A,N/A,5.87,65.2,Bull,0.11,3.95,0.07,12.6,
KB,120.68,0.58,7.37,43.3,N/A,N/A,6.6,56.7,Bear,-0.26,3.38,0.71,12.6,
LQDT,40.7,8.42,6.63,1.2,N/A,N/A,7.52,60.4,Bull,0.01,5.5,0.2,12.6,
LLYVK,103.71,0.16,0.01,9.5,N/A,N/A,2.63,53.5,Bull,0.09,-2.03,0.61,12.5,
MTH,74.06,-1.18,4.59,4.9,N/A,N/A,1.6,51.2,Bull,0.12,-1.14,0.01,12.5,
WAFD,37.95,0.61,4.17,2.8,N/A,N/A,3.12,57.9,Bull,0.06,0.48,0.01,12.4,
LGIH,60.74,-1.2,6.34,1.4,N/A,N/A,7.81,55.6,Bull,0.03,4.56,0.01,12.4,
ANIP,81.04,1.45,0.76,1.8,N/A,N/A,0.56,51.9,Bull,0.14,-3.27,0.01,12.4,
TCBK,58.3,0.9,0.62,1.8,N/A,N/A,5.23,56.5,Bear,-0.33,9.48,0.02,12.2,
BAP,394.88,0.7,2.85,37.3,N/A,N/A,5.2,55.5,Bear,-1.02,3.52,0.74,12.2,
CL,93.89,0.65,2.49,74.4,N/A,N/A,3.35,57.0,Bull,0.09,3.75,0.01,12.2,
CENT,45.0,2.13,3.97,2.8,N/A,N/A,5.83,61.0,Bull,0.03,4.6,0.08,12.2,
NCLH,19.96,-1.67,6.62,9.3,N/A,N/A,2.31,52.1,Bull,0.03,1.01,0.01,12.1,
MATX,205.51,-3.72,1.82,6.1,N/A,N/A,2.6,49.6,Bear,-1.23,0.38,1.25,12.1,
SMA,35.18,3.93,5.25,1.9,N/A,N/A,6.5,62.2,Bear,-0.05,8.62,0.02,12.0,
FHN,26.23,0.23,3.06,12.4,N/A,N/A,3.78,60.8,Bull,0.03,2.1,0.0,12.0,
CNH,10.79,0.0,4.55,13.4,N/A,N/A,1.04,51.2,Bull,0.01,4.96,0.01,12.0,
ALLY,44.75,0.02,3.64,13.6,N/A,N/A,1.63,53.0,Bull,0.07,-0.11,0.0,12.0,
EWBC,134.0,0.56,2.99,18.3,N/A,N/A,4.21,61.7,Bull,0.13,2.91,0.01,11.9,
FG,29.65,-0.07,0.47,3.9,N/A,N/A,3.16,52.3,Bear,-0.18,4.22,0.73,11.9,
CCO,2.42,-0.41,0.83,1.2,N/A,N/A,0.59,54.1,Bull,0.0,0.41,0.87,11.9,
RF,32.01,0.41,3.76,27.2,N/A,N/A,6.15,64.0,Bull,0.02,4.68,0.01,11.9,
BAC,63.75,0.79,3.27,442.3,N/A,N/A,8.44,70.2,Bear,-0.01,7.59,0.02,11.9,
OZK,51.97,0.72,1.92,5.8,N/A,N/A,3.36,57.0,Bull,0.04,4.58,0.02,11.8,
ASBA,24.67,-0.16,0.24,3.7,N/A,N/A,0.33,55.4,Bull,0.02,0.98,0.53,11.8,
ATHS,24.85,0.0,1.3,5.1,N/A,N/A,0.93,58.5,Bull,0.01,1.26,0.95,11.8,
CROX,136.58,-0.54,10.45,6.6,N/A,N/A,8.41,56.1,Bear,-0.12,7.43,0.01,11.7,
WAL,83.33,0.43,2.57,9.1,N/A,N/A,2.5,54.3,Bull,0.07,4.16,0.01,11.7,
MBX,66.65,-1.23,0.29,3.2,N/A,N/A,23.63,60.6,Bear,-0.16,1.43,0.02,11.6,
OXY,56.91,5.75,1.71,53.5,N/A,N/A,3.73,56.6,Bear,-0.01,8.81,0.11,11.6,
ADUS,117.07,0.52,0.33,2.2,N/A,N/A,9.56,63.5,Bear,-0.44,6.7,0.01,11.5,
ACT,47.9,0.15,0.86,6.7,N/A,N/A,5.75,64.7,Bull,0.01,6.49,0.02,11.5,
BPYPP,16.17,0.56,1.7,18.8,N/A,N/A,2.73,56.7,Bull,0.01,5.27,0.25,11.3,
CFR,166.94,0.49,2.11,10.3,N/A,N/A,7.12,63.8,Bear,-0.22,7.6,0.01,11.2,
FRMEP,25.24,0.76,0.43,1.6,N/A,N/A,0.51,51.2,Bear,-0.04,-0.34,1.31,11.2,
OXLCL,24.76,0.69,0.79,4.3,N/A,N/A,1.69,64.9,Bull,0.02,1.06,0.58,11.2,
AGNCO,25.55,0.04,0.71,30.3,N/A,N/A,1.39,73.0,Bull,0.0,0.83,1.06,11.2,
REYN,26.85,0.34,6.29,5.6,N/A,N/A,7.6,63.3,Bull,0.02,3.15,0.01,11.2,
NWBI,15.81,-0.91,0.8,2.3,N/A,N/A,5.27,61.4,Bull,0.01,5.79,0.01,11.1,
MFG,10.72,0.2,3.59,133.2,N/A,N/A,7.62,59.5,Bull,0.01,3.79,0.01,11.1,
LB,75.63,2.65,0.96,5.8,N/A,N/A,3.13,52.0,Bear,-0.48,-2.99,1.15,11.1,
CNOB,33.47,0.15,1.58,1.8,N/A,N/A,4.07,56.6,Bull,0.02,4.4,0.01,11.0,
NRIX,25.29,0.68,7.25,2.6,N/A,N/A,16.84,68.5,Bear,-0.02,2.43,0.02,11.0,
DLTR,129.35,0.46,0.61,24.7,N/A,N/A,7.88,59.4,Bear,-0.05,6.97,0.01,11.0,
SKWD,63.03,-0.02,5.28,2.8,N/A,N/A,11.71,63.1,Bear,-0.09,4.88,0.02,10.9,
NBTB,53.6,0.71,1.27,2.8,N/A,N/A,7.02,62.7,Bear,-0.07,7.31,0.01,10.9,
OTIS,73.39,0.4,2.37,27.8,N/A,N/A,0.42,53.4,Bull,0.09,1.93,0.01,10.9,
ASB,31.65,0.38,2.89,6.0,N/A,N/A,5.14,61.0,Bull,0.02,4.15,0.02,10.8,
PTGX,142.66,3.89,2.9,8.8,N/A,N/A,13.74,62.5,Bear,-0.53,3.65,0.04,10.8,
PRI,325.44,1.51,0.66,10.1,N/A,N/A,8.65,69.7,Bear,-0.33,6.28,0.02,10.8,
HTFC,24.9,0.2,0.57,1.1,N/A,N/A,0.59,54.3,Bear,-0.01,0.36,1.22,10.8,
SBRA,21.45,1.78,0.63,5.4,N/A,N/A,5.22,58.1,Bear,-0.11,7.92,0.02,10.7,
HBNC,20.78,0.63,0.97,1.1,N/A,N/A,5.5,61.9,Bull,0.0,6.67,0.01,10.7,
CII,24.67,0.28,4.93,3.7,N/A,N/A,0.72,51.4,Bear,-0.0,-1.76,1.23,10.6,
KBR,36.68,0.95,6.71,4.6,N/A,N/A,2.98,53.6,Bull,0.03,2.39,0.01,10.5,
HXL,106.71,2.28,3.69,7.9,N/A,N/A,6.6,58.7,Bear,-0.58,6.98,0.02,10.5,
CRNX,84.01,0.02,0.46,8.9,N/A,N/A,28.95,90.5,Bear,-1.7,0.47,0.0,10.5,
PDO,13.01,-0.08,0.46,1.9,N/A,N/A,0.34,50.2,Bear,-0.01,-1.45,1.24,10.5,
MUFG,22.65,1.03,0.67,266.1,N/A,N/A,7.22,58.5,Bear,-0.08,6.59,0.02,10.4,
AQNB,25.64,0.02,0.37,19.7,N/A,N/A,0.45,58.8,Bull,0.02,0.57,0.59,10.4,
ABXL,25.98,0.08,0.7,1.9,N/A,N/A,1.26,66.0,Bull,0.01,1.76,0.72,10.4,
GRBK,73.35,0.16,4.59,3.1,N/A,N/A,1.66,52.7,Bull,0.1,-0.01,0.01,10.3,
SON,58.71,0.43,3.33,5.8,N/A,N/A,7.19,59.8,Bear,-0.01,6.63,0.0,10.3,
DORM,141.33,-0.15,6.12,4.2,N/A,N/A,6.45,54.8,Bull,0.07,3.55,0.01,10.2,
WES,46.98,1.8,0.84,19.1,N/A,N/A,5.61,63.8,Bear,-0.01,6.79,0.06,10.1,
ESTA,93.5,2.47,0.02,2.7,N/A,N/A,8.28,57.9,Bear,-0.42,5.33,0.06,9.9,
CENTA,39.33,2.02,3.28,2.4,N/A,N/A,5.17,60.7,Bull,0.01,4.49,0.07,9.9,
GNK,25.99,1.64,0.04,1.1,N/A,N/A,4.49,55.2,Bear,-0.0,6.91,0.09,9.9,
GTX,31.21,-0.64,0.64,5.9,N/A,N/A,0.68,48.2,Bull,0.04,-4.18,0.01,9.8,
ORI,43.76,0.56,0.89,10.5,N/A,N/A,5.72,62.6,Bull,0.0,5.92,0.02,9.7,
SFB,19.77,-0.15,0.41,2.0,N/A,N/A,0.68,56.7,Bull,0.0,1.07,0.91,9.7,
MTB,253.45,0.6,2.61,36.4,N/A,N/A,6.29,62.2,Bear,-0.43,6.52,0.0,9.7,
BCS,28.58,0.42,3.18,98.9,N/A,N/A,7.01,58.4,Bull,0.0,4.92,0.01,9.6,
BEPH,15.12,0.07,0.13,4.3,N/A,N/A,2.17,65.6,Bear,-0.01,5.44,0.36,9.6,
BRO,71.69,1.04,1.16,23.7,N/A,N/A,7.78,59.1,Bear,-0.08,5.68,0.01,9.6,
NIQ,11.62,-0.34,2.11,3.4,N/A,N/A,11.54,62.7,Bear,-0.01,3.57,0.0,9.4,
KNTK,50.58,4.62,1.13,7.9,N/A,N/A,4.57,56.9,Bear,-0.15,6.44,0.08,9.4,
SNDR,36.53,0.58,3.6,6.4,N/A,N/A,2.62,51.1,Bear,-0.19,1.61,0.77,9.4,
FTNT,160.43,-2.26,4.0,120.4,N/A,N/A,8.26,54.8,Bull,0.11,-2.02,0.03,9.3,
RLI,63.35,0.84,3.45,5.8,N/A,N/A,7.92,59.3,Bear,-0.21,5.33,0.0,9.3,
BANR,70.83,0.28,2.18,2.4,N/A,N/A,4.64,59.5,Bull,0.0,6.75,0.0,9.2,
REGCP,23.13,0.52,0.57,4.2,N/A,N/A,0.76,53.2,Bear,-0.02,0.95,0.95,9.2,
CUBE,42.33,0.91,2.64,9.4,N/A,N/A,3.86,59.5,Bull,0.01,6.38,0.01,9.2,
OXLCM,25.13,0.44,1.09,4.4,N/A,N/A,1.2,58.6,Bull,0.01,1.21,0.56,9.2,
ESE,327.63,0.42,9.18,8.5,N/A,N/A,2.2,52.9,Bear,-0.02,-1.3,0.95,9.1,
RYZ,27.78,0.52,3.64,1.4,N/A,N/A,0.36,48.3,Bear,-0.28,8.88,0.01,9.1,
V,368.8,0.07,0.69,658.5,N/A,N/A,5.96,64.5,Bear,-0.11,5.92,0.02,9.1,
GDV,30.11,-0.22,1.26,2.7,N/A,N/A,2.62,62.7,Bull,0.02,2.12,0.09,9.1,
CPK,136.05,1.65,2.16,3.2,N/A,N/A,5.04,60.9,Bear,-0.32,6.36,0.02,9.0,
NSC,343.91,0.63,2.99,76.8,N/A,N/A,5.55,62.7,Bear,-0.39,6.22,0.0,9.0,
TFSL,18.52,1.12,2.63,5.1,N/A,N/A,6.76,61.9,Bear,-0.04,5.38,0.01,8.8,
BKU,47.49,-0.86,3.15,3.5,N/A,N/A,0.36,50.9,Bull,0.03,0.39,0.53,8.8,
NMR,9.98,0.55,4.45,28.8,N/A,N/A,8.04,64.0,Bear,-0.02,4.66,0.01,8.8,
VOYA,101.02,0.91,0.75,9.1,N/A,N/A,7.91,64.9,Bear,-0.23,4.65,0.02,8.8,
DFTX,44.56,0.38,0.16,4.8,N/A,N/A,17.1,58.4,Bear,-0.52,-8.03,0.01,8.6,
BPOP,177.73,0.12,1.48,11.5,N/A,N/A,7.18,66.9,Bear,-0.01,4.92,0.01,8.6,
GBX,49.94,0.46,1.75,1.5,N/A,N/A,1.41,52.0,Bear,-0.11,7.79,0.01,8.6,
NOV,19.85,1.79,2.85,7.0,N/A,N/A,1.49,53.1,Bear,-0.0,7.7,0.01,8.5,
SHC,18.38,2.2,2.94,5.1,N/A,N/A,6.98,62.6,Bull,0.01,-0.08,0.01,8.4,
ABCL,5.88,-0.66,3.35,1.7,N/A,N/A,0.37,48.0,Bull,0.01,-19.33,0.1,8.4,
HOG,26.32,0.5,6.82,2.8,N/A,N/A,4.5,54.6,Bear,-0.01,5.92,0.01,8.3,
TFC,53.25,0.76,2.38,64.6,N/A,N/A,4.47,61.2,Bull,0.02,3.66,0.01,8.3,
OMC,84.44,3.34,6.07,22.4,N/A,N/A,7.35,59.2,Bear,-0.03,4.47,0.01,8.2,
MAA,136.11,1.15,2.09,15.6,N/A,N/A,2.11,55.2,Bull,0.11,1.24,0.02,8.2,
MSM,126.6,0.82,4.23,7.0,N/A,N/A,6.51,60.1,Bear,-0.27,4.92,0.01,8.2,
HWC,78.74,0.54,3.21,6.4,N/A,N/A,6.19,64.7,Bear,-0.01,5.07,0.01,8.2,
SCCD,24.85,0.0,0.18,1.2,N/A,N/A,0.54,60.9,Bull,0.02,1.28,0.0,8.2,
ZION,71.86,0.22,3.46,10.5,N/A,N/A,5.4,60.6,Bull,0.03,2.63,0.01,8.2,
JAN,30.51,0.07,0.36,8.0,N/A,N/A,6.15,57.1,Bear,-0.19,4.91,0.01,8.1,
MSEX,57.65,0.52,3.3,1.1,N/A,N/A,4.41,58.3,Bear,-0.0,5.72,0.02,8.1,
EBC,23.31,0.45,0.84,5.4,N/A,N/A,5.87,59.7,Bear,-0.05,5.07,0.01,8.1,
HLX,9.62,3.18,4.53,1.4,N/A,N/A,2.56,54.5,Bull,0.0,5.91,0.04,8.1,
FSV,144.67,2.31,1.59,6.4,N/A,N/A,2.34,53.6,Bear,-0.04,2.11,0.57,8.0,
ARR,16.59,-0.24,0.85,2.8,N/A,N/A,0.08,51.1,Bull,0.02,-1.54,0.01,8.0,
BDJ,9.84,0.25,1.5,1.7,N/A,N/A,3.77,67.0,Bull,0.0,2.46,0.07,7.9,
USB,64.66,0.7,2.8,99.6,N/A,N/A,6.22,63.0,Bear,-0.13,4.46,0.03,7.9,
CIMN,24.99,0.0,0.57,2.0,N/A,N/A,0.95,61.3,Bull,0.01,1.13,0.43,7.9,
EFX,177.11,-0.15,0.56,20.8,N/A,N/A,3.05,53.9,Bear,-0.26,6.27,0.0,7.8,
MICC,18.95,0.53,1.12,11.5,N/A,N/A,6.91,60.9,Bull,0.0,3.1,0.01,7.8,
STT,187.13,0.05,2.36,51.4,N/A,N/A,7.77,62.7,Bear,-0.35,3.87,0.01,7.8,
MESO,15.65,4.61,7.56,1.9,N/A,N/A,3.54,54.4,Bear,-0.09,5.53,0.06,7.8,
ECAT,15.52,0.13,3.12,1.7,N/A,N/A,2.75,58.8,Bull,0.01,0.17,0.02,7.8,
ATEX,100.99,1.59,7.92,1.9,N/A,N/A,14.97,55.4,Bear,-0.56,-5.49,0.03,7.7,
JOYY,74.3,-0.68,1.75,3.9,N/A,N/A,7.91,64.7,Bear,-0.1,3.54,0.03,7.7,
FBIN,51.36,-1.78,4.28,6.2,N/A,N/A,7.44,55.9,Bear,-0.17,3.72,0.01,7.6,
GEO,31.0,-1.34,1.08,4.2,N/A,N/A,8.8,58.7,Bear,-0.1,3.13,0.01,7.6,
CR,225.85,1.25,5.45,12.9,N/A,N/A,7.03,59.3,Bear,-0.13,4.06,0.01,7.6,
OXLCN,24.81,0.18,0.57,4.3,N/A,N/A,0.94,58.0,Bull,0.01,0.93,0.38,7.6,
CPF,39.89,0.53,1.32,1.0,N/A,N/A,5.81,63.2,Bear,-0.03,4.56,0.01,7.5,
ARQT,29.24,7.9,4.47,3.4,N/A,N/A,11.43,61.9,Bear,-0.12,1.6,0.02,7.5,
R,265.54,-1.21,2.83,10.2,N/A,N/A,1.97,50.9,Bear,-0.65,0.07,0.76,7.4,
MRK,130.65,1.81,0.66,317.0,N/A,N/A,4.99,58.9,Bear,-0.27,4.46,0.04,7.3,
LFMDP,23.54,0.17,0.47,1.1,N/A,N/A,1.33,58.9,Bull,0.01,1.12,0.42,7.2,
RNR,327.08,1.08,2.74,13.4,N/A,N/A,4.08,57.1,Bear,-0.71,5.11,0.0,7.2,
OCFC,19.95,0.43,1.6,2.0,N/A,N/A,3.79,58.9,Bear,-0.01,4.59,0.09,7.2,
AFGB,20.61,-0.63,0.15,1.7,N/A,N/A,0.17,51.8,Bull,0.0,0.96,0.58,7.1,
PEB,18.86,-1.2,0.8,2.2,N/A,N/A,4.51,50.9,Bear,-0.1,4.78,0.01,7.1,
AVPT,12.99,-3.06,1.33,2.8,N/A,N/A,8.36,56.8,Bear,-0.02,2.53,0.05,7.1,
APLE,16.92,2.24,2.36,3.9,N/A,N/A,5.79,62.1,Bear,-0.05,3.61,0.06,7.0,
UVV,53.4,2.56,0.25,1.3,N/A,N/A,1.75,53.9,Bear,-0.07,5.48,0.08,7.0,
AGNCP,25.2,0.0,0.72,29.9,N/A,N/A,1.51,72.4,Bull,0.0,0.44,0.66,7.0,
FRA,10.85,0.14,0.51,1.6,N/A,N/A,0.79,57.5,Bull,0.01,0.73,0.02,7.0,
UMBF,147.15,0.23,1.13,11.2,N/A,N/A,5.06,58.0,Bull,0.04,2.39,0.01,6.9,
TXNM,57.78,0.74,0.41,5.9,N/A,N/A,0.64,58.3,Bull,0.03,2.95,0.0,6.8,
COMP,12.03,-6.24,4.97,9.6,N/A,N/A,10.91,55.3,Bear,-0.01,0.92,0.04,6.8,
HIG,144.52,0.64,1.03,38.9,N/A,N/A,4.82,61.1,Bear,-0.03,4.34,0.01,6.8,
UNP,296.85,0.44,2.55,175.6,N/A,N/A,5.06,58.3,Bear,-1.08,4.14,0.02,6.8,
CSX,51.34,0.43,2.29,94.7,N/A,N/A,5.36,59.0,Bear,-0.14,4.03,0.01,6.8,
PNC,257.44,0.81,3.51,102.5,N/A,N/A,6.24,67.3,Bear,-0.14,3.42,0.03,6.8,
AUB,43.27,0.58,2.34,6.2,N/A,N/A,5.18,59.9,Bear,-0.04,4.11,0.0,6.7,
SEZL,170.99,-1.96,10.24,5.9,N/A,N/A,12.53,54.9,Bear,-0.41,-3.44,0.04,6.6,
ET,20.63,1.43,1.93,70.0,N/A,N/A,4.18,65.4,Bear,-0.0,4.24,0.03,6.6,
TRVI,18.68,0.19,1.55,2.6,N/A,N/A,10.02,56.2,Bear,-0.0,1.55,0.01,6.6,
PLGO,25.77,0.86,2.83,2.2,N/A,N/A,6.33,59.7,Bear,-0.08,3.12,0.04,6.6,
VLY,14.8,0.2,3.35,8.2,N/A,N/A,3.48,57.3,Bull,0.01,0.95,0.01,6.6,
BWNB,25.22,0.0,0.08,2.5,N/A,N/A,0.91,66.0,Bear,-0.01,0.88,0.62,6.5,
GL,184.51,0.35,0.84,14.3,N/A,N/A,6.28,62.9,Bear,-0.05,3.16,0.02,6.5,
APGE,134.32,0.07,0.01,10.1,N/A,N/A,11.68,79.1,Bear,-1.38,0.56,0.01,6.5,
AHR,55.97,0.84,0.42,10.7,N/A,N/A,4.93,56.1,Bear,-0.43,3.95,0.01,6.5,
UBS,53.56,-0.03,0.31,166.3,N/A,N/A,6.08,59.4,Bear,-0.03,3.27,0.02,6.5,
RLAY,19.83,0.71,1.95,3.8,N/A,N/A,12.52,59.7,Bear,-0.06,-4.43,0.03,6.5,
XYL,123.14,0.72,5.41,28.5,N/A,N/A,4.26,58.1,Bull,0.01,3.57,0.01,6.4,
WABC,60.46,0.58,1.75,1.4,N/A,N/A,3.85,59.4,Bear,-0.07,4.36,0.01,6.4,
BMO,181.51,0.32,1.62,127.5,N/A,N/A,5.55,61.6,Bear,-0.12,3.46,0.01,6.3,
ONBPO,24.77,0.08,0.71,9.5,N/A,N/A,0.99,63.0,Bull,0.01,1.4,0.02,6.3,
ONB,27.11,0.41,2.65,10.3,N/A,N/A,5.18,61.0,Bear,-0.0,3.59,0.02,6.3,
HFWA,30.17,0.52,2.92,1.2,N/A,N/A,4.03,57.8,Bear,-0.04,4.16,0.02,6.3,
DAVE,389.97,-9.34,3.27,5.5,N/A,N/A,8.21,49.8,Bear,-4.9,-0.04,0.27,6.3,
GD,387.01,0.76,1.26,103.9,N/A,N/A,5.52,62.7,Bear,-0.37,3.31,0.02,6.2,
CVBF,23.08,0.83,1.81,4.0,N/A,N/A,5.22,60.3,Bear,-0.02,3.27,0.03,6.1,
PBI,18.24,-0.36,0.52,2.5,N/A,N/A,5.79,55.5,Bear,-0.03,3.02,0.01,6.0,
TECH,72.06,0.08,0.03,11.3,N/A,N/A,9.03,73.2,Bear,-0.57,1.27,0.02,5.9,
FULT,24.88,0.65,2.22,4.7,N/A,N/A,5.14,60.6,Bear,-0.04,3.15,0.02,5.9,
LEVI,24.66,-0.36,0.45,9.5,N/A,N/A,3.45,53.6,Bear,-0.05,4.12,0.01,5.9,
NNN,47.78,0.9,0.56,9.0,N/A,N/A,2.8,55.2,Bear,-0.19,4.08,0.03,5.7,
ALGT,102.69,-1.25,3.72,1.9,N/A,N/A,3.17,51.1,Bull,0.06,-10.43,0.02,5.7,
VTOL,45.06,1.86,0.77,1.3,N/A,N/A,2.01,52.7,Bear,-0.04,4.46,0.03,5.7,
CBSH,59.99,0.55,0.93,8.7,N/A,N/A,5.03,62.4,Bear,-0.09,2.95,0.03,5.7,
SLDE,21.17,2.07,4.65,2.4,N/A,N/A,7.46,56.8,Bear,-0.07,1.73,0.02,5.6,
PSNL,13.3,-1.63,8.3,1.4,N/A,N/A,11.0,54.4,Bear,-0.06,-9.22,0.01,5.6,
INDB,86.24,0.6,2.2,4.1,N/A,N/A,3.78,59.2,Bear,-0.06,3.64,0.01,5.6,
DE,615.82,0.62,2.73,165.2,N/A,N/A,2.96,54.3,Bear,-0.18,3.87,0.01,5.5,
SLS,11.69,-1.43,13.61,2.2,N/A,N/A,10.65,52.1,Bear,-0.11,-13.47,0.02,5.5,
EFSC,67.12,0.36,1.77,2.4,N/A,N/A,4.08,57.9,Bear,-0.05,3.15,0.02,5.4,
MHO,151.94,0.93,0.4,3.8,N/A,N/A,3.84,54.7,Bear,-0.12,3.45,0.01,5.4,
UCB,36.24,0.47,2.69,4.3,N/A,N/A,3.94,59.5,Bull,0.0,2.78,0.0,5.3,
MCBS,36.23,1.12,3.57,1.0,N/A,N/A,4.5,56.9,Bear,-0.03,2.77,0.03,5.3,
WAY,23.2,-0.77,10.79,4.5,N/A,N/A,6.31,54.7,Bull,0.01,0.09,0.03,5.3,
FITB,58.06,0.8,2.6,52.2,N/A,N/A,5.06,59.6,Bear,-0.15,2.69,0.01,5.3,
SLAB,218.46,0.11,0.71,7.2,N/A,N/A,0.49,56.7,Bull,0.15,-0.1,0.0,5.2,
MKC,52.85,0.59,3.71,14.1,N/A,N/A,4.0,58.4,Bull,0.0,2.54,0.01,5.2,
DNLI,24.52,0.43,0.72,3.9,N/A,N/A,5.57,54.9,Bull,0.01,-9.87,0.01,5.2,
DMRA,30.44,-1.26,4.21,1.9,N/A,N/A,10.16,56.5,Bear,-0.19,-1.1,0.0,5.1,
UMBFO,26.55,-0.11,0.8,2.0,N/A,N/A,0.95,57.4,Bull,0.01,0.61,0.02,5.1,
ADAMM,25.13,0.12,0.4,2.3,N/A,N/A,0.95,59.4,Bear,-0.01,0.81,0.44,5.0,
CLBT,15.23,-2.65,4.5,3.9,N/A,N/A,4.24,53.3,Bull,0.01,-5.61,0.06,5.0,
MBINM,25.6,0.08,0.27,1.2,N/A,N/A,1.11,57.8,Bear,-0.0,0.91,0.43,5.0,
FNB,19.3,0.44,1.61,6.8,N/A,N/A,3.41,56.9,Bull,0.0,3.18,0.01,5.0,
CM,118.95,0.23,0.57,108.6,N/A,N/A,3.44,55.8,Bear,-0.19,3.12,0.01,4.9,
ACHC,31.73,-1.58,12.76,3.0,N/A,N/A,7.58,53.0,Bear,-0.36,1.05,0.01,4.9,
BNS,88.42,-0.14,0.66,108.6,N/A,N/A,4.07,56.5,Bear,-0.14,2.75,0.01,4.8,
LYV,183.59,0.04,0.01,43.2,N/A,N/A,4.25,56.5,Bull,0.06,0.55,0.0,4.8,
DHR,199.52,-0.07,1.71,140.4,N/A,N/A,4.3,56.2,Bull,0.02,1.81,0.01,4.7,
CALY,18.79,-1.67,1.4,3.4,N/A,N/A,5.42,54.3,Bear,-0.01,1.73,0.03,4.7,
LGND,308.79,2.05,4.22,6.1,N/A,N/A,9.2,59.3,Bear,-1.04,-4.29,0.01,4.7,
LNG,266.12,4.46,3.13,53.4,N/A,N/A,5.0,57.8,Bear,-0.9,1.85,0.04,4.7,
WELL,238.28,0.43,1.12,171.0,N/A,N/A,3.86,53.7,Bear,-1.88,2.65,0.01,4.7,
CMPR,100.09,-0.62,5.69,2.4,N/A,N/A,4.12,53.2,Bear,-0.12,2.46,0.01,4.6,
TFIN,79.0,1.14,7.0,1.9,N/A,N/A,5.25,54.9,Bear,-0.11,1.86,0.01,4.6,
HMN,53.57,2.82,3.0,2.1,N/A,N/A,6.17,64.7,Bear,-0.05,1.48,0.01,4.6,
RWTN,24.98,0.1,0.58,3.2,N/A,N/A,0.58,55.0,Bull,0.01,0.58,0.22,4.5,
OKTA,140.61,-4.37,0.14,25.6,N/A,N/A,8.6,52.5,Bear,-0.81,-5.53,0.03,4.5,
CB,356.4,1.1,1.79,136.0,N/A,N/A,3.75,56.0,Bear,-1.0,2.47,0.01,4.4,
BNJ,15.35,-0.07,1.32,23.1,N/A,N/A,0.59,49.5,Bear,-0.04,-1.29,0.49,4.4,
FFIN,35.49,0.5,1.62,5.1,N/A,N/A,3.79,58.0,Bear,-0.01,2.47,0.0,4.4,
MIDD,134.79,-0.41,1.1,6.1,N/A,N/A,2.29,51.4,Bull,0.04,1.13,0.0,4.4,
UVSP,44.53,0.56,0.81,1.2,N/A,N/A,4.53,57.7,Bear,-0.08,2.1,0.0,4.4,
FTAIM,27.6,0.18,0.9,2.8,N/A,N/A,1.57,61.9,Bear,-0.01,2.09,0.18,4.4,
EPD,37.98,0.69,1.12,81.6,N/A,N/A,1.75,54.5,Bear,-0.03,3.37,0.02,4.4,
KMB,112.03,-0.3,1.67,37.4,N/A,N/A,4.79,56.8,Bear,-0.08,1.91,0.01,4.4,
CNI,127.29,-0.2,0.12,77.0,N/A,N/A,3.89,56.2,Bear,-0.52,2.37,0.01,4.4,
QGEN,42.4,1.08,2.3,8.6,N/A,N/A,6.38,62.6,Bear,-0.05,0.99,0.02,4.3,
NTRS,185.99,0.87,1.91,33.7,N/A,N/A,5.15,59.6,Bear,-0.12,1.71,0.0,4.3,
TENB,34.93,-2.97,7.31,4.0,N/A,N/A,8.18,52.4,Bear,-0.17,-15.57,0.01,4.2,
SIGI,97.5,0.84,3.0,5.8,N/A,N/A,4.09,55.9,Bear,-0.07,2.06,0.01,4.2,
WBI,34.76,3.62,5.6,4.1,N/A,N/A,7.0,56.0,Bear,-0.16,0.65,0.01,4.2,
FFBC,34.62,0.61,2.46,3.6,N/A,N/A,4.34,57.7,Bear,-0.09,1.79,0.01,4.1,
FRME,43.63,0.6,0.9,2.7,N/A,N/A,2.73,54.4,Bear,-0.08,2.56,0.02,4.1,
REGCO,21.9,0.67,0.27,4.0,N/A,N/A,0.29,52.5,Bear,-0.01,0.19,0.45,4.1,
PFBC,106.9,0.62,2.31,1.5,N/A,N/A,4.34,58.6,Bear,-0.06,1.85,0.01,4.1,
IFS,59.23,-0.03,1.23,6.8,N/A,N/A,5.37,55.2,Bear,-0.24,1.33,0.0,4.0,
RY,211.17,-0.05,0.5,293.6,N/A,N/A,4.24,56.5,Bear,-0.52,1.86,0.01,4.0,
FCPT,25.42,0.59,0.01,2.8,N/A,N/A,1.19,50.6,Bear,-0.11,3.37,0.01,4.0,
NTRA,272.08,-0.92,0.9,39.3,N/A,N/A,7.83,57.6,Bear,-0.39,-3.47,0.01,4.0,
MGTX,12.55,0.0,4.76,1.2,N/A,N/A,7.86,55.4,Bear,-0.03,-9.97,0.01,4.0,
KVUE,19.55,-0.61,1.24,37.8,N/A,N/A,3.98,56.8,Bear,-0.01,1.93,0.01,4.0,
TD,121.46,0.26,1.42,200.2,N/A,N/A,3.55,55.3,Bear,-0.18,2.1,0.0,3.9,
RYTM,110.03,-0.61,4.06,7.6,N/A,N/A,7.36,57.4,Bear,-0.01,-4.72,0.03,3.9,
QDEL,17.34,-0.91,4.65,1.2,N/A,N/A,7.64,56.1,Bear,-0.05,-0.57,0.01,3.9,
CCEC,22.71,-0.53,2.1,1.4,N/A,N/A,3.65,55.3,Bear,-0.04,1.64,0.04,3.8,
AIG,80.68,0.71,2.28,42.5,N/A,N/A,3.55,58.6,Bear,-0.03,1.99,0.0,3.8,
GSK,52.53,2.08,0.88,104.2,N/A,N/A,0.97,53.9,Bull,0.02,0.11,0.03,3.7,
MCY,109.51,-0.09,2.6,6.1,N/A,N/A,4.26,57.7,Bull,0.02,-0.26,0.01,3.6,
LMRI,11.35,0.44,10.73,1.1,N/A,N/A,7.26,56.9,Bear,-0.01,-6.81,0.0,3.6,
CINF,179.69,1.07,2.84,27.3,N/A,N/A,2.14,51.7,Bear,-0.6,2.43,0.02,3.6,
ZTO,24.0,1.33,0.61,18.2,N/A,N/A,1.67,54.1,Bear,-0.05,2.37,0.04,3.5,
BBIO,82.59,0.73,0.55,16.0,N/A,N/A,6.64,56.8,Bear,-0.63,-8.41,0.0,3.4,
JNJ,261.49,1.51,2.22,620.8,N/A,N/A,4.65,57.7,Bear,-0.76,0.92,0.02,3.4,
DEA,25.24,0.79,2.13,1.2,N/A,N/A,2.72,54.4,Bear,-0.04,1.97,0.01,3.4,
GILD,133.71,1.48,1.85,163.6,N/A,N/A,1.87,54.3,Bull,0.04,-0.84,0.03,3.4,
AGNCZ,25.47,0.2,0.51,30.1,N/A,N/A,1.37,69.8,Bull,0.0,1.27,0.01,3.3,
CGEM,17.7,0.54,1.06,1.1,N/A,N/A,6.21,54.6,Bear,-0.06,-3.67,0.03,3.3,
VRNS,42.31,-2.52,5.95,5.0,N/A,N/A,6.19,49.3,Bear,-0.71,-7.65,0.02,3.2,
NWN,50.21,1.76,1.36,2.1,N/A,N/A,0.73,52.5,Bear,-0.15,2.18,0.07,3.2,
OXLCO,24.12,0.29,0.71,4.2,N/A,N/A,1.03,55.6,Bear,-0.01,1.48,0.15,3.2,
HUBG,47.43,-0.31,4.45,2.9,N/A,N/A,3.25,51.4,Bear,-0.36,1.13,0.04,3.1,
HNGE,78.0,-3.45,3.85,6.3,N/A,N/A,5.77,49.5,Bear,-0.7,-13.26,0.03,3.1,
L,116.77,0.89,0.34,23.7,N/A,N/A,2.98,57.2,Bear,-0.3,1.41,0.01,3.0,
CRS,576.79,1.12,14.51,28.3,N/A,N/A,5.86,54.0,Bear,-1.39,-2.39,0.01,3.0,
VTR,93.24,0.77,1.44,47.5,N/A,N/A,2.53,50.6,Bear,-0.94,1.64,0.01,3.0,
GMAB,29.41,0.51,2.69,3.8,N/A,N/A,5.34,61.4,Bear,-0.05,-1.24,0.03,2.9,
EG,375.54,0.61,0.05,14.3,N/A,N/A,3.27,52.8,Bear,-2.4,1.22,0.01,2.9,
BULL,7.36,-0.26,2.95,3.9,N/A,N/A,3.76,51.3,Bear,-0.05,0.83,0.02,2.9,
PG,148.38,1.07,3.07,341.2,N/A,N/A,1.11,53.3,Bull,0.0,1.79,0.03,2.8,
XHR,20.39,-0.34,1.54,1.9,N/A,N/A,3.21,48.5,Bear,-0.19,1.09,0.01,2.8,
EE,38.67,0.44,1.18,4.4,N/A,N/A,3.5,53.9,Bear,-0.13,0.89,0.02,2.8,
SWX,92.5,2.01,2.43,6.6,N/A,N/A,2.42,56.9,Bear,-0.22,1.46,0.02,2.8,
DHC,9.15,-0.11,2.01,2.2,N/A,N/A,3.13,52.7,Bear,-0.03,1.1,0.01,2.8,
LLY,1200.0,2.58,3.9,1101.7,N/A,N/A,5.23,56.1,Bear,-4.1,-1.39,0.02,2.8,
XENE,64.8,0.78,0.95,6.2,N/A,N/A,5.5,54.8,Bear,-0.58,-8.68,0.01,2.8,
HBANL,25.15,0.32,0.4,50.7,N/A,N/A,0.89,61.2,Bull,0.0,0.92,0.02,2.7,
BLX,59.13,0.12,1.39,2.2,N/A,N/A,1.68,51.2,Bear,-0.02,1.79,0.01,2.7,
BPYPN,13.92,-0.14,1.53,16.2,N/A,N/A,0.97,52.9,Bear,-0.0,-0.71,0.26,2.7,
CASH,89.7,0.23,2.28,1.9,N/A,N/A,2.43,54.7,Bull,0.02,-0.02,0.01,2.6,
ACA,145.38,0.04,0.1,7.1,N/A,N/A,4.37,66.8,Bear,-0.51,0.32,0.02,2.6,
MCB,94.76,0.77,2.48,1.2,N/A,N/A,1.1,51.9,Bull,0.03,-2.82,0.0,2.6,
CBU,67.19,1.65,3.24,3.5,N/A,N/A,2.33,53.9,Bear,-0.12,1.36,0.0,2.5,
HTO,62.27,0.74,0.48,2.6,N/A,N/A,2.18,51.3,Bear,-0.4,1.32,0.01,2.5,
TEX,65.93,-0.18,5.96,7.5,N/A,N/A,0.95,50.1,Bear,-0.14,2.01,0.0,2.5,
UMH,15.54,2.24,1.5,1.3,N/A,N/A,1.29,53.5,Bear,-0.03,1.7,0.02,2.5,
AVB,191.4,0.94,1.93,27.1,N/A,N/A,2.25,54.1,Bear,-0.3,1.02,0.04,2.4,
GBTG,9.44,0.16,0.27,4.9,N/A,N/A,3.33,73.4,Bear,-0.01,0.59,0.02,2.4,
GS,1064.0,0.34,3.82,308.8,N/A,N/A,2.71,52.7,Bear,-1.07,0.76,0.02,2.3,
WST,352.84,0.52,3.9,24.7,N/A,N/A,4.52,56.4,Bear,-0.28,-1.28,0.01,2.3,
WAFDP,16.57,0.61,0.55,1.2,N/A,N/A,1.48,57.5,Bear,-0.0,1.47,0.01,2.3,
LAMR,161.84,2.31,0.74,16.1,N/A,N/A,4.23,57.3,Bear,-0.44,-0.25,0.02,2.3,
AXP,348.57,-0.12,3.27,235.7,N/A,N/A,3.25,55.6,Bear,-0.03,0.53,0.02,2.3,
PHVS,34.3,2.63,1.24,2.3,N/A,N/A,4.27,53.5,Bear,-0.1,-4.62,0.01,2.2,
SENEA,170.0,-0.43,1.61,1.2,N/A,N/A,3.88,52.9,Bear,-0.11,-2.76,0.03,2.2,
RCUS,28.41,2.55,0.55,3.5,N/A,N/A,4.06,51.9,Bear,-0.11,-5.19,0.02,2.2,
CZR,30.08,-0.08,1.57,6.1,N/A,N/A,2.22,56.7,Bear,-0.01,1.02,0.01,2.2,
BANF,115.15,0.9,2.67,3.8,N/A,N/A,1.31,52.8,Bear,-0.23,0.97,0.07,2.2,
STC,68.81,1.06,0.93,2.1,N/A,N/A,1.58,51.6,Bear,-0.11,1.24,0.01,2.1,
COLD,15.03,7.13,3.94,4.0,N/A,N/A,2.6,53.0,Bear,-0.07,-4.39,0.09,2.1,
OGN,13.56,-0.07,0.07,3.6,N/A,N/A,3.08,62.5,Bear,-0.01,0.52,0.01,2.1,
CP,91.17,-0.31,3.41,81.6,N/A,N/A,2.23,54.0,Bear,-0.18,0.93,0.01,2.1,
MAS,77.24,-0.1,7.11,15.2,N/A,N/A,2.54,51.7,Bear,-0.25,0.78,0.01,2.1,
DMLP,25.72,0.82,0.05,1.2,N/A,N/A,0.54,51.2,Bear,-0.05,1.75,0.0,2.1,
SR,82.0,1.51,1.83,4.8,N/A,N/A,0.53,54.5,Bear,-0.07,1.76,0.01,2.1,
PRSU,51.46,2.7,0.64,1.4,N/A,N/A,2.55,49.0,Bear,-0.36,-5.62,0.09,2.0,
VRTX,491.74,1.43,2.08,122.9,N/A,N/A,3.73,57.3,Bear,-0.33,-0.96,0.01,2.0,
MANE,110.18,-1.04,5.3,4.7,N/A,N/A,3.53,50.5,Bear,-0.46,-11.79,0.01,1.9,
ABSI,8.22,-2.14,7.59,1.3,N/A,N/A,3.17,48.3,Bear,-0.02,-28.33,0.04,1.9,
GPCR,50.13,-0.79,1.33,3.6,N/A,N/A,3.78,53.6,Bear,-0.1,-9.09,0.01,1.9,
FFIV,407.12,-1.02,4.73,23.2,N/A,N/A,3.15,51.8,Bull,0.02,-5.39,0.01,1.9,
NMFCZ,25.11,0.08,0.18,2.7,N/A,N/A,0.77,62.4,Bull,0.0,0.5,0.02,1.8,
GBDC,12.88,0.55,0.31,3.3,N/A,N/A,0.41,49.8,Bear,-0.01,1.26,0.04,1.8,
RNP,20.62,0.12,0.17,1.0,N/A,N/A,0.73,53.8,Bear,-0.01,0.69,0.07,1.7,
RAMP,37.81,0.03,0.05,2.3,N/A,N/A,3.0,57.2,Bear,-0.06,0.08,0.02,1.7,
KEY,23.18,0.39,2.52,24.6,N/A,N/A,2.5,55.4,Bear,-0.0,0.35,0.01,1.7,
SNDA,40.31,1.22,0.39,1.9,N/A,N/A,3.22,51.5,Bear,-0.31,-0.7,0.01,1.7,
XMTR,89.75,-2.8,5.7,5.3,N/A,N/A,2.81,49.3,Bear,-0.27,-4.16,0.02,1.6,
AB,37.22,0.32,1.36,3.5,N/A,N/A,0.29,51.7,Bear,-0.06,1.31,0.01,1.6,
ABVX,126.22,0.66,1.52,10.8,N/A,N/A,2.72,50.7,Bear,-1.27,-10.32,0.02,1.5,
AES,14.69,-0.07,0.11,10.5,N/A,N/A,0.91,62.2,Bear,-0.0,0.92,0.01,1.5,
NUTX,156.44,-0.52,5.2,1.1,N/A,N/A,2.74,49.5,Bear,-0.65,-14.68,0.01,1.5,
WTFC,161.85,0.25,1.38,10.9,N/A,N/A,2.39,54.7,Bear,-0.07,0.07,0.02,1.4,
IART,17.73,0.28,3.56,1.4,N/A,N/A,2.64,48.0,Bear,-0.21,-3.59,0.01,1.4,
EQR,68.38,0.94,1.88,25.4,N/A,N/A,1.93,53.4,Bear,-0.12,0.43,0.01,1.4,
LSPD,10.22,-1.26,5.8,1.4,N/A,N/A,2.34,50.7,Bear,-0.02,0.0,0.01,1.3,
NMRK,15.45,-0.83,2.45,2.8,N/A,N/A,0.98,51.0,Bear,-0.01,0.72,0.01,1.3,
FTV,61.53,0.31,5.22,18.5,N/A,N/A,1.23,52.3,Bear,-0.04,0.62,0.0,1.3,
FIBK,38.14,0.18,0.39,3.6,N/A,N/A,2.47,53.2,Bear,-0.06,-0.77,0.01,1.3,
HBAN,17.7,0.57,3.63,35.6,N/A,N/A,2.34,53.8,Bear,-0.03,-0.34,0.01,1.2,
SAFE,16.27,0.49,2.71,1.1,N/A,N/A,2.08,50.7,Bear,-0.07,-0.31,0.02,1.2,
OUT,32.57,1.75,2.0,5.6,N/A,N/A,1.85,54.0,Bear,-0.05,-3.67,0.02,1.1,
TLX,10.55,1.25,4.87,3.5,N/A,N/A,1.55,51.5,Bear,-0.01,-10.44,0.04,1.1,
ESS,290.77,0.95,3.16,18.5,N/A,N/A,2.06,52.0,Bear,-1.07,-0.12,0.01,1.1,
XZO,15.99,-0.68,1.27,1.5,N/A,N/A,1.9,50.3,Bear,-0.06,-5.44,0.01,1.0,
OSW,26.47,-0.53,1.81,2.7,N/A,N/A,1.69,50.5,Bear,-0.03,-0.23,0.01,0.9,
FROG,81.38,-3.72,3.77,10.2,N/A,N/A,1.2,47.5,Bear,-0.18,-14.79,0.03,0.9,
TRGP,270.37,3.94,1.23,55.8,N/A,N/A,1.36,50.8,Bear,-1.46,-0.51,0.02,0.9,
CVLT,131.8,-1.03,13.22,5.5,N/A,N/A,1.44,47.9,Bear,-1.44,-12.96,0.02,0.9,
ABCB,89.42,0.57,2.11,6.1,N/A,N/A,1.6,52.6,Bear,-0.08,-0.38,0.01,0.8,
CACC,592.68,0.03,6.66,6.2,N/A,N/A,1.56,50.7,Bear,-0.88,-5.49,0.0,0.8,
HHH,68.22,3.86,5.17,3.9,N/A,N/A,0.79,52.7,Bear,-0.11,-5.3,0.05,0.8,
ARGX,876.89,1.03,0.49,53.9,N/A,N/A,1.43,51.0,Bear,-2.33,-3.58,0.01,0.8,
MGEE,80.72,0.64,1.53,2.9,N/A,N/A,1.22,51.3,Bear,-0.3,-1.25,0.02,0.8,
WDFC,234.09,-0.3,2.78,3.2,N/A,N/A,1.34,49.9,Bear,-0.89,-1.84,0.01,0.8,
CART,45.03,-0.69,0.64,10.7,N/A,N/A,1.27,49.1,Bear,-0.08,-6.72,0.01,0.7,
OKE,88.79,1.77,0.87,55.0,N/A,N/A,0.37,49.5,Bear,-0.37,0.38,0.02,0.7,
PGR,214.48,0.81,0.56,123.7,N/A,N/A,1.12,50.6,Bear,-0.38,-6.55,0.01,0.6,
DX,12.9,0.39,0.62,3.2,N/A,N/A,0.75,52.8,Bear,-0.0,-0.6,0.02,0.5,
CRVS,13.98,0.39,6.03,1.2,N/A,N/A,0.77,52.1,Bear,-0.02,-13.67,0.01,0.5,
COLB,31.48,0.41,0.74,8.9,N/A,N/A,0.92,48.8,Bear,-0.12,-1.07,0.01,0.5,
GBCI,50.22,0.45,2.56,6.5,N/A,N/A,0.56,49.0,Bear,-0.16,-2.15,0.01,0.4,
HIMS,30.74,-2.88,13.68,7.3,N/A,N/A,0.44,48.8,Bear,-0.03,-13.29,0.03,0.4,
WCN,166.4,1.16,0.08,42.0,N/A,N/A,0.72,48.5,Bear,-0.93,-2.2,0.01,0.4,
FTI,70.69,2.05,2.57,27.2,N/A,N/A,0.18,49.0,Bear,-0.56,0.23,0.01,0.4,
SVRA,5.6,1.63,1.08,1.1,N/A,N/A,0.65,50.5,Bear,-0.01,-10.97,0.01,0.4,
LNTH,101.95,0.44,0.94,6.6,N/A,N/A,0.49,47.2,Bear,-0.47,-3.81,0.01,0.3,
WTM,2144.42,1.54,1.22,5.2,N/A,N/A,0.42,50.8,Bear,-10.17,-1.87,0.01,0.3,
UDR,38.84,0.83,1.41,12.4,N/A,N/A,0.23,47.5,Bear,-0.14,-1.79,0.01,0.2,
IDA,145.15,1.33,2.92,8.3,N/A,N/A,0.04,48.9,Bear,-0.47,-1.33,0.01,0.1,
FLR,50.15,-0.55,0.15,7.0,N/A,N/A,0.06,49.0,Bear,-0.04,-0.13,0.01,0.1,
GOLF,104.38,1.19,3.97,6.0,N/A,N/A,0.15,46.7,Bear,-0.74,-8.21,0.0,0.1,