Ticker,Price,Day%,Week%,MCap($B),Sector,Industry,Above EMA%,RSI,MACD,MACD Hist,ROC20%,Vol Ratio,Momentum,Rating
U,40.81,15.05,22.41,17.8,N/A,N/A,35.46,78.7,Bull,0.84,32.8,3.92,100.0,
GCT,52.4,13.32,24.14,2.0,N/A,N/A,35.29,85.0,Bull,1.23,50.45,3.56,100.0,
CHYM,31.25,20.56,38.27,11.9,Technology,Software - Application,45.8,86.4,Bull,0.68,46.64,4.89,100.0,4.45
DOCS,37.15,79.82,77.67,3.8,N/A,N/A,67.82,85.4,Bull,1.0,70.65,4.18,100.0,
WPP,25.95,25.91,26.83,5.6,N/A,N/A,37.41,78.6,Bull,0.43,49.65,5.3,100.0,
CACI,628.79,21.38,31.73,13.9,N/A,N/A,25.87,76.8,Bull,12.73,30.11,3.04,100.0,
PAYC,215.97,23.55,33.71,10.3,N/A,N/A,46.26,83.2,Bull,4.93,54.75,4.17,100.0,
HRTG,35.21,16.47,17.48,1.1,N/A,N/A,29.8,79.9,Bull,0.43,29.83,3.3,99.8,
IOVA,6.21,43.09,32.41,2.8,N/A,N/A,40.96,69.8,Bull,0.03,42.11,3.8,98.4,
GDRX,3.72,13.76,17.35,1.3,N/A,N/A,26.22,73.2,Bull,0.04,26.53,3.36,96.5,
VAC,124.75,22.62,27.83,4.3,N/A,N/A,31.57,78.0,Bull,1.43,26.25,3.98,96.3,
LIFE,29.81,7.54,47.06,1.9,N/A,N/A,50.22,82.3,Bull,1.11,58.48,2.35,94.6,
GTM,4.14,13.11,24.7,1.2,N/A,N/A,19.66,74.1,Bull,0.11,40.82,2.19,93.1,
ALNT,111.21,19.26,29.0,1.9,Technology,Electronic Components,27.51,71.7,Bull,1.92,23.91,2.53,90.0,4.4
AMLX,24.19,10.71,16.58,2.7,Healthcare,Drug Manufacturers - Specialty & Generic,35.03,78.7,Bull,0.41,31.61,1.78,89.8,4.82
ARHS,9.68,17.62,31.88,1.4,Consumer Cyclical,Specialty Retail,26.41,72.8,Bull,0.14,22.53,2.63,89.5,3.73
JJSF,91.86,8.5,19.52,1.7,Consumer Defensive,Packaged Foods,18.32,76.9,Bull,1.16,21.67,2.8,89.1,4.33
NSIT,149.19,6.35,16.76,4.5,Technology,Electronics & Computer Distribution,28.8,83.8,Bull,2.39,26.36,2.05,88.4,3.5
CDRE,35.02,12.86,14.82,1.5,Industrials,Aerospace & Defense,15.48,70.2,Bull,0.29,18.86,4.08,86.6,4.67
ANL,13.84,5.89,6.46,1.0,Healthcare,Biotechnology,17.69,64.1,Bull,0.12,29.59,1.47,85.7,5.0
LBRX,48.18,7.0,17.8,1.4,Healthcare,Biotechnology,40.5,83.1,Bull,1.25,42.8,1.26,85.5,4.88
AEVA,25.26,28.81,53.46,1.6,Technology,Software - Infrastructure,28.18,64.7,Bull,0.99,14.66,4.81,84.7,4.5
DXPE,198.21,17.72,28.06,3.1,Industrials,Industrial Distribution,21.21,69.7,Bull,2.17,20.15,2.35,84.7,4.0
MGNI,24.32,17.66,25.43,3.5,Communication Services,Advertising Agencies,32.43,76.5,Bull,0.28,14.61,4.06,84.6,4.53
IT,184.82,-0.85,20.86,11.7,Technology,Information Technology Services,23.69,70.2,Bull,5.1,39.29,1.08,84.0,3.2
DNOW,15.39,8.23,12.01,2.8,Industrials,Industrial Distribution,12.76,70.1,Bull,0.09,19.86,2.71,83.8,5.0
AVNT,42.65,12.47,16.28,3.9,Basic Materials,Specialty Chemicals,15.77,69.8,Bull,0.42,18.54,2.58,82.9,4.43
DV,13.22,12.89,17.51,1.8,Communication Services,Advertising Agencies,19.11,69.2,Bull,0.13,13.28,5.02,82.8,3.71
CSW,347.72,0.49,11.06,5.7,Industrials,Specialty Industrial Machinery,19.03,69.5,Bull,6.6,27.91,1.21,82.5,3.57
WHD,68.54,3.99,10.55,5.5,Energy,Oil & Gas Equipment & Services,20.66,72.1,Bull,1.56,27.0,1.22,82.2,4.0
INSM,132.55,33.86,30.6,28.7,Healthcare,Biotechnology,21.32,75.9,Bull,1.22,12.08,3.92,82.1,4.78
TSAT,54.08,5.46,44.44,2.0,Technology,Communication Equipment,24.37,66.3,Bull,2.19,27.37,1.07,81.3,
TEAM,150.07,36.21,48.56,28.0,Technology,Software - Application,58.82,78.8,Bull,4.32,68.88,0.66,80.5,4.47
CNMD,49.77,0.95,5.94,1.5,Healthcare,Medical Devices,22.12,67.1,Bull,0.54,35.65,0.64,80.3,2.86
PRAX,370.16,15.95,20.28,10.3,Healthcare,Biotechnology,17.84,68.0,Bull,3.49,11.12,3.96,80.0,4.53
CRSR,13.05,23.0,23.0,1.1,Technology,Computer Hardware,35.79,71.3,Bull,0.17,35.09,0.59,79.9,3.78
ATI,223.43,8.93,22.83,30.5,Industrials,Metal Fabrication,19.14,70.7,Bull,2.58,18.62,1.96,79.5,4.89
GIC,39.68,2.43,12.7,1.5,Industrials,Industrial Distribution,16.46,79.1,Bull,0.37,21.09,1.81,79.4,3.0
AMPL,10.77,7.59,25.09,1.4,Technology,Software - Application,27.41,71.2,Bull,0.11,14.82,2.31,79.1,
FTDR,89.92,17.73,22.31,6.3,Consumer Cyclical,Personal Services,24.28,77.8,Bull,0.98,18.05,1.84,78.4,4.33
HMY,19.86,10.03,26.1,11.5,Basic Materials,Gold,22.39,74.8,Bull,0.45,31.44,0.34,77.8,3.67
NHPBP,25.15,10.31,12.28,1.8,Real Estate,REIT - Healthcare Facilities,13.13,83.0,Bull,0.13,11.04,18.25,77.6,
DGII,83.01,14.1,21.73,3.2,Technology,Communication Equipment,22.91,76.7,Bull,1.4,14.72,2.13,77.5,4.6
CAI,20.0,21.58,24.3,5.7,Healthcare,Biotechnology,17.73,71.1,Bull,0.34,11.92,2.58,77.2,4.46
ODTX,21.55,3.16,16.99,1.0,Healthcare,Biotechnology,19.91,68.6,Bull,0.33,28.05,0.49,77.1,4.8
EAT,227.27,0.58,8.3,9.7,Consumer Cyclical,Restaurants,24.92,75.2,Bull,2.45,25.82,0.73,76.9,4.32
FIGS,15.24,35.59,42.43,1.9,Consumer Cyclical,Apparel Manufacturing,36.07,82.2,Bull,0.45,51.79,0.1,75.9,4.0
NEWP,6.24,5.65,34.57,1.1,Basic Materials,Silver,34.36,76.5,Bull,0.2,54.55,0.11,75.9,
VRDN,22.51,6.83,13.12,2.3,Healthcare,Biotechnology,18.9,72.3,Bull,0.22,11.44,2.38,75.8,4.82
AYA,26.93,6.85,37.03,3.6,Basic Materials,Silver,34.14,73.1,Bull,0.73,32.58,0.09,75.8,
CRCT,5.87,-3.29,25.16,1.3,Technology,Computer Hardware,27.34,74.6,Bull,0.15,33.11,0.06,75.5,1.33
GEF,89.18,-1.04,2.14,4.1,Consumer Cyclical,Packaging & Containers,17.47,78.6,Bull,0.84,23.71,0.97,75.5,3.17
PLSE,38.51,0.7,9.61,2.6,Healthcare,Medical Instruments & Supplies,28.76,73.3,Bull,0.54,46.47,0.05,75.4,5.0
PLPC,465.11,0.95,30.29,2.3,Industrials,Electrical Equipment & Parts,28.7,70.2,Bull,18.41,34.27,0.03,75.3,5.0
CDNA,45.14,0.74,3.27,2.3,Healthcare,Diagnostics & Research,37.09,71.0,Bull,0.47,58.33,0.04,75.3,4.14
SAIL,18.64,5.43,11.15,10.0,Technology,Software - Infrastructure,21.0,72.2,Bull,0.31,35.96,0.04,75.3,4.2
MSFT,501.93,0.41,8.01,3711.7,Technology,Software - Infrastructure,20.65,78.5,Bull,11.42,30.34,0.03,75.3,4.64
FTK,35.65,-2.15,51.42,1.3,Energy,Oil & Gas Equipment & Services,43.14,73.6,Bull,1.19,39.46,0.02,75.2,5.0
GENVR,2.53,-0.2,113.98,1.5,,,55.79,62.8,Bull,0.13,91.29,0.02,75.2,
PGEN,7.06,2.17,12.6,2.5,Healthcare,Biotechnology,31.17,76.8,Bull,0.15,32.71,0.02,75.2,4.0
SAFT,103.56,0.06,0.16,1.5,Financial Services,Insurance - Property & Casualty,23.19,85.7,Bull,0.98,37.07,0.02,75.2,
ZBRA,366.77,0.7,24.83,17.2,Technology,Communication Equipment,33.53,82.4,Bull,10.4,34.59,0.01,75.1,4.24
INTA,36.74,1.06,12.4,2.8,Technology,Software - Application,30.76,75.2,Bull,0.64,30.9,0.01,75.1,
MKTX,162.58,-0.02,0.17,5.8,Financial Services,Capital Markets,22.08,84.8,Bull,4.54,42.79,0.01,75.1,3.08
UFPT,310.74,-0.36,21.96,2.4,Healthcare,Medical Devices,22.75,67.7,Bull,7.42,31.16,0.02,75.1,3.75
BETA,23.29,2.51,23.03,5.2,Industrials,Aerospace & Defense,27.35,72.3,Bull,0.52,31.51,0.01,75.1,4.75
BLKB,46.47,0.25,8.59,2.1,Technology,Software - Application,32.37,78.8,Bull,1.16,57.06,0.01,75.1,3.8
CGAU,21.15,6.76,23.04,4.0,Basic Materials,Gold,24.01,73.6,Bull,0.49,30.39,0.01,75.1,3.75
EFOR,31.86,0.92,12.03,1.3,Technology,Information Technology Services,37.11,82.4,Bull,1.16,81.64,0.01,75.1,3.29
RNG,62.54,1.16,12.67,5.2,Technology,Software - Application,35.74,76.1,Bull,1.42,50.03,0.01,75.1,3.47
PAY,39.94,-0.45,17.13,5.1,Technology,Software - Infrastructure,34.33,68.1,Bull,0.73,41.48,0.01,75.1,4.14
APPS,14.37,0.7,78.29,1.7,Technology,Software - Application,56.13,75.2,Bull,0.66,36.08,0.02,75.1,5.0
ITGR,125.38,-0.55,3.44,4.3,Healthcare,Medical Devices,25.01,83.6,Bull,2.7,33.83,0.0,75.0,3.2
PLTR,163.89,5.11,33.18,374.5,Technology,Software - Infrastructure,21.94,69.9,Bull,4.27,29.26,0.09,75.0,4.19
ARXS,58.21,1.07,7.2,24.0,Industrials,Aerospace & Defense,28.44,71.5,Bull,1.58,39.29,0.0,75.0,4.73
ATKR,93.76,0.11,28.51,3.2,Industrials,Electrical Equipment & Parts,20.44,72.7,Bull,2.49,29.79,0.01,74.9,3.0
UMAC,24.64,1.69,16.45,1.2,Technology,Computer Hardware,18.24,58.1,Bull,0.73,30.99,0.06,74.7,4.71
PI,171.91,5.21,16.56,5.3,Technology,Semiconductors,22.08,71.2,Bull,3.75,19.05,1.26,74.6,4.25
PCOR,56.47,1.35,3.11,8.5,Technology,Software - Application,17.62,74.3,Bull,1.06,30.34,0.04,74.1,4.3
AEHR,102.31,2.58,27.92,3.3,Technology,Semiconductor Equipment & Materials,17.47,57.6,Bull,3.32,40.92,0.03,74.0,
XE,20.82,9.29,22.11,8.5,Industrials,Specialty Industrial Machinery,7.34,63.1,Bull,0.81,25.42,1.16,73.8,
SAP,203.73,2.14,10.95,245.0,Technology,Software - Application,18.57,74.2,Bull,4.19,29.06,0.05,73.7,4.44
IMAX,49.8,0.14,4.09,2.7,Communication Services,Entertainment,16.63,69.2,Bull,0.64,30.12,0.01,73.4,4.45
CAKE,106.1,-1.13,4.61,5.3,Consumer Cyclical,Restaurants,26.36,81.5,Bull,1.28,28.2,0.01,73.3,3.32
PCTY,151.55,0.04,9.9,8.0,Technology,Software - Application,22.53,74.2,Bull,1.69,27.89,0.02,73.1,4.55
GRMN,301.87,-0.22,1.45,58.2,Technology,Scientific & Technical Instruments,18.19,75.1,Bull,5.43,23.46,0.66,73.1,3.25
CNK,37.74,-0.57,3.13,4.4,Communication Services,Entertainment,15.76,75.2,Bull,0.47,29.94,0.0,72.8,4.09
G,36.16,2.52,2.35,6.1,Technology,Information Technology Services,12.2,68.0,Bull,0.43,22.0,1.14,72.6,3.75
CTSH,56.84,-0.09,2.69,25.6,Technology,Information Technology Services,14.8,71.0,Bull,1.1,33.52,0.02,72.5,3.83
VIA,21.56,0.94,7.32,1.8,Technology,Software - Application,18.93,66.7,Bull,0.21,17.75,1.22,72.4,4.6
SITM,687.5,26.58,30.24,20.6,Technology,Semiconductors,13.87,60.6,Bull,13.91,6.07,2.92,72.3,4.62
PTC,147.66,5.9,8.33,16.0,Technology,Software - Application,13.82,71.6,Bull,2.63,19.28,1.33,72.3,4.1
WDAY,176.51,3.68,10.08,42.0,Technology,Software - Application,22.48,69.1,Bull,2.42,27.03,0.03,72.3,3.93
LIND,33.69,-1.12,13.89,2.2,Consumer Cyclical,Travel Services,24.41,76.2,Bull,0.49,27.04,0.01,72.1,4.6
DAO,17.54,1.74,7.15,2.1,Consumer Defensive,Education & Training Services,26.04,72.7,Bull,0.13,23.78,0.39,72.0,
SDGR,17.81,8.6,16.03,1.3,Healthcare,Health Information Services,16.89,71.1,Bull,0.17,6.08,2.69,71.9,4.43
MSI,474.07,8.2,10.04,78.5,Technology,Communication Equipment,12.42,75.4,Bull,4.25,13.63,2.04,71.8,4.36
TPC,96.75,1.02,15.52,5.0,Industrials,Engineering & Construction,18.25,69.5,Bull,1.2,27.49,0.02,71.8,5.0
WEX,189.54,0.61,1.68,6.5,Technology,Software - Infrastructure,17.12,74.7,Bull,1.06,23.21,0.59,71.7,3.64
VOR,23.7,6.42,8.72,1.3,Healthcare,Biotechnology,29.6,71.3,Bull,0.28,20.0,0.79,71.6,
THC,257.17,0.2,0.94,20.7,Healthcare,Medical Care Facilities,20.89,69.6,Bull,2.09,25.91,0.0,70.9,4.5
REAL,13.31,4.23,10.09,1.5,Consumer Cyclical,Luxury Goods,16.07,69.9,Bull,0.15,25.57,0.25,70.7,4.56
EXLS,34.77,0.32,2.48,5.3,Technology,Information Technology Services,16.19,67.9,Bull,0.5,27.36,0.01,70.6,4.67
CLF,12.3,0.57,6.77,7.0,Basic Materials,Steel,11.1,60.7,Bull,0.22,30.85,0.01,70.6,3.08
ASAN,9.17,5.65,10.22,2.0,Technology,Software - Application,20.74,66.5,Bull,0.14,25.1,0.05,70.5,3.33
MANH,194.3,1.93,1.54,11.1,Technology,Software - Application,21.03,67.2,Bull,1.97,25.44,0.01,70.5,4.33
IESC,788.62,2.63,5.92,15.3,Industrials,Engineering & Construction,18.46,62.3,Bull,23.09,26.07,0.01,70.4,3.0
ERO,32.26,3.73,19.88,3.2,Basic Materials,Copper,17.74,71.0,Bull,0.76,26.11,0.05,70.4,4.06
NOVT,163.32,6.66,17.57,6.2,Technology,Scientific & Technical Instruments,9.26,62.2,Bull,2.29,7.69,2.76,70.3,4.67
NOVTU,67.9,5.43,14.72,2.6,Technology,Scientific & Technical Instruments,7.92,62.4,Bull,0.83,6.17,2.98,69.9,
BMNR,19.18,4.84,11.02,11.0,Financial Services,Capital Markets,11.78,61.9,Bull,0.24,28.07,0.1,69.8,
VEEV,217.8,2.01,8.06,35.5,Healthcare,Health Information Services,16.42,70.1,Bull,1.57,14.81,1.4,69.7,4.1
RELY,25.93,7.73,10.58,5.5,Technology,Software - Infrastructure,14.97,66.3,Bull,0.11,10.06,2.82,69.7,4.78
VOYG,38.78,1.24,58.11,2.3,Industrials,Aerospace & Defense,22.65,67.1,Bull,1.91,24.47,0.02,69.6,4.18
AXTI,75.17,9.56,60.14,4.9,Technology,Semiconductor Equipment & Materials,11.74,59.3,Bull,4.34,20.18,1.02,69.5,4.4
TWST,112.54,3.17,22.93,6.8,Healthcare,Diagnostics & Research,28.16,66.0,Bull,1.95,24.16,0.04,69.5,4.45
SNOW,324.32,1.99,10.58,110.2,Technology,Software - Application,25.41,79.3,Bull,3.42,24.05,0.04,69.4,4.51
PPTA,24.58,7.64,33.49,2.9,Basic Materials,Other Precious Metals & Mining,14.06,69.2,Bull,0.93,26.41,0.1,69.3,4.71
GENI,7.72,-1.34,11.47,2.0,Communication Services,Internet Content & Information,18.32,61.7,Bull,0.1,24.8,0.04,69.3,4.7
SBSW,10.85,9.71,22.74,7.0,Basic Materials,Other Precious Metals & Mining,12.89,70.9,Bull,0.3,26.9,0.1,69.2,
REPL,12.86,8.71,137.71,1.1,Healthcare,Biotechnology,37.78,63.8,Bull,0.39,15.75,1.0,69.1,3.75
QTWO,64.32,1.49,5.66,4.0,Technology,Software - Application,19.4,73.4,Bull,0.51,24.09,0.01,68.9,4.42
APPN,31.26,2.8,15.95,2.2,Technology,Software - Infrastructure,23.99,69.4,Bull,0.5,23.26,0.07,68.8,3.14
SLNHP,11.85,6.04,12.27,1.7,Financial Services,Capital Markets,14.2,65.1,Bull,0.21,17.63,1.07,68.7,
IDCC,331.9,1.06,8.88,8.5,Technology,Software - Application,16.21,78.0,Bull,7.81,25.3,0.01,68.5,5.0
FA,24.12,17.32,20.3,4.1,Industrials,Specialty Business Services,28.25,70.5,Bull,0.05,24.33,2.4,68.0,3.7
HNI,49.05,0.33,8.98,3.5,Consumer Cyclical,"Furnishings, Fixtures & Appliances",21.01,78.4,Bull,0.49,22.78,0.02,67.9,5.0
WIX,63.16,3.75,14.77,3.4,Technology,Software - Infrastructure,13.46,60.9,Bull,0.97,25.97,0.01,67.8,3.86
KNSA,77.79,1.67,4.63,6.0,Healthcare,Drug Manufacturers - Specialty & Generic,21.61,65.7,Bull,0.54,22.61,0.01,67.7,4.88
HBM,27.17,3.25,19.41,11.7,Basic Materials,Copper,13.62,67.5,Bull,0.68,25.53,0.03,67.6,4.57
RDW,12.72,7.52,47.56,2.8,Industrials,Aerospace & Defense,13.88,63.9,Bull,0.62,24.95,0.08,67.6,4.22
AGM,236.92,-0.17,7.54,2.6,Financial Services,Credit Services,17.36,77.6,Bull,2.49,18.54,0.62,67.4,4.5
CXM,6.78,2.57,6.6,1.5,Technology,Software - Application,16.88,71.0,Bull,0.06,23.72,0.01,67.3,
ACN,172.21,0.64,3.79,114.2,Technology,Information Technology Services,9.74,66.1,Bull,2.6,27.34,0.02,67.3,3.93
FRPT,66.95,0.34,12.45,3.2,Consumer Defensive,Packaged Foods,14.42,63.8,Bull,0.89,24.87,0.01,67.2,4.35
PATH,14.25,1.79,11.68,7.3,Technology,Software - Infrastructure,20.4,70.2,Bull,0.24,22.0,0.01,67.1,3.2
BLFS,34.4,1.39,9.97,1.7,Healthcare,Medical Instruments & Supplies,19.87,73.7,Bull,0.26,22.07,0.01,67.1,3.44
OWL,11.55,0.79,12.14,17.9,Financial Services,Asset Management,17.13,74.7,Bull,0.22,23.4,0.01,67.1,4.06
NET,319.78,12.43,14.62,100.5,Technology,Software - Infrastructure,23.47,70.7,Bull,2.63,19.14,0.32,66.8,4.12
NVA,5.62,3.17,27.21,2.5,Basic Materials,Other Industrial Metals & Mining,6.51,60.2,Bull,0.17,27.49,0.13,66.8,
DCO,202.27,0.4,12.99,3.0,Industrials,Aerospace & Defense,17.91,68.7,Bull,2.35,22.55,0.02,66.7,4.6
ADMA,10.06,8.64,16.03,2.3,Healthcare,Biotechnology,12.37,72.4,Bull,0.12,8.52,2.04,66.7,4.4
AVEX,20.97,-2.41,26.11,2.5,Industrials,Aerospace & Defense,7.96,61.4,Bull,0.98,27.41,0.04,66.7,
VSNT,38.22,6.79,6.49,5.4,Communication Services,Entertainment,2.89,58.6,Bull,0.25,6.73,2.77,66.2,3.57
HALO,91.99,7.26,11.44,10.2,Healthcare,Biotechnology,18.77,80.6,Bull,0.6,20.72,0.13,66.2,
SVM,11.76,8.95,25.6,2.4,Basic Materials,Silver,12.79,66.8,Bull,0.3,23.49,0.12,65.9,4.67
CNR,89.98,7.53,10.91,4.5,Energy,Thermal Coal,6.45,62.8,Bull,0.59,11.1,1.99,65.9,5.0
JHX,29.95,6.98,13.94,16.2,Basic Materials,Building Materials,18.15,71.5,Bull,0.27,20.84,0.12,65.9,4.75
URGN,46.44,1.83,21.43,2.2,Healthcare,Biotechnology,25.39,68.6,Bull,0.24,20.42,0.03,65.7,4.62
PRGO,12.53,-0.08,23.94,1.7,Healthcare,Drug Manufacturers - Specialty & Generic,16.16,66.2,Bull,0.28,22.6,0.01,65.7,3.6
GTLB,38.79,8.72,12.4,6.0,N/A,N/A,23.09,70.5,Bull,0.38,19.65,0.11,65.6,
MLI,69.46,0.29,3.89,15.4,N/A,N/A,8.82,69.6,Bull,0.93,20.05,0.74,65.6,
ZETA,25.78,0.86,19.35,6.4,N/A,N/A,21.31,66.0,Bull,0.52,19.96,0.08,65.6,
AWI,183.97,-1.13,5.7,7.8,N/A,N/A,11.94,71.1,Bull,2.5,19.61,0.59,65.5,
W,107.29,3.09,26.37,14.3,N/A,N/A,21.83,61.9,Bull,1.84,20.24,0.02,65.4,
SKE,33.06,7.15,24.4,3.8,N/A,N/A,17.39,68.7,Bull,0.7,21.38,0.04,65.4,
WTS,377.12,3.65,9.59,12.6,N/A,N/A,10.34,68.5,Bull,2.35,8.37,2.01,65.3,
DDS,617.07,0.08,2.45,9.6,N/A,N/A,7.62,64.8,Bull,6.23,20.9,0.68,65.3,
LILA,8.7,3.82,7.41,1.7,N/A,N/A,22.59,72.0,Bull,0.03,19.02,1.45,65.2,
HLNE,99.64,1.22,12.07,5.4,N/A,N/A,13.82,70.4,Bull,1.53,22.88,0.05,65.2,
AEM,180.23,7.33,24.07,85.2,N/A,N/A,13.38,72.9,Bull,4.5,22.71,0.08,65.1,
LDOS,132.79,-1.83,14.87,17.0,N/A,N/A,11.83,68.7,Bull,2.84,24.08,0.01,65.1,
ELF,92.01,-0.32,11.0,5.5,N/A,N/A,23.37,71.6,Bull,0.72,19.88,0.02,65.0,
DLB,61.44,0.85,4.46,5.7,N/A,N/A,13.12,75.7,Bull,1.3,23.36,0.0,65.0,
ROCK,51.22,0.87,21.2,1.5,N/A,N/A,17.06,63.3,Bull,0.74,21.32,0.02,65.0,
SHOP,146.71,-0.5,25.23,191.1,N/A,N/A,20.63,68.6,Bull,2.48,19.72,0.02,64.9,
ORIC,13.0,0.54,17.43,1.3,N/A,N/A,21.36,63.8,Bull,0.12,19.82,0.01,64.9,
WPM,134.55,7.38,23.41,56.9,N/A,N/A,14.74,72.7,Bull,2.87,22.26,0.03,64.9,
ESTC,72.6,3.79,10.35,7.3,N/A,N/A,18.29,72.8,Bull,1.02,20.52,0.02,64.8,
ALLE,167.33,-0.81,6.31,14.3,N/A,N/A,14.51,75.2,Bull,1.51,22.47,0.01,64.8,
FIVN,30.07,5.99,9.3,2.2,N/A,N/A,23.41,67.6,Bull,0.33,18.29,0.17,64.7,
SPSC,73.52,2.15,0.18,2.6,N/A,N/A,16.75,65.0,Bull,0.57,20.82,0.05,64.6,
GFI,41.29,10.58,27.36,33.4,N/A,N/A,15.08,72.3,Bull,0.99,20.94,0.12,64.5,
CRON,3.07,12.87,6.23,1.2,N/A,N/A,10.64,67.8,Bull,0.01,10.43,5.08,64.5,
NHPAP,25.15,7.92,8.38,1.8,N/A,N/A,10.94,88.3,Bull,0.09,8.85,13.84,64.5,
KAI,334.64,-0.74,8.72,4.0,N/A,N/A,7.51,64.5,Bull,3.27,15.53,1.21,64.4,
PGY,21.44,0.09,11.26,1.8,N/A,N/A,24.26,67.2,Bull,0.44,19.18,0.03,64.4,
INSP,58.89,-2.0,17.73,1.7,N/A,N/A,17.61,63.5,Bull,0.81,14.31,0.75,64.3,
MHK,133.49,0.81,8.44,9.0,N/A,N/A,15.5,67.9,Bull,2.14,21.39,0.02,64.3,
TIC,9.12,5.06,24.75,1.9,N/A,N/A,15.63,72.6,Bull,0.25,21.11,0.03,64.2,
AZTA,30.58,-0.52,8.71,1.3,N/A,N/A,16.64,65.6,Bull,0.21,20.58,0.03,64.2,
WK,63.25,1.93,5.77,3.4,N/A,N/A,15.25,68.5,Bull,0.53,21.24,0.02,64.0,
FOX,55.37,6.07,5.79,23.3,N/A,N/A,6.36,65.3,Bull,0.49,14.31,1.37,63.9,
GLOB,37.57,0.86,2.65,1.6,N/A,N/A,6.23,60.6,Bull,0.6,25.4,0.02,63.7,
TOST,34.97,0.72,8.37,20.1,N/A,N/A,18.41,74.1,Bull,0.29,19.27,0.01,63.6,
TFPM,34.06,6.07,18.39,6.6,N/A,N/A,13.62,72.3,Bull,0.59,21.21,0.07,63.6,
FSM,10.27,7.43,21.83,2.9,N/A,N/A,14.66,70.8,Bull,0.2,20.54,0.07,63.4,
NG,7.34,6.38,25.9,3.0,N/A,N/A,9.37,65.9,Bull,0.22,22.95,0.09,63.3,
BDC,129.73,0.42,4.58,5.0,N/A,N/A,13.98,70.5,Bull,3.06,21.29,0.01,63.3,
BVS,13.97,-0.07,6.07,1.2,N/A,N/A,21.39,63.9,Bull,0.1,17.59,0.08,63.3,
DOX,59.12,6.93,6.95,6.4,N/A,N/A,6.71,65.1,Bull,0.69,13.71,1.33,63.2,
NRP,104.95,-0.05,6.4,1.4,N/A,N/A,3.38,66.7,Bull,0.92,4.64,2.61,63.1,
KWR,167.31,-2.17,8.0,2.9,N/A,N/A,9.98,62.6,Bull,1.95,13.97,1.1,63.1,
MMSI,87.62,-0.08,3.07,5.2,N/A,N/A,17.5,80.8,Bull,0.89,19.31,0.01,63.1,
LBRDA,37.09,2.97,11.28,5.3,N/A,N/A,9.94,68.6,Bull,0.74,17.56,0.65,63.0,
ELVN,60.25,-0.03,9.93,4.4,N/A,N/A,19.89,70.3,Bull,0.47,17.93,0.01,63.0,
QLYS,179.45,-1.28,23.97,6.3,N/A,N/A,30.18,71.5,Bull,3.27,17.53,0.03,62.8,
VCTR,106.79,6.82,8.44,6.7,N/A,N/A,15.71,68.9,Bull,0.29,19.44,1.99,62.8,
FIVE,230.62,-0.22,6.21,12.8,N/A,N/A,11.76,76.5,Bull,2.73,21.77,0.02,62.8,
S,21.19,2.08,11.19,7.1,N/A,N/A,18.02,69.6,Bull,0.2,18.53,0.03,62.8,
ONDS,9.01,3.11,20.31,5.0,N/A,N/A,6.76,59.3,Bull,0.25,24.13,0.03,62.8,
SOUN,7.08,10.11,15.31,3.1,N/A,N/A,4.13,59.4,Bull,0.1,5.99,2.35,62.6,
LBRDK,37.04,2.92,11.03,5.3,N/A,N/A,9.7,68.4,Bull,0.73,17.25,0.66,62.6,
SN,179.35,-0.32,10.87,25.3,N/A,N/A,21.53,74.9,Bull,2.16,17.49,0.02,62.6,
ITRI,102.53,-0.28,2.88,4.5,N/A,N/A,13.94,65.1,Bull,1.18,20.48,0.01,62.5,
DBX,34.51,-0.09,5.99,8.1,N/A,N/A,16.39,70.2,Bull,0.32,18.23,0.12,62.4,
GWRE,163.23,2.0,7.43,13.3,N/A,N/A,14.74,63.6,Bull,0.97,19.9,0.01,62.4,
STGW,9.15,0.33,8.28,2.2,N/A,N/A,20.95,75.1,Bull,0.13,17.16,0.02,62.3,
DCH,6.27,10.58,10.97,1.3,N/A,N/A,8.74,61.3,Bull,0.08,22.22,0.07,62.2,
DOCU,58.52,2.85,6.73,10.9,N/A,N/A,15.51,65.7,Bull,0.43,18.99,0.05,62.2,
IE,11.19,4.63,22.35,1.7,N/A,N/A,8.7,65.8,Bull,0.33,22.62,0.02,62.1,
NTRA,311.25,17.28,16.24,38.0,Healthcare,Diagnostics & Research,22.33,72.0,Bull,1.9,15.3,0.21,62.1,4.5
B,43.72,5.69,19.04,69.3,N/A,N/A,13.28,71.9,Bull,0.83,19.21,0.15,62.1,
HYMC,26.13,9.79,33.79,2.2,N/A,N/A,6.65,62.8,Bull,0.91,22.22,0.19,62.1,
EQX,11.71,9.03,30.84,8.5,N/A,N/A,12.64,69.2,Bull,0.32,19.98,0.08,62.0,
DCI,98.34,1.12,6.13,11.4,N/A,N/A,8.77,69.5,Bull,0.52,11.09,1.39,62.0,
PBT,31.52,0.16,6.45,1.5,N/A,N/A,12.74,60.2,Bull,0.32,20.48,0.01,61.9,
TX,53.11,2.35,7.86,10.2,N/A,N/A,13.57,70.3,Bull,0.66,19.89,0.03,61.9,
ANDG,50.14,2.33,5.94,5.5,N/A,N/A,20.32,69.9,Bull,0.34,16.79,0.01,61.9,
BTG,4.57,11.61,21.73,5.5,N/A,N/A,11.88,70.0,Bull,0.08,18.57,0.28,61.9,
VZLA,3.76,6.37,19.59,1.2,N/A,N/A,11.86,64.0,Bull,0.06,19.97,0.11,61.8,
SA,31.12,7.29,20.59,3.1,N/A,N/A,12.81,65.7,Bull,0.64,19.8,0.06,61.7,
MTRN,299.46,7.62,42.03,5.8,N/A,N/A,24.81,64.2,Bull,7.51,16.22,0.05,61.6,
RAPP,46.35,9.21,8.35,2.2,N/A,N/A,16.13,65.4,Bull,0.22,10.23,1.27,61.6,
DEO,97.06,4.59,10.22,51.7,N/A,N/A,14.7,75.4,Bull,0.9,18.32,0.12,61.6,
BAX,26.64,-1.37,1.83,14.0,N/A,N/A,17.42,64.2,Bull,0.26,17.77,0.01,61.6,
BOW,33.87,0.74,11.23,1.1,N/A,N/A,13.39,66.1,Bull,0.22,4.86,1.78,61.4,
BKNG,211.01,1.75,9.39,155.8,N/A,N/A,15.6,71.5,Bull,2.19,18.29,0.03,61.3,
HAWK,24.58,-0.53,15.94,2.4,N/A,N/A,6.15,61.3,Bull,0.83,22.9,0.02,61.2,
SSNC,79.81,-0.04,3.58,18.7,N/A,N/A,12.1,69.2,Bull,0.62,19.8,0.05,61.2,
AU,96.25,9.89,21.34,44.3,N/A,N/A,13.48,68.4,Bull,1.91,17.24,0.26,61.1,
KTOS,58.3,1.55,25.11,10.8,N/A,N/A,9.66,64.6,Bull,1.52,20.98,0.03,61.1,
KD,14.27,1.97,5.28,3.0,N/A,N/A,13.38,64.2,Bull,0.15,19.17,0.02,61.0,
FNV,245.46,6.22,15.28,44.6,N/A,N/A,12.4,72.1,Bull,3.62,19.43,0.04,61.0,
ESAB,94.51,2.21,10.42,5.8,N/A,N/A,2.98,56.8,Bull,1.18,8.26,1.94,60.9,
CNXC,26.62,1.06,8.21,1.6,N/A,N/A,7.27,58.9,Bull,0.32,21.91,0.02,60.7,
ABNB,169.01,11.46,11.55,91.4,N/A,N/A,16.57,74.8,Bull,1.35,13.72,0.44,60.6,
AXTA,38.44,2.4,7.34,8.0,N/A,N/A,14.43,71.0,Bull,0.47,18.24,0.02,60.6,
ELE,18.82,5.55,20.1,1.1,N/A,N/A,14.11,67.7,Bull,0.37,17.55,0.11,60.5,
VNT,35.08,-0.55,9.2,5.0,N/A,N/A,12.09,74.6,Bull,0.41,19.26,0.01,60.4,
ADBE,265.4,1.98,5.99,103.4,N/A,N/A,12.36,66.1,Bull,2.8,18.67,0.04,60.2,
PRLB,87.98,0.08,17.23,2.1,N/A,N/A,13.65,65.2,Bull,1.37,18.25,0.01,60.2,
GFF,106.5,0.19,23.59,4.8,N/A,N/A,16.16,71.0,Bull,1.86,16.89,0.02,60.1,
NSSC,40.92,1.44,12.51,1.5,N/A,N/A,8.64,71.6,Bull,0.57,13.38,0.88,60.1,
NUE,270.68,-0.48,5.21,61.9,N/A,N/A,11.34,67.3,Bull,2.88,19.05,0.05,60.1,
ZS,165.02,1.49,9.14,26.3,N/A,N/A,12.19,65.5,Bull,1.57,18.49,0.04,59.9,
TGB,8.47,2.79,25.11,3.0,N/A,N/A,17.11,64.0,Bull,0.15,16.03,0.02,59.8,
ROAD,115.19,15.01,11.46,5.7,Industrials,Engineering & Construction,5.61,59.9,Bull,1.18,21.39,0.06,59.7,
APAM,43.21,0.36,10.1,3.5,N/A,N/A,12.16,72.6,Bull,0.32,18.4,0.02,59.6,
TRUP,28.16,15.46,15.03,1.2,Financial Services,Insurance - Property & Casualty,12.41,64.1,Bull,0.08,8.98,4.68,59.6,3.83
HPQ,28.41,0.82,4.18,25.8,N/A,N/A,14.07,64.5,Bull,0.19,17.3,0.02,59.5,
WTW,338.27,-0.51,0.7,31.6,N/A,N/A,14.84,76.0,Bull,2.46,16.79,0.02,59.4,
SXI,337.63,3.42,17.54,4.1,N/A,N/A,11.36,62.9,Bull,3.43,9.04,1.16,59.4,
EXK,9.48,7.36,26.06,2.6,N/A,N/A,12.22,65.2,Bull,0.2,17.33,0.1,59.3,
ANF,108.5,-1.79,9.0,4.9,N/A,N/A,15.06,65.1,Bull,0.95,16.58,0.01,59.2,
ADSK,246.93,1.84,5.43,51.2,N/A,N/A,10.93,68.0,Bull,2.48,18.46,0.01,59.0,
NTSK,14.11,4.71,12.11,5.4,N/A,N/A,18.53,64.0,Bull,0.11,14.57,0.02,59.0,
BOBS,18.09,0.17,8.52,2.4,N/A,N/A,16.56,63.0,Bull,0.16,15.59,0.01,59.0,
AVLN,33.0,0.92,14.62,1.4,N/A,N/A,12.79,64.9,Bull,0.56,17.61,0.0,59.0,
CHTR,156.5,-0.6,7.95,18.8,N/A,N/A,8.29,67.0,Bull,3.02,19.71,0.0,58.9,
MORN,195.96,-0.31,1.76,7.4,N/A,N/A,10.18,64.1,Bull,1.62,18.63,0.01,58.8,
NEM,111.5,5.76,18.98,111.1,N/A,N/A,12.32,71.1,Bull,2.21,17.01,0.07,58.8,
HLMN,9.11,0.4,15.71,1.8,N/A,N/A,11.68,64.8,Bull,0.13,17.8,0.01,58.7,
IAG,17.87,11.48,25.93,9.3,N/A,N/A,13.04,68.9,Bull,0.37,16.64,0.05,58.6,
SHAK,69.56,-0.97,10.85,3.0,N/A,N/A,9.51,64.5,Bull,1.33,18.7,0.01,58.6,
NGL,17.28,-0.4,5.43,2.2,N/A,N/A,9.32,63.3,Bull,0.21,18.76,0.02,58.6,
MDB,391.17,5.72,15.91,29.8,N/A,N/A,17.36,68.2,Bull,8.24,14.35,0.04,58.4,
ECO,63.51,-0.42,5.27,2.5,N/A,N/A,14.61,68.3,Bull,0.44,15.6,0.07,58.4,
NWL,5.97,-0.91,6.52,2.6,N/A,N/A,15.73,60.6,Bull,0.07,15.38,0.02,58.4,
CRM,192.62,3.13,4.67,153.0,N/A,N/A,10.09,62.5,Bull,2.0,17.94,0.04,58.3,
NTAP,192.35,0.45,7.76,37.6,N/A,N/A,18.27,70.8,Bull,1.94,13.9,0.02,58.2,
OCSL,12.72,5.47,8.63,1.1,N/A,N/A,7.02,65.7,Bull,0.05,7.43,2.22,58.2,
DT,50.24,2.81,13.37,14.1,N/A,N/A,15.73,68.3,Bull,0.68,15.03,0.03,58.2,
FSLY,22.95,1.19,1.28,3.6,N/A,N/A,11.12,57.6,Bull,0.26,17.15,0.04,58.1,
OLLI,78.18,0.27,6.41,4.7,N/A,N/A,5.18,66.3,Bull,1.59,20.46,0.0,58.1,
LNC,46.02,-1.39,0.9,8.9,N/A,N/A,14.04,67.5,Bull,0.26,15.83,0.02,58.0,
ARLO,15.12,-2.26,2.72,1.7,N/A,N/A,10.02,62.5,Bull,0.19,16.31,0.19,57.9,
PONY,8.03,3.21,2.03,3.4,N/A,N/A,1.49,59.0,Bull,0.12,21.85,0.04,57.9,
MWA,27.09,2.57,8.58,4.2,N/A,N/A,5.21,64.5,Bull,0.23,8.75,1.39,57.9,
SBGI,14.76,6.11,7.19,1.1,N/A,N/A,4.95,59.7,Bull,0.06,1.51,2.85,57.8,
BIO,345.11,0.78,6.03,9.2,N/A,N/A,12.49,71.2,Bull,2.56,16.55,0.01,57.8,
AAMI,93.27,1.87,7.84,3.3,N/A,N/A,17.14,72.5,Bull,0.86,14.22,0.0,57.8,
EHC,124.82,12.55,12.56,12.4,N/A,N/A,14.92,74.0,Bull,0.35,12.43,2.22,57.8,
PS,37.61,3.78,12.03,15.0,N/A,N/A,10.49,62.0,Bull,0.33,6.86,1.28,57.8,
INTU,327.89,1.86,3.74,88.1,N/A,N/A,6.15,62.2,Bull,3.11,19.25,0.05,57.7,
AVAV,172.78,0.97,15.67,8.7,N/A,N/A,5.91,59.4,Bull,3.51,19.5,0.02,57.6,
ARIS,17.07,8.59,27.77,3.2,N/A,N/A,9.93,64.4,Bull,0.33,17.24,0.05,57.6,
AUGO,70.1,6.8,28.45,5.5,N/A,N/A,12.3,65.9,Bull,2.04,15.27,0.13,57.5,
WOR,57.89,-1.41,4.03,2.8,N/A,N/A,3.36,57.3,Bull,0.38,9.72,1.33,57.5,
ALKT,19.98,1.47,9.96,2.1,N/A,N/A,13.88,67.5,Bull,0.2,15.16,0.01,57.2,
REGN,770.91,-0.16,1.09,79.5,N/A,N/A,12.29,77.7,Bull,8.57,16.01,0.01,57.2,
WF,70.35,0.79,0.07,17.1,N/A,N/A,9.02,66.1,Bull,0.56,14.2,0.42,57.2,
EXPE,309.38,0.91,4.97,36.8,N/A,N/A,15.48,65.7,Bull,2.49,14.23,0.03,57.2,
CRL,261.14,-1.65,12.31,12.7,N/A,N/A,19.99,71.2,Bull,2.41,11.88,0.01,57.0,
RGLD,229.54,5.24,15.72,18.5,N/A,N/A,9.89,71.4,Bull,3.85,16.62,0.05,56.9,
COHR,366.39,9.63,39.37,65.4,N/A,N/A,13.53,61.7,Bull,12.5,12.91,0.26,56.9,
ASM,6.9,8.19,29.5,1.1,N/A,N/A,11.75,62.9,Bull,0.15,14.09,0.23,56.9,
PAAS,50.94,6.01,18.16,20.2,N/A,N/A,8.5,67.2,Bull,0.97,16.65,0.12,56.9,
SVV,11.11,1.83,8.28,1.7,N/A,N/A,13.82,68.2,Bull,0.13,13.72,0.14,56.8,
ICFI,87.88,3.01,8.6,1.5,N/A,N/A,14.31,68.4,Bull,0.49,14.38,0.02,56.7,
SEPN,40.2,1.69,16.69,1.8,N/A,N/A,18.99,67.6,Bull,0.65,11.88,0.01,56.5,
BAM,53.82,1.22,11.2,87.1,N/A,N/A,12.09,73.9,Bull,0.7,15.2,0.03,56.5,
BDX,175.57,-0.85,6.01,48.8,N/A,N/A,11.46,71.0,Bull,1.45,15.55,0.03,56.5,
NOW,122.31,4.23,9.96,121.3,N/A,N/A,14.77,65.2,Bull,1.67,13.55,0.06,56.5,
CSL,385.4,0.67,7.08,15.2,N/A,N/A,8.88,62.8,Bull,5.57,16.76,0.03,56.5,
MYE,35.4,1.07,3.62,1.3,N/A,N/A,17.17,65.5,Bull,0.17,14.77,0.0,56.4,
SKY,93.0,1.62,16.82,5.0,N/A,N/A,13.48,68.9,Bull,1.13,14.49,0.02,56.4,
JOE,67.38,3.77,6.83,3.8,N/A,N/A,6.39,71.3,Bull,0.67,9.97,0.97,56.3,
VSAT,83.69,2.08,8.79,11.3,N/A,N/A,14.56,59.8,Bull,0.99,13.78,0.02,56.2,
OCTV,19.74,1.65,8.22,5.2,N/A,N/A,8.39,66.2,Bull,0.4,16.12,0.09,56.1,
GIB,74.17,2.15,1.27,17.2,N/A,N/A,8.05,63.4,Bull,0.54,10.88,0.75,56.1,
FSLR,259.23,6.18,22.84,26.2,N/A,N/A,12.7,67.3,Bull,6.92,13.78,0.11,56.1,
USAS,5.02,7.49,31.41,1.6,N/A,N/A,6.43,61.2,Bull,0.17,16.74,0.12,56.0,
HRI,169.46,0.79,12.87,5.6,N/A,N/A,14.15,63.5,Bull,1.64,13.8,0.01,56.0,
IAUX,1.6,5.31,24.09,1.3,N/A,N/A,11.81,65.3,Bull,0.03,14.34,0.1,56.0,
BKSY,27.79,10.37,23.73,1.1,N/A,N/A,1.36,58.5,Bull,0.93,8.77,1.39,56.0,
TILE,37.54,6.97,9.59,2.0,N/A,N/A,14.12,70.5,Bull,0.28,12.88,0.13,56.0,
NEU,879.79,-1.51,3.49,8.2,N/A,N/A,11.4,67.7,Bull,10.71,15.17,0.01,56.0,
FN,557.67,2.52,28.08,19.5,N/A,N/A,4.71,59.1,Bull,14.69,18.37,0.02,55.9,
SHOO,48.4,0.29,5.03,3.5,N/A,N/A,11.4,64.8,Bull,0.51,15.21,0.0,55.9,
HMC,31.84,3.61,5.75,39.9,N/A,N/A,12.68,70.6,Bull,0.16,14.0,0.07,55.9,
BVN,34.65,6.4,14.42,8.3,N/A,N/A,9.0,63.1,Bull,0.41,15.48,0.1,55.8,
SKYW,113.6,0.14,6.2,4.4,N/A,N/A,13.42,65.0,Bull,0.72,13.92,0.01,55.7,
MNDY,92.97,6.17,6.68,4.1,N/A,N/A,14.71,61.7,Bull,0.99,12.73,0.06,55.6,
WT,21.87,1.82,12.91,3.3,N/A,N/A,13.59,63.4,Bull,0.21,13.79,0.0,55.6,
NAVN,28.65,2.84,7.63,7.1,N/A,N/A,19.7,64.9,Bull,0.14,10.53,0.02,55.5,
GPK,11.9,0.24,10.89,3.5,N/A,N/A,9.39,63.3,Bull,0.09,15.75,0.01,55.5,
CRWD,210.35,1.43,10.21,211.2,N/A,N/A,15.53,64.5,Bull,1.67,12.38,0.04,55.5,
BAH,73.82,-0.15,5.88,8.9,N/A,N/A,5.41,60.9,Bull,0.8,17.62,0.01,55.4,
SWK,100.62,-0.42,6.39,15.3,N/A,N/A,12.6,65.4,Bull,0.83,14.06,0.01,55.4,
DIOD,98.72,15.34,20.39,4.5,Technology,Semiconductors,4.85,56.7,Bull,1.31,4.14,1.66,55.4,5.0
ICUI,181.84,9.3,7.91,4.2,N/A,N/A,18.32,71.9,Bull,0.73,17.76,0.04,55.4,
TWLO,233.99,21.12,18.57,29.3,Technology,Software - Infrastructure,19.3,71.4,Bull,2.28,9.06,0.2,55.4,4.38
TPR,161.95,-0.03,6.29,32.7,N/A,N/A,10.29,72.0,Bull,1.82,15.08,0.01,55.3,
LIF,61.03,2.25,12.92,4.8,N/A,N/A,15.91,60.8,Bull,0.6,11.85,0.06,55.3,
CMC,73.42,-0.37,6.84,8.2,N/A,N/A,5.95,60.6,Bull,0.87,17.21,0.01,55.3,
GKOS,173.09,1.23,3.82,10.1,N/A,N/A,16.5,75.5,Bull,0.83,13.33,0.01,55.2,
STEP,49.52,-1.61,12.9,6.1,N/A,N/A,9.07,64.4,Bull,0.89,15.27,0.04,55.2,
IMNM,26.15,1.26,14.87,2.9,N/A,N/A,16.15,73.7,Bull,0.3,11.97,0.02,55.2,
TPG,48.66,0.31,11.45,18.3,N/A,N/A,11.97,68.4,Bull,0.62,14.04,0.01,55.1,
ZM,102.89,1.57,7.1,29.7,N/A,N/A,10.38,68.2,Bull,1.52,14.63,0.02,55.0,
WLDN,83.55,13.38,21.92,1.1,N/A,N/A,6.33,62.8,Bull,1.51,15.91,0.11,55.0,
INVX,28.28,-7.87,0.73,2.1,N/A,N/A,4.82,54.4,Bull,0.39,11.05,0.79,55.0,
TVTX,63.1,1.04,12.9,5.9,N/A,N/A,16.72,69.2,Bull,0.51,11.5,0.01,54.9,
MH,11.48,-0.65,4.7,2.2,N/A,N/A,5.79,60.6,Bull,0.19,16.85,0.01,54.8,
APPF,197.59,1.79,9.65,6.9,N/A,N/A,13.94,64.0,Bull,2.07,12.53,0.01,54.6,
JXN,132.13,-0.9,8.06,9.0,N/A,N/A,12.44,67.5,Bull,0.83,13.17,0.01,54.5,
UVE,45.08,1.97,2.85,1.3,N/A,N/A,11.21,65.6,Bull,0.35,8.24,0.68,54.5,
FOXA,62.55,1.23,7.42,26.0,N/A,N/A,7.5,67.7,Bull,0.65,15.58,0.01,54.4,
ATAT,35.44,1.72,3.5,4.8,N/A,N/A,5.34,62.6,Bull,0.32,11.94,0.58,54.4,
IRTC,131.5,2.64,12.23,4.2,N/A,N/A,11.7,65.6,Bull,1.83,13.24,0.04,54.4,
NCNO,19.28,1.55,4.47,2.1,N/A,N/A,11.36,63.1,Bull,0.1,13.51,0.02,54.3,
J,143.68,-0.24,6.48,16.9,N/A,N/A,9.83,67.3,Bull,0.86,14.19,0.03,54.3,
TTAN,86.65,1.24,4.32,8.2,N/A,N/A,15.49,63.6,Bull,0.81,11.53,0.01,54.3,
ARDT,11.49,-0.82,7.73,1.7,N/A,N/A,12.21,66.0,Bull,0.06,14.04,0.01,54.1,
FCX,69.83,2.42,11.5,98.0,N/A,N/A,10.04,63.7,Bull,0.99,13.78,0.04,54.1,
RGEN,160.43,0.62,13.77,9.0,N/A,N/A,15.46,67.3,Bull,1.79,11.22,0.01,54.0,
QURE,46.4,2.28,6.34,3.1,N/A,N/A,21.27,66.1,Bull,0.42,8.83,0.02,54.0,
ULTA,538.81,0.0,5.07,23.2,N/A,N/A,8.16,70.9,Bull,5.56,14.84,0.01,54.0,
ABCL,6.53,10.3,14.76,1.9,N/A,N/A,10.96,57.1,Bull,0.05,-10.43,1.62,54.0,
P,88.02,0.87,14.06,29.0,N/A,N/A,15.62,67.1,Bull,1.67,10.95,0.02,53.9,
EMN,73.5,0.2,4.9,8.4,N/A,N/A,4.47,63.9,Bull,0.76,9.36,0.88,53.9,
BSY,36.12,2.15,1.92,10.7,N/A,N/A,9.31,62.5,Bull,0.26,14.05,0.01,53.8,
MSA,193.44,-0.27,1.67,7.5,N/A,N/A,10.47,73.1,Bull,1.85,13.38,0.01,53.7,
USLM,116.82,0.46,5.91,3.3,N/A,N/A,6.1,62.6,Bull,0.85,15.57,0.0,53.7,
CTS,66.26,-0.78,5.68,1.9,N/A,N/A,6.59,59.9,Bull,0.78,8.69,0.79,53.6,
ARES,138.21,0.03,7.9,45.6,N/A,N/A,10.29,64.4,Bull,1.61,13.46,0.0,53.6,
ESQ,131.32,-0.67,1.31,1.1,N/A,N/A,9.42,65.1,Bull,0.6,11.91,0.58,53.4,
DRD,24.14,7.38,18.22,1.9,N/A,N/A,6.29,64.0,Bull,0.47,14.41,0.09,53.3,
AMZN,276.48,1.55,1.8,2936.7,N/A,N/A,10.6,65.1,Bull,4.22,12.69,0.04,53.3,
PH,1075.46,0.53,10.13,134.9,N/A,N/A,11.92,74.4,Bull,8.69,11.88,0.03,53.1,
BBVA,28.58,1.56,2.25,160.7,N/A,N/A,12.34,68.9,Bull,0.16,11.25,0.08,53.0,
FRSH,11.83,2.07,4.18,3.0,N/A,N/A,14.19,62.3,Bull,0.05,14.19,0.02,52.9,
BABA,127.43,0.48,4.23,295.9,N/A,N/A,8.07,66.9,Bull,1.36,13.44,0.05,52.9,
DASH,211.46,-0.84,7.8,92.4,N/A,N/A,14.73,67.7,Bull,2.15,10.24,0.03,52.9,
PVLA,159.0,2.63,14.36,2.2,N/A,N/A,15.61,60.4,Bull,0.84,9.84,0.04,52.9,
DPZ,353.0,-1.51,1.6,11.9,N/A,N/A,6.81,59.3,Bull,1.59,17.88,0.01,52.8,
TARS,65.33,6.59,9.72,2.8,N/A,N/A,6.39,61.5,Bull,0.71,1.86,1.53,52.8,
JLL,364.67,0.27,2.72,16.7,N/A,N/A,10.76,65.7,Bull,2.5,12.4,0.0,52.8,
EMR,157.28,0.24,4.98,87.5,N/A,N/A,8.42,63.1,Bull,1.49,13.25,0.01,52.6,
ESLT,855.43,-0.18,5.78,39.9,N/A,N/A,6.66,62.4,Bull,9.14,13.78,0.05,52.6,
OR,33.58,4.45,12.84,6.0,N/A,N/A,5.08,66.4,Bull,0.63,14.69,0.04,52.6,
CLDX,42.4,2.02,11.4,3.3,N/A,N/A,17.97,74.0,Bull,0.51,8.41,0.01,52.5,
KC,12.28,1.07,10.13,3.6,N/A,N/A,9.56,62.5,Bull,0.34,12.56,0.02,52.5,
OTF,11.55,1.94,16.2,5.2,N/A,N/A,10.73,71.4,Bull,0.17,11.81,0.04,52.5,
CENX,51.09,11.19,14.12,4.5,N/A,N/A,3.86,61.4,Bull,0.96,14.37,0.13,52.4,
WSM,247.35,0.18,8.17,29.1,N/A,N/A,10.74,66.4,Bull,1.73,11.91,0.01,52.4,
SONY,23.5,1.73,1.03,136.5,N/A,N/A,8.89,65.5,Bull,0.13,12.71,0.02,52.3,
TTEK,34.62,-0.32,4.4,8.9,N/A,N/A,10.64,66.0,Bull,0.18,11.71,0.03,52.3,
HPE,52.8,0.71,10.23,69.4,N/A,N/A,16.38,63.2,Bull,0.58,8.78,0.03,52.3,
HGTY,13.39,-0.74,16.13,4.6,N/A,N/A,14.47,69.5,Bull,0.16,9.48,0.05,52.2,
KOD,45.4,4.1,6.82,2.8,N/A,N/A,14.9,62.9,Bull,0.14,13.27,1.1,52.1,
BCC,85.0,0.88,11.29,2.9,N/A,N/A,10.55,62.3,Bull,0.74,11.75,0.01,52.1,
WCC,375.39,0.97,9.29,18.1,N/A,N/A,9.94,63.9,Bull,5.82,12.05,0.0,52.1,
KGC,27.22,6.25,17.84,30.6,N/A,N/A,7.48,66.8,Bull,0.48,12.76,0.07,52.1,
SCCO,198.15,2.65,8.45,161.1,N/A,N/A,8.57,61.3,Bull,1.91,12.69,0.02,52.1,
TECK,66.85,1.1,10.97,32.4,N/A,N/A,10.17,64.3,Bull,1.08,11.75,0.03,52.1,
BR,165.67,0.56,7.61,18.8,N/A,N/A,9.09,64.8,Bull,1.45,12.34,0.01,52.0,
IOT,40.06,4.8,7.47,22.3,N/A,N/A,14.21,61.5,Bull,0.26,9.08,0.08,51.9,
BSBR,5.88,1.55,3.7,43.3,N/A,N/A,9.3,66.7,Bull,0.07,11.38,0.09,51.8,
GLBE,42.02,2.44,6.89,6.9,N/A,N/A,15.07,67.6,Bull,0.26,9.2,0.01,51.8,
TMDX,81.22,1.26,6.16,2.8,N/A,N/A,5.24,60.2,Bull,0.67,14.02,0.0,51.7,
EQH,52.17,1.7,7.41,14.7,N/A,N/A,13.3,69.9,Bull,0.18,12.44,1.05,51.7,
MT,73.33,0.15,4.55,55.7,N/A,N/A,10.04,64.6,Bull,0.71,10.97,0.08,51.7,
FSUN,39.7,-0.18,2.64,1.9,N/A,N/A,6.76,63.9,Bull,0.41,13.17,0.01,51.6,
CHWY,23.5,0.3,3.98,9.6,N/A,N/A,7.78,61.1,Bull,0.16,12.55,0.02,51.6,
STLD,259.0,-0.95,3.08,37.5,N/A,N/A,6.08,59.2,Bull,2.14,13.39,0.01,51.5,
FLS,79.46,1.05,4.57,10.0,N/A,N/A,7.41,63.7,Bull,1.08,12.75,0.0,51.5,
PRCH,15.8,2.33,9.34,2.0,N/A,N/A,21.55,62.8,Bull,0.25,6.4,0.01,51.4,
BLZE,18.68,3.13,36.12,1.1,N/A,N/A,45.73,66.3,Bull,0.52,6.11,0.04,51.4,
LQDT,42.01,11.91,10.06,1.3,N/A,N/A,10.82,64.6,Bull,0.09,8.89,2.58,51.4,
FBRX,76.82,-0.01,0.29,1.6,N/A,N/A,64.78,84.8,Bull,0.12,74.91,0.0,51.2,
GIL,58.98,1.39,6.5,10.8,N/A,N/A,7.66,67.5,Bull,0.91,12.34,0.0,51.2,
AI,10.04,1.83,9.37,1.5,N/A,N/A,7.41,64.0,Bull,0.19,12.18,0.03,51.1,
RH,190.68,1.44,15.2,3.6,N/A,N/A,14.2,60.7,Bull,0.78,15.32,0.01,51.1,
OGC,27.8,5.9,15.21,5.9,N/A,N/A,6.83,64.2,Bull,0.52,12.1,0.06,51.0,
ETN,451.17,0.66,8.66,174.1,N/A,N/A,10.18,63.4,Bull,6.35,10.78,0.01,51.0,
RDNT,68.16,1.64,8.73,5.4,N/A,N/A,10.41,62.9,Bull,0.5,3.37,0.88,50.9,
YUMC,48.24,0.1,0.12,16.9,N/A,N/A,7.28,70.0,Bull,0.37,12.13,0.02,50.9,
RCL,320.56,0.0,0.71,85.7,N/A,N/A,6.91,60.5,Bull,1.95,12.33,0.01,50.9,
INFY,12.4,0.28,3.03,50.1,N/A,N/A,5.09,58.7,Bull,0.1,13.3,0.01,50.9,
QRVO,95.93,0.63,5.92,8.4,N/A,N/A,5.29,62.0,Bull,1.21,11.79,0.16,50.8,
BFLY,8.44,1.65,18.66,2.2,N/A,N/A,21.5,58.9,Bull,0.11,5.72,0.01,50.8,
DAC,143.15,3.27,0.76,2.6,N/A,N/A,9.43,68.5,Bull,0.43,13.22,1.42,50.8,
LILAK,8.54,-0.23,5.82,1.7,N/A,N/A,20.01,71.0,Bull,0.03,18.12,0.0,50.7,
EMBJ,72.47,0.75,6.06,13.0,N/A,N/A,11.17,68.2,Bull,0.42,9.79,0.04,50.7,
HRB,45.71,-0.52,3.82,5.8,N/A,N/A,13.31,64.3,Bull,0.18,15.46,0.15,50.7,
LITE,882.0,5.24,23.54,65.2,N/A,N/A,9.92,58.5,Bull,20.3,9.97,0.1,50.7,
KRMN,56.37,2.23,17.07,7.3,N/A,N/A,5.7,61.8,Bull,1.21,12.72,0.01,50.7,
PICS,13.24,1.22,0.3,1.7,N/A,N/A,11.42,62.1,Bull,0.06,11.73,0.01,50.6,
SPTX,23.26,0.74,13.69,1.2,N/A,N/A,15.53,65.0,Bull,0.21,7.78,0.0,50.6,
RPM,116.4,0.65,8.71,14.8,N/A,N/A,8.32,64.0,Bull,1.12,11.34,0.01,50.6,
SXT,128.42,-0.06,4.19,5.5,N/A,N/A,8.53,63.5,Bull,1.09,11.23,0.02,50.6,
FERG,254.29,0.37,8.52,49.5,N/A,N/A,7.61,67.3,Bull,2.96,11.8,0.0,50.6,
ING,35.71,0.0,2.23,103.6,N/A,N/A,10.13,67.9,Bull,0.2,10.25,0.02,50.5,
SION,49.61,4.8,6.05,2.2,N/A,N/A,13.38,59.9,Bull,0.16,10.39,1.29,50.4,
AMGN,402.02,-0.7,4.38,218.9,N/A,N/A,9.35,67.2,Bull,2.18,10.63,0.01,50.4,
ITT,215.42,0.47,9.92,19.2,N/A,N/A,9.28,70.8,Bull,2.28,10.47,0.02,50.3,
ACAD,28.36,-0.32,9.63,4.9,N/A,N/A,13.96,69.3,Bull,0.22,8.16,0.02,50.3,
BX,135.21,1.32,6.92,99.1,N/A,N/A,8.75,62.3,Bull,0.67,10.96,0.02,50.3,
SNAP,5.24,0.48,11.83,8.8,N/A,N/A,5.71,58.2,Bull,0.1,12.07,0.03,50.2,
PBH,54.31,-0.21,8.15,2.6,N/A,N/A,7.55,65.8,Bull,0.42,11.07,0.04,50.2,
AMTM,23.66,-0.76,6.58,5.8,N/A,N/A,4.86,59.8,Bull,0.24,12.61,0.01,50.1,
ULCC,7.48,-1.32,10.81,1.7,N/A,N/A,14.33,58.0,Bull,0.15,7.78,0.02,50.1,
AGI,33.38,7.33,19.94,13.1,N/A,N/A,2.91,63.2,Bull,0.66,13.31,0.04,50.1,
FSK,11.86,-0.13,12.25,3.3,N/A,N/A,10.23,65.8,Bull,0.1,9.86,0.01,50.1,
GGG,82.52,-0.64,3.96,13.5,N/A,N/A,6.04,65.8,Bull,0.5,11.96,0.0,50.0,
GRC,84.58,-0.75,4.82,2.2,N/A,N/A,4.94,56.8,Bull,0.56,6.52,0.72,50.0,
BCPC,179.9,-0.29,7.36,5.8,N/A,N/A,7.76,72.6,Bull,1.95,10.95,0.02,50.0,
SPB,97.3,10.24,9.61,1.9,N/A,N/A,13.21,70.4,Bull,0.36,16.79,0.06,49.9,
WS,37.62,1.55,4.46,1.9,N/A,N/A,2.14,55.7,Bull,0.35,13.81,0.01,49.9,
LFUS,462.15,0.63,4.53,11.7,N/A,N/A,6.96,62.3,Bull,7.43,11.32,0.0,49.8,
VSEC,228.96,1.56,17.78,6.3,N/A,N/A,12.56,64.8,Bull,3.36,8.41,0.01,49.8,
RACE,411.89,1.13,4.58,95.3,N/A,N/A,10.19,68.2,Bull,2.74,9.36,0.05,49.8,
NHP,16.83,4.99,9.57,1.2,N/A,N/A,12.27,67.9,Bull,0.01,13.88,4.32,49.7,
TSCO,33.94,-0.43,10.32,17.9,N/A,N/A,5.99,65.8,Bull,0.41,11.55,0.01,49.7,
AIR,148.03,1.11,5.71,5.9,N/A,N/A,11.16,61.7,Bull,1.0,9.11,0.0,49.7,
IOSP,90.35,-1.29,5.08,2.3,N/A,N/A,7.9,67.0,Bull,0.6,10.69,0.01,49.7,
URBN,77.0,-0.86,3.8,6.7,N/A,N/A,5.27,57.6,Bull,0.46,11.87,0.01,49.6,
RIO,101.03,1.38,4.32,125.2,N/A,N/A,4.85,62.9,Bull,1.31,11.59,0.05,49.5,
FAST,50.85,0.1,6.58,58.3,N/A,N/A,8.76,69.5,Bull,0.47,9.98,0.01,49.5,
IVZ,31.69,-0.01,7.05,14.0,N/A,N/A,9.83,63.5,Bull,0.17,9.34,0.03,49.5,
JBIO,22.24,2.49,11.2,1.1,N/A,N/A,9.26,60.4,Bull,0.18,-1.07,1.18,49.4,
AG,18.62,7.75,23.89,8.5,N/A,N/A,6.78,61.3,Bull,0.33,9.85,0.12,49.3,
CENTA,40.6,5.32,6.62,2.5,N/A,N/A,8.43,67.5,Bull,0.09,7.86,2.52,49.3,
COMP,12.86,2.23,12.91,9.4,N/A,N/A,17.44,63.7,Bull,0.06,9.73,0.02,49.2,
TRMB,58.69,0.24,3.73,13.6,N/A,N/A,5.92,62.7,Bull,0.49,11.11,0.01,49.2,
RBRK,88.48,4.59,22.28,17.4,N/A,N/A,17.63,67.4,Bull,1.25,4.86,0.06,49.2,
GOLD,43.65,3.88,5.54,1.2,N/A,N/A,4.56,59.1,Bull,0.43,10.65,0.15,49.2,
SWKS,67.62,1.17,8.57,10.1,N/A,N/A,4.18,58.4,Bull,1.09,11.99,0.0,49.1,
PANW,362.42,0.82,9.22,293.0,N/A,N/A,16.22,63.8,Bull,1.52,11.2,0.05,49.1,
IBP,247.73,2.38,11.12,6.5,N/A,N/A,7.5,63.8,Bull,1.8,10.04,0.02,49.0,
TFX,138.89,1.54,4.98,6.1,N/A,N/A,5.25,58.5,Bull,0.44,3.62,2.5,49.0,
SHW,364.87,0.4,7.05,88.2,N/A,N/A,9.11,63.6,Bull,3.48,9.25,0.02,48.9,
IVA,4.88,4.72,8.93,1.1,N/A,N/A,8.83,61.5,Bull,0.02,13.49,0.06,48.9,
CLX,105.87,0.25,10.82,12.8,N/A,N/A,8.21,66.0,Bull,1.01,9.64,0.01,48.8,
ACHR,5.32,1.72,14.66,4.0,N/A,N/A,2.17,55.6,Bull,0.08,12.47,0.02,48.7,
AAOI,130.59,5.13,38.45,10.0,N/A,N/A,2.55,55.2,Bull,5.81,8.9,0.42,48.7,
TDW,80.78,-0.97,7.62,4.1,N/A,N/A,7.13,57.3,Bull,0.53,10.1,0.01,48.7,
PKX,58.39,4.12,9.82,18.2,N/A,N/A,2.72,60.8,Bull,1.06,11.69,0.06,48.6,
NWS,33.69,-0.53,7.74,18.5,N/A,N/A,8.97,64.1,Bull,0.21,8.92,0.01,48.5,
TSLX,18.77,0.43,9.38,1.8,N/A,N/A,8.14,68.8,Bull,0.17,9.19,0.02,48.5,
KN,40.39,2.54,10.39,3.4,N/A,N/A,8.94,59.7,Bull,0.48,9.01,0.01,48.5,
ROP,400.0,0.74,2.05,39.3,N/A,N/A,10.6,65.9,Bull,1.75,12.39,0.03,48.5,
OUST,45.59,0.02,16.87,3.1,N/A,N/A,14.19,56.2,Bull,1.26,5.34,0.12,48.4,
BLK,1135.94,0.59,4.18,175.3,N/A,N/A,7.47,65.6,Bull,6.17,9.64,0.01,48.4,
SLM,27.11,-1.09,4.27,5.2,N/A,N/A,9.38,63.7,Bull,0.15,8.61,0.01,48.4,
LECO,277.0,-0.68,6.0,15.2,N/A,N/A,5.9,61.6,Bull,3.13,10.37,0.01,48.4,
GMED,85.93,5.98,9.06,11.0,N/A,N/A,6.81,63.5,Bull,0.76,10.01,0.0,48.4,
OSIS,238.71,0.68,7.82,3.9,N/A,N/A,6.16,67.7,Bull,2.9,10.25,0.01,48.4,
TER,395.0,2.63,7.43,60.2,N/A,N/A,6.43,55.8,Bull,7.16,9.84,0.03,48.3,
FSS,126.99,-0.66,1.63,7.8,N/A,N/A,5.96,57.2,Bull,1.04,10.21,0.01,48.3,
AXGN,44.61,0.59,5.69,2.4,N/A,N/A,6.43,59.5,Bull,0.55,9.93,0.01,48.2,
DAKT,21.77,0.14,10.12,1.1,N/A,N/A,7.7,66.3,Bull,0.27,9.29,0.01,48.2,
ZIM,26.51,0.49,5.24,3.2,N/A,N/A,4.96,59.5,Bull,0.24,10.6,0.02,48.2,
ACM,75.61,0.91,4.45,9.6,N/A,N/A,4.64,63.6,Bull,0.61,10.78,0.01,48.2,
BHP,89.49,1.81,5.92,223.3,N/A,N/A,6.48,61.4,Bull,0.73,9.56,0.05,48.2,
IFF,84.44,-0.13,6.59,21.6,N/A,N/A,8.25,61.8,Bull,0.83,8.91,0.01,48.1,
CG,49.04,0.34,6.57,17.6,N/A,N/A,6.54,61.4,Bull,0.43,9.7,0.01,48.1,
AUR,6.93,2.21,7.44,13.6,N/A,N/A,8.87,57.7,Bull,0.09,8.62,0.01,48.1,
STRC,94.86,0.85,6.04,36.1,N/A,N/A,6.05,67.5,Bull,1.0,9.67,0.03,48.0,
SAN,14.89,1.6,5.57,215.2,N/A,N/A,10.07,66.1,Bull,0.09,7.32,0.08,48.0,
MMED,18.62,1.09,3.16,5.2,N/A,N/A,16.06,66.5,Bull,0.05,21.78,0.0,48.0,
RTX,222.48,-0.34,3.37,300.9,N/A,N/A,11.29,74.7,Bull,0.91,13.55,0.01,48.0,
NXE,10.59,3.52,15.74,6.9,N/A,N/A,6.54,64.0,Bull,0.2,9.51,0.03,48.0,
OPCH,23.66,0.13,2.74,3.5,N/A,N/A,5.2,61.7,Bull,0.16,9.69,0.07,47.9,
RITM,10.03,0.92,1.53,5.6,N/A,N/A,6.61,63.4,Bull,0.06,9.27,0.04,47.9,
WGS,70.4,1.17,8.13,2.1,N/A,N/A,11.05,59.1,Bull,0.63,7.26,0.02,47.9,
TROX,6.86,-1.22,17.55,1.1,N/A,N/A,1.94,58.1,Bull,0.12,11.81,0.01,47.9,
CAAP,26.14,0.54,0.11,4.3,N/A,N/A,2.01,55.2,Bull,0.12,7.13,0.85,47.8,
DMC,31.31,4.72,5.39,1.4,N/A,N/A,3.58,66.4,Bull,0.27,10.64,0.03,47.6,
FND,61.28,2.15,6.44,6.4,N/A,N/A,10.43,60.9,Bull,0.57,7.26,0.02,47.6,
SUNB,81.21,0.36,12.92,33.2,N/A,N/A,7.87,63.4,Bull,0.96,8.52,0.02,47.6,
APH,171.1,0.29,6.47,210.4,N/A,N/A,9.56,62.5,Bull,1.95,7.57,0.03,47.6,
EYE,22.25,-0.97,0.96,1.8,N/A,N/A,8.54,62.9,Bull,0.09,13.82,0.01,47.6,
MUX,19.57,7.19,13.2,1.1,N/A,N/A,4.2,58.2,Bull,0.32,9.46,0.13,47.6,
PFE,26.12,-0.29,4.46,149.3,N/A,N/A,4.85,68.9,Bull,0.18,9.98,0.03,47.6,
HCM,12.09,2.2,8.63,2.1,N/A,N/A,5.39,63.3,Bull,0.1,9.21,0.08,47.5,
CNL,14.0,4.63,13.64,1.2,N/A,N/A,2.34,58.0,Bull,0.2,9.72,0.19,47.5,
VSXY,93.29,-0.25,5.19,7.4,N/A,N/A,17.4,69.1,Bull,0.26,19.05,0.01,47.5,
BBT,31.6,-0.5,3.17,2.6,N/A,N/A,4.22,60.7,Bull,0.16,5.23,0.66,47.4,
AYI,358.48,0.41,9.16,10.7,N/A,N/A,9.12,61.8,Bull,2.13,7.68,0.01,47.3,
MAN,55.34,1.75,6.67,2.6,N/A,N/A,28.76,69.1,Bear,-0.2,47.69,0.88,47.3,
NTNX,61.32,2.0,3.92,16.3,N/A,N/A,14.24,69.1,Bull,0.25,11.92,0.01,47.2,
SII,118.42,5.44,14.96,2.9,N/A,N/A,3.77,60.2,Bull,1.9,9.69,0.08,47.2,
DSGX,78.17,0.5,4.0,6.7,N/A,N/A,7.27,60.2,Bull,0.6,8.46,0.01,47.2,
TDY,689.61,0.3,5.19,31.9,N/A,N/A,6.94,68.3,Bull,4.5,8.67,0.0,47.2,
TLK,14.98,1.22,2.88,14.8,N/A,N/A,1.62,57.4,Bull,0.07,6.54,0.84,47.2,
HCC,88.06,-1.75,10.89,4.7,N/A,N/A,4.11,60.7,Bull,1.32,9.95,0.02,47.1,
DIS,104.47,-0.2,8.61,180.7,N/A,N/A,5.6,65.5,Bull,1.04,9.26,0.0,47.1,
NWSA,29.49,-0.61,7.0,16.2,N/A,N/A,8.47,63.5,Bull,0.15,7.75,0.02,47.1,
BSX,49.4,0.21,5.72,71.4,N/A,N/A,3.28,65.0,Bull,0.67,10.35,0.01,47.1,
AME,253.76,0.95,4.99,57.6,N/A,N/A,6.77,66.2,Bull,1.43,8.45,0.01,47.0,
AVGO,428.68,1.93,10.12,2000.9,N/A,N/A,9.07,65.1,Bull,5.42,7.18,0.04,47.0,
HP,36.51,-1.5,5.63,3.7,N/A,N/A,4.34,58.7,Bull,0.35,9.56,0.02,46.9,
GEHC,70.16,-0.21,3.15,31.8,N/A,N/A,6.66,61.4,Bull,0.67,8.5,0.01,46.9,
VRSN,293.89,0.46,1.33,26.4,N/A,N/A,6.12,61.6,Bull,1.88,8.8,0.01,46.9,
HLIO,82.32,-0.08,5.93,2.7,N/A,N/A,2.39,54.8,Bull,0.46,2.78,0.94,46.8,
HRMY,39.04,0.75,10.78,2.3,N/A,N/A,11.19,64.3,Bull,0.33,5.97,0.03,46.8,
URI,1170.07,0.64,8.41,72.4,N/A,N/A,9.8,63.3,Bull,8.88,6.8,0.01,46.8,
JCI,154.3,-0.16,5.21,93.6,N/A,N/A,7.22,67.7,Bull,1.43,8.05,0.01,46.7,
AEIS,334.98,3.42,15.7,13.0,N/A,N/A,5.69,56.6,Bull,6.85,8.74,0.01,46.7,
CAMT,158.57,5.95,19.71,7.0,N/A,N/A,2.05,55.1,Bull,2.25,10.28,0.04,46.7,
ANET,195.25,1.52,8.26,242.6,N/A,N/A,13.93,63.0,Bull,2.25,4.43,0.04,46.7,
DOO,64.35,0.78,4.07,4.7,N/A,N/A,5.4,61.4,Bull,0.36,8.93,0.01,46.7,
CET,55.34,0.82,5.61,13.4,N/A,N/A,4.65,68.9,Bull,0.31,5.33,0.49,46.7,
PRM,37.35,6.81,0.32,6.1,N/A,N/A,11.53,58.9,Bull,0.15,6.44,0.69,46.7,
DB,38.22,1.57,4.14,70.8,N/A,N/A,9.38,64.7,Bull,0.2,6.85,0.02,46.7,
SMTC,134.78,11.16,17.6,12.6,N/A,N/A,1.73,52.5,Bull,1.42,-1.98,1.29,46.6,
BELFB,294.47,1.75,8.27,4.2,N/A,N/A,6.61,56.3,Bull,3.77,8.06,0.03,46.6,
AVT,93.49,-3.42,5.23,7.9,N/A,N/A,7.44,58.6,Bull,0.9,7.3,0.07,46.6,
BKR,62.68,-0.11,3.62,62.3,N/A,N/A,5.03,64.8,Bull,0.69,8.9,0.01,46.5,
EC,17.4,6.16,2.11,35.8,N/A,N/A,11.58,64.9,Bull,0.05,13.06,1.05,46.5,
OLED,88.62,1.58,10.56,4.0,N/A,N/A,4.14,64.0,Bull,1.2,9.36,0.01,46.5,
WY,25.51,0.26,1.94,18.3,N/A,N/A,4.93,59.9,Bull,0.19,8.81,0.02,46.4,
GHRS,30.64,5.18,7.96,2.1,N/A,N/A,18.81,69.0,Bull,0.05,12.65,1.53,46.4,
GTES,28.53,-0.21,1.97,7.2,N/A,N/A,5.95,56.8,Bull,0.25,8.31,0.01,46.3,
LYFT,16.49,1.17,3.97,6.2,N/A,N/A,9.17,62.1,Bull,0.1,5.64,0.11,46.2,
OMF,64.76,-0.42,3.48,7.5,N/A,N/A,7.95,65.9,Bull,0.3,9.3,0.01,46.2,
WTTR,20.59,-0.53,11.18,2.9,N/A,N/A,8.31,56.3,Bull,0.13,6.96,0.01,46.2,
UFPI,92.04,0.2,6.12,5.1,N/A,N/A,4.99,60.0,Bull,0.52,8.52,0.01,46.1,
AVY,173.71,-0.16,2.35,13.2,N/A,N/A,5.68,61.1,Bull,1.19,8.09,0.02,46.1,
CYD,49.16,0.88,4.24,1.8,N/A,N/A,4.76,58.4,Bull,0.52,8.54,0.03,46.1,
ICL,5.35,1.52,5.73,6.8,N/A,N/A,1.19,57.2,Bull,0.03,10.31,0.01,46.0,
HTGC,17.13,0.46,4.31,3.2,N/A,N/A,7.37,67.9,Bull,0.1,6.98,0.04,46.0,
ZWS,51.43,-0.79,1.82,8.6,N/A,N/A,4.34,58.3,Bull,0.35,8.62,0.01,45.9,
NGVT,77.34,0.3,10.19,2.7,N/A,N/A,5.9,61.8,Bull,0.3,7.13,1.06,45.9,
XPRO,16.67,-1.85,4.55,1.9,N/A,N/A,5.97,58.1,Bull,0.11,7.86,0.01,45.9,
LEU,184.43,3.59,4.24,3.5,N/A,N/A,5.26,56.0,Bull,2.18,7.82,0.05,45.9,
SHC,19.3,2.06,8.06,5.4,N/A,N/A,11.7,71.0,Bull,0.1,4.78,0.0,45.6,
SYF,78.0,-0.85,3.36,29.3,N/A,N/A,4.8,58.1,Bull,0.49,8.14,0.01,45.6,
CENT,46.46,-0.17,7.92,2.9,N/A,N/A,8.73,66.9,Bull,0.22,8.32,0.01,45.6,
XPEL,47.88,0.41,7.9,1.3,N/A,N/A,5.28,58.9,Bull,0.61,7.61,0.03,45.5,
VSECU,56.69,3.54,11.46,1.6,N/A,N/A,9.04,62.3,Bull,0.49,3.68,0.28,45.5,
EROK,22.72,-1.65,1.47,3.0,N/A,N/A,5.18,58.2,Bull,0.15,7.52,0.05,45.5,
ECPG,97.88,5.6,4.03,2.1,N/A,N/A,10.54,62.5,Bull,0.25,6.55,1.86,45.5,
VFS,3.32,1.22,6.75,7.7,N/A,N/A,3.02,59.8,Bull,0.04,8.85,0.01,45.5,
SSRM,30.33,5.42,18.38,5.9,N/A,N/A,7.71,60.4,Bull,0.49,6.12,0.05,45.4,
SMR,9.85,4.01,16.98,4.1,N/A,N/A,2.39,57.4,Bull,0.26,8.96,0.03,45.4,
OMAB,111.21,1.46,2.89,5.4,N/A,N/A,3.77,59.1,Bull,0.55,2.66,0.75,45.4,
RS,417.55,-0.14,2.82,21.3,N/A,N/A,6.68,62.9,Bull,1.9,10.11,0.01,45.4,
NMAX,8.7,1.64,12.84,1.1,N/A,N/A,9.13,60.3,Bull,0.08,5.71,0.01,45.4,
COAG,52.16,4.13,9.88,2.4,N/A,N/A,32.47,66.3,Bear,-0.2,40.22,0.63,45.3,
WAT,399.7,0.0,5.93,39.2,N/A,N/A,7.94,64.4,Bull,2.32,6.18,0.01,45.2,
EQPT,20.29,0.84,8.21,5.1,N/A,N/A,2.6,55.8,Bull,0.34,8.79,0.0,45.1,
WIT,2.02,1.51,2.02,20.9,N/A,N/A,1.54,55.9,Bull,0.03,9.25,0.01,45.1,
FLYW,18.42,1.24,15.08,2.2,N/A,N/A,10.55,60.6,Bull,0.15,4.57,0.02,45.0,
MTX,75.32,-2.3,3.88,2.3,N/A,N/A,0.55,51.5,Bull,0.33,4.73,1.12,45.0,
NDSN,307.7,-0.41,3.33,17.2,N/A,N/A,4.92,62.8,Bull,1.56,7.36,0.01,44.9,
GEL,15.18,2.15,0.66,1.9,N/A,N/A,1.64,57.0,Bull,0.06,3.02,1.59,44.9,
CPAY,396.8,-0.37,3.84,26.0,N/A,N/A,9.27,65.6,Bull,1.58,12.2,0.01,44.7,
GMAB,31.65,6.1,9.63,3.8,N/A,N/A,12.71,74.6,Bull,0.13,9.14,0.13,44.7,
KALU,172.5,0.89,8.03,2.8,N/A,N/A,2.51,53.4,Bull,1.96,8.35,0.01,44.7,
CVNA,70.42,3.04,12.92,75.2,N/A,N/A,4.98,57.4,Bull,0.77,6.97,0.02,44.6,
ORLY,92.73,-0.69,3.78,77.4,N/A,N/A,3.88,58.9,Bull,0.67,7.48,0.01,44.5,
DLR,193.87,0.68,2.84,71.3,N/A,N/A,4.04,57.7,Bull,1.0,7.46,0.01,44.5,
ENR,22.2,3.06,5.87,1.5,N/A,N/A,7.84,60.0,Bull,0.1,8.45,0.04,44.3,
EPAC,37.44,-0.05,4.76,1.9,N/A,N/A,5.28,60.3,Bull,0.25,6.58,0.01,44.3,
TEL,215.08,0.0,4.57,62.3,N/A,N/A,3.74,58.8,Bull,1.41,7.35,0.01,44.3,
USFD,106.41,-0.52,5.79,23.6,N/A,N/A,9.76,66.7,Bull,0.52,5.38,0.01,44.3,
ALH,27.71,0.62,5.09,5.5,N/A,N/A,7.09,62.7,Bull,0.23,5.53,0.02,44.3,
STRK,65.64,0.6,10.21,25.1,N/A,N/A,2.93,60.0,Bull,0.58,7.7,0.02,44.3,
HL,16.78,5.83,18.87,10.7,N/A,N/A,5.76,59.1,Bull,0.24,6.1,0.04,44.3,
CCL,28.7,-0.31,3.2,39.4,N/A,N/A,3.86,56.7,Bull,0.28,6.97,0.04,44.2,
LH,314.6,-0.61,1.74,25.7,N/A,N/A,10.16,67.9,Bull,1.14,13.65,0.01,44.2,
CAE,26.78,0.0,3.72,8.6,N/A,N/A,3.97,63.7,Bull,0.18,4.53,0.32,44.2,
FHI,62.94,-0.49,4.97,4.7,N/A,N/A,6.87,61.7,Bull,0.43,5.71,0.01,44.2,
TREX,49.14,1.47,13.33,4.9,N/A,N/A,9.89,62.3,Bull,0.65,4.2,0.01,44.2,
MMYT,60.2,0.25,5.71,5.6,N/A,N/A,12.8,60.4,Bull,0.47,2.7,0.02,44.2,
TEVA,35.08,0.78,0.2,40.6,N/A,N/A,5.32,60.7,Bull,0.36,6.46,0.01,44.2,
NVDA,221.56,1.17,10.37,5299.6,N/A,N/A,7.71,63.0,Bull,2.34,5.02,0.04,44.2,
GERN,1.55,-0.96,20.54,1.0,N/A,N/A,10.81,59.8,Bull,0.01,3.67,0.01,44.2,
VEON,56.34,0.82,7.75,3.8,N/A,N/A,6.91,66.4,Bull,0.48,5.7,0.0,44.2,
SPHR,156.34,1.36,9.13,5.5,N/A,N/A,7.14,57.0,Bull,2.14,5.49,0.01,44.1,
JBLU,6.04,-2.42,0.17,2.3,N/A,N/A,7.95,55.3,Bull,0.06,4.86,0.03,44.1,
BKE,45.58,-0.31,4.14,2.4,N/A,N/A,1.95,57.9,Bull,0.33,7.93,0.01,44.0,
LPLA,355.18,-1.08,0.42,28.3,N/A,N/A,10.58,67.1,Bull,1.35,12.03,0.02,44.0,
DAL,91.7,-0.3,4.87,60.5,N/A,N/A,7.66,59.5,Bull,0.54,4.93,0.02,44.0,
UEC,11.28,4.83,17.5,5.3,N/A,N/A,2.98,60.4,Bull,0.27,7.12,0.05,44.0,
CMPS,13.78,1.73,21.45,1.9,N/A,N/A,15.04,62.8,Bull,0.24,1.06,0.06,44.0,
PDD,90.74,-0.13,2.46,129.3,N/A,N/A,4.27,63.8,Bull,0.62,6.58,0.03,44.0,
CHD,102.62,-0.71,3.86,24.5,N/A,N/A,4.58,61.0,Bull,0.55,6.5,0.01,43.9,
CUBI,81.44,-0.74,3.51,2.8,N/A,N/A,4.7,59.2,Bull,0.43,6.3,0.01,43.7,
DD,144.18,0.09,5.24,19.5,N/A,N/A,3.0,58.4,Bull,0.95,7.05,0.01,43.6,
KLAR,20.31,0.25,7.23,14.3,N/A,N/A,10.0,61.5,Bull,0.16,3.52,0.01,43.6,
BNT,44.67,-1.0,4.49,15.1,N/A,N/A,1.87,57.7,Bull,0.29,3.5,0.49,43.5,
SLB,51.2,-0.66,3.25,76.5,N/A,N/A,2.44,57.3,Bull,0.41,7.2,0.01,43.5,
APO,128.26,0.21,2.12,73.8,N/A,N/A,3.04,56.3,Bull,1.1,6.58,0.04,43.4,
DGX,237.57,-0.39,1.95,26.3,N/A,N/A,10.69,73.0,Bull,0.8,14.52,0.01,43.4,
RZLV,2.71,2.66,11.53,1.1,N/A,N/A,6.77,59.5,Bull,0.05,4.23,0.06,43.1,
CMCSA,25.04,-0.52,4.51,89.3,N/A,N/A,3.57,59.2,Bull,0.2,6.24,0.01,43.1,
STOK,32.59,2.07,12.92,2.1,N/A,N/A,6.03,63.0,Bull,0.41,3.86,0.13,43.0,
MAIN,57.58,1.39,5.83,5.3,N/A,N/A,7.73,67.9,Bull,0.24,8.97,0.06,43.0,
SHG,77.07,3.8,10.22,35.4,N/A,N/A,11.3,66.0,Bull,0.35,5.18,0.1,43.0,
KEYS,341.14,1.24,6.91,57.6,N/A,N/A,3.98,57.8,Bull,3.87,5.93,0.01,43.0,
GE,374.32,-0.06,3.96,388.6,N/A,N/A,7.03,60.6,Bull,1.97,4.19,0.02,42.9,
AMRC,26.45,3.52,25.53,1.4,N/A,N/A,3.5,56.4,Bull,0.78,6.05,0.02,42.9,
LPX,77.49,2.08,6.99,5.3,N/A,N/A,3.52,56.0,Bull,0.49,5.92,0.03,42.9,
OC,151.27,0.44,8.91,11.9,N/A,N/A,10.47,63.5,Bull,0.68,6.11,0.01,42.8,
BCE,22.84,0.31,5.35,21.2,N/A,N/A,1.81,60.9,Bull,0.2,6.83,0.01,42.8,
TLX,11.44,7.52,15.67,3.6,N/A,N/A,9.65,62.9,Bull,0.07,2.69,0.02,42.7,
WHR,42.89,-0.26,14.37,2.8,N/A,N/A,4.14,59.6,Bull,0.82,5.33,0.04,42.7,
ENTG,150.56,5.55,26.47,21.8,N/A,N/A,7.85,57.6,Bull,3.23,3.67,0.02,42.7,
SKM,35.15,-1.47,11.11,13.7,N/A,N/A,3.22,55.8,Bull,0.49,5.76,0.02,42.6,
SMCI,30.19,2.76,6.3,17.7,N/A,N/A,0.88,52.7,Bull,0.48,6.64,0.05,42.5,
FUL,59.34,0.29,7.31,3.2,N/A,N/A,1.71,57.6,Bull,0.61,6.6,0.01,42.5,
ATRO,75.55,-0.64,8.72,3.3,N/A,N/A,6.35,57.5,Bull,0.95,4.21,0.02,42.5,
ALMR,28.5,1.42,12.38,1.9,N/A,N/A,14.21,63.9,Bull,0.26,0.28,0.0,42.4,
GPGI,15.31,2.17,15.95,4.3,N/A,N/A,4.86,56.3,Bull,0.11,4.9,0.01,42.4,
CCC,6.61,1.69,8.54,3.8,N/A,N/A,16.86,70.5,Bull,0.02,11.66,0.01,42.3,
CDE,16.82,7.5,12.84,16.1,N/A,N/A,2.47,55.1,Bull,0.25,5.28,0.1,42.3,
HQH,22.83,1.02,3.73,1.1,N/A,N/A,8.73,73.6,Bull,0.09,3.73,0.69,42.3,
BST,48.31,-0.78,5.78,1.1,N/A,N/A,4.38,58.3,Bull,0.37,0.73,0.53,42.3,
CERT,8.18,0.62,0.99,1.2,N/A,N/A,18.99,66.2,Bull,0.01,20.83,0.03,42.3,
TMC,4.42,7.28,24.16,1.8,N/A,N/A,1.5,59.2,Bull,0.11,4.99,0.18,42.2,
FROG,90.75,9.29,13.74,10.1,N/A,N/A,12.18,58.7,Bull,0.5,0.02,0.13,42.2,
BFC,154.95,-0.87,2.42,1.7,N/A,N/A,4.85,61.8,Bull,0.59,5.65,0.92,42.2,
TTC,98.0,-0.23,6.67,9.4,N/A,N/A,4.07,59.2,Bull,0.52,5.0,0.01,42.1,
ANIP,82.63,3.44,2.74,1.9,N/A,N/A,2.46,56.2,Bull,0.24,-1.37,2.45,42.0,
EME,821.87,1.66,3.06,35.7,N/A,N/A,3.28,57.1,Bull,11.31,5.18,0.01,41.9,
WFG,70.33,0.69,8.45,5.5,N/A,N/A,4.52,57.5,Bull,0.38,4.55,0.0,41.8,
CTOS,10.93,-1.18,7.68,2.5,N/A,N/A,5.94,56.2,Bull,0.07,3.6,0.03,41.8,
JBL,345.99,0.38,9.82,36.1,N/A,N/A,3.9,57.9,Bull,5.99,4.75,0.01,41.8,
BA,231.6,-0.25,7.15,183.5,N/A,N/A,4.57,57.5,Bull,2.53,4.19,0.03,41.8,
GPCR,54.0,2.62,12.41,3.7,N/A,N/A,11.0,63.1,Bull,0.29,1.2,0.01,41.8,
IDXX,587.67,-0.39,5.12,46.5,N/A,N/A,4.3,60.3,Bull,3.63,4.28,0.02,41.6,
WAY,24.48,4.75,15.96,4.5,N/A,N/A,11.64,59.9,Bull,0.09,9.14,0.02,41.5,
HUBB,512.51,0.94,8.46,26.8,N/A,N/A,4.19,58.7,Bull,4.19,4.39,0.01,41.5,
NOC,565.37,-0.42,4.22,80.7,N/A,N/A,3.31,63.3,Bull,3.86,4.77,0.01,41.5,
COF,217.84,-0.98,4.22,135.0,N/A,N/A,6.92,61.5,Bull,0.93,8.1,0.01,41.5,
BSAC,35.7,1.28,1.8,16.8,N/A,N/A,7.24,65.8,Bull,0.11,6.79,1.23,41.5,
UAL,129.03,-0.07,6.35,41.9,N/A,N/A,7.8,57.9,Bull,0.93,2.4,0.02,41.5,
GSHD,65.81,-1.28,6.15,2.4,N/A,N/A,22.61,61.0,Bull,0.08,22.92,0.01,41.5,
LULU,125.07,0.27,5.22,13.5,N/A,N/A,2.69,61.6,Bull,1.07,4.87,0.02,41.4,
NKTR,74.39,1.29,5.27,2.5,N/A,N/A,7.1,62.7,Bull,0.34,5.73,0.01,41.4,
STN,73.2,0.12,3.84,8.3,N/A,N/A,1.01,59.7,Bull,0.6,5.7,0.02,41.4,
AUPH,16.13,6.19,7.53,2.1,N/A,N/A,2.85,56.8,Bull,0.05,-2.77,2.01,41.4,
CGNX,68.55,1.74,5.07,11.2,N/A,N/A,6.79,56.7,Bull,0.8,2.62,0.03,41.3,
ENIC,4.57,1.78,0.44,6.3,N/A,N/A,3.9,59.3,Bull,0.02,2.47,1.53,41.2,
BRZE,26.5,3.07,6.34,3.2,N/A,N/A,10.85,58.4,Bull,0.11,5.45,0.01,41.1,
ALK,50.7,0.02,6.85,5.7,N/A,N/A,6.94,57.2,Bull,0.49,2.59,0.01,41.1,
AIZ,294.47,-0.65,5.47,14.7,N/A,N/A,8.71,66.6,Bull,1.31,5.59,0.02,41.1,
LAZ,43.56,0.55,4.01,4.2,N/A,N/A,1.04,53.9,Bull,0.21,6.45,0.0,41.1,
CSIQ,15.77,1.97,4.61,1.0,N/A,N/A,1.56,54.1,Bull,0.21,5.03,0.03,41.1,
NESR,29.13,0.97,8.05,2.9,N/A,N/A,8.41,57.9,Bull,0.15,1.78,0.02,41.0,
ONTO,309.61,15.23,19.73,13.4,Technology,Semiconductor Equipment & Materials,8.57,56.1,Bull,3.7,-3.68,0.2,41.0,4.8
ECG,142.63,2.23,13.72,7.1,N/A,N/A,2.94,55.3,Bull,2.42,4.36,0.01,40.9,
LOW,220.26,0.85,5.99,122.5,N/A,N/A,1.98,57.4,Bull,1.59,4.72,0.02,40.9,
CMBT,16.55,0.85,2.41,5.2,N/A,N/A,8.74,63.4,Bull,0.07,6.29,0.14,40.9,
ROST,251.56,-1.08,0.2,81.6,N/A,N/A,7.54,65.5,Bull,0.86,12.87,0.01,40.8,
UFCS,54.4,-0.97,5.91,1.4,N/A,N/A,8.62,62.8,Bull,0.24,5.25,0.01,40.8,
UTZ,14.13,-0.21,0.07,2.0,N/A,N/A,36.47,85.1,Bull,0.0,80.46,0.0,40.8,
LTM,57.65,0.35,9.27,16.5,N/A,N/A,7.23,61.3,Bull,0.64,2.13,0.01,40.8,
BWA,67.4,2.43,5.74,13.4,N/A,N/A,3.8,58.2,Bull,0.57,3.71,0.01,40.7,
NVT,164.89,0.97,7.19,26.4,N/A,N/A,4.99,57.0,Bull,2.05,2.73,0.06,40.7,
HSY,182.46,-0.31,4.23,36.8,N/A,N/A,1.23,56.8,Bull,0.99,5.06,0.0,40.7,
SBET,6.46,2.7,5.56,1.3,N/A,N/A,7.42,58.4,Bull,0.02,17.24,0.02,40.7,
BTX,8.41,-1.29,6.46,2.0,N/A,N/A,0.87,51.6,Bull,0.06,-1.83,0.62,40.6,
QXO,15.78,3.95,18.65,15.7,N/A,N/A,0.42,56.1,Bull,0.32,5.27,0.02,40.6,
VGNT,43.03,0.49,4.06,3.0,N/A,N/A,2.72,52.2,Bull,0.29,4.19,0.01,40.6,
DRI,211.24,0.14,3.76,24.1,N/A,N/A,4.26,60.2,Bull,1.22,3.42,0.01,40.6,
NEO,15.91,2.28,4.09,2.0,N/A,N/A,18.5,61.8,Bull,0.04,12.79,0.01,40.6,
EWTX,43.54,-1.98,13.3,4.8,N/A,N/A,10.61,56.8,Bull,0.34,-4.12,0.04,40.6,
NEXA,14.6,2.1,13.62,1.9,N/A,N/A,9.86,60.8,Bull,0.22,-0.4,0.05,40.3,
NWG,19.25,1.1,1.64,78.3,N/A,N/A,9.24,63.1,Bull,0.07,8.39,0.02,40.3,
KOF,110.54,1.18,2.1,5.7,N/A,N/A,4.68,62.5,Bull,0.48,7.24,0.01,40.2,
ATAI,7.2,0.28,0.28,2.6,N/A,N/A,22.89,72.9,Bear,-0.07,39.26,0.01,40.1,
NPO,336.37,2.39,7.48,7.1,N/A,N/A,2.8,53.1,Bull,1.43,1.84,0.85,40.1,
STRD,63.5,0.49,9.69,24.3,N/A,N/A,1.06,58.4,Bull,0.56,4.51,0.01,40.1,
WLTH,9.73,1.04,2.53,1.4,N/A,N/A,2.09,56.2,Bull,0.07,4.06,0.0,40.1,
IR,87.94,-0.34,5.47,34.2,N/A,N/A,7.66,62.0,Bull,0.31,11.53,0.01,40.1,
CRBG,33.6,-1.22,7.71,15.2,N/A,N/A,11.11,66.6,Bull,0.12,9.97,0.01,40.0,
SIFY,16.0,1.33,9.29,1.1,N/A,N/A,5.43,59.6,Bull,0.23,1.46,0.09,39.9,
PWR,681.72,2.08,2.15,98.4,N/A,N/A,2.51,54.6,Bull,8.5,3.52,0.02,39.9,
GCMG,13.53,0.37,8.41,2.7,N/A,N/A,9.39,62.8,Bull,0.07,-1.1,0.01,39.8,
QUBT,8.98,2.34,10.86,2.0,N/A,N/A,0.96,54.0,Bull,0.21,3.7,0.07,39.7,
OXLC,9.19,0.31,0.31,1.6,N/A,N/A,3.21,61.2,Bull,0.05,2.92,0.02,39.7,
KMTS,25.45,0.71,11.48,1.5,N/A,N/A,9.36,57.8,Bull,0.24,-2.08,0.01,39.7,
YSWY,21.28,-3.14,1.72,1.4,N/A,N/A,0.62,53.0,Bull,0.25,4.42,0.0,39.7,
SAIC,123.97,-0.25,5.84,5.3,N/A,N/A,10.15,65.8,Bull,0.43,10.08,0.0,39.7,
CRDO,241.28,4.71,16.57,43.0,N/A,N/A,8.75,54.9,Bull,3.65,-6.4,0.03,39.6,
TSHA,6.4,0.95,9.22,1.8,N/A,N/A,7.12,58.0,Bull,0.09,0.95,0.01,39.6,
ONC,347.2,5.28,9.87,37.5,N/A,N/A,12.62,72.9,Bull,0.77,16.24,0.19,39.6,
GGB,5.03,-0.1,1.51,10.0,N/A,N/A,8.33,65.0,Bull,0.02,11.89,0.0,39.6,
HASI,40.45,5.78,6.81,4.9,N/A,N/A,5.01,64.3,Bull,0.17,6.95,0.06,39.5,
AIT,359.21,0.08,4.06,13.3,N/A,N/A,8.11,67.7,Bull,1.37,8.48,0.02,39.4,
FDS,277.54,1.08,5.45,9.8,N/A,N/A,10.58,60.4,Bull,0.86,12.31,0.01,39.3,
XNCR,20.37,1.85,0.79,1.5,N/A,N/A,22.87,64.3,Bear,-0.11,28.52,0.09,39.3,
MRCY,109.43,0.55,12.7,6.5,N/A,N/A,5.49,54.6,Bull,1.44,1.34,0.01,39.1,
FER,66.36,1.48,1.94,47.0,N/A,N/A,0.73,56.0,Bull,0.47,3.24,0.04,39.0,
BFH,108.67,-1.17,0.55,4.2,N/A,N/A,7.62,58.7,Bull,0.35,12.61,0.01,39.0,
KNSL,372.04,-1.15,4.38,8.6,N/A,N/A,8.92,60.9,Bull,1.33,9.24,0.01,38.9,
BMRN,64.92,5.63,8.16,11.9,N/A,N/A,10.77,70.6,Bull,0.21,9.81,0.07,38.9,
SBLK,28.77,0.62,0.06,3.2,N/A,N/A,7.53,60.1,Bull,0.11,9.17,0.02,38.9,
PEGA,32.26,1.86,5.6,5.2,N/A,N/A,1.14,56.3,Bull,0.42,3.27,0.0,38.9,
SNX,257.32,-0.73,0.63,20.7,N/A,N/A,2.65,53.2,Bull,1.84,2.51,0.01,38.9,
SARO,29.62,-1.27,1.06,10.0,N/A,N/A,4.92,55.4,Bull,0.13,6.05,0.06,38.8,
ERIE,252.01,-0.81,4.12,11.7,N/A,N/A,7.43,58.6,Bull,2.49,0.08,0.01,38.8,
CSCO,121.59,0.59,4.83,476.4,N/A,N/A,6.69,61.4,Bull,1.0,0.23,0.02,38.7,
VIPS,15.39,-0.13,0.33,7.4,N/A,N/A,6.19,67.0,Bull,0.05,10.4,0.02,38.5,
TNGX,29.24,0.81,7.56,4.2,N/A,N/A,6.5,54.5,Bull,0.17,-5.88,0.01,38.4,
TRLV,8.84,-1.79,2.18,1.7,N/A,N/A,0.54,50.9,Bull,0.07,2.54,0.07,38.4,
OSBC,25.52,-1.0,0.92,1.3,N/A,N/A,8.91,71.4,Bull,0.08,11.81,0.02,38.4,
APA,36.53,5.4,0.55,12.9,N/A,N/A,3.25,55.3,Bull,0.07,10.5,1.49,38.4,
LOAR,73.93,1.92,8.01,6.8,N/A,N/A,5.1,55.6,Bull,0.36,1.15,0.04,38.3,
DNLI,25.72,4.0,11.73,3.9,N/A,N/A,10.22,61.3,Bull,0.12,0.16,0.04,38.3,
RL,398.43,0.66,4.76,23.6,N/A,N/A,4.39,58.9,Bull,2.0,0.89,0.02,38.2,
BOOT,164.02,-0.01,10.09,5.0,N/A,N/A,2.59,56.4,Bull,1.82,1.73,0.02,38.2,
SOFI,18.31,1.16,12.26,23.2,N/A,N/A,5.24,56.1,Bull,0.18,-2.5,0.03,37.8,
ARWR,86.48,0.76,2.16,12.1,N/A,N/A,7.7,56.7,Bull,0.26,13.19,0.01,37.8,
BELFA,235.5,1.23,5.54,3.4,N/A,N/A,0.08,51.5,Bull,2.35,2.62,0.01,37.7,
KEP,12.66,1.61,5.94,16.0,N/A,N/A,0.83,58.0,Bull,0.13,2.18,0.01,37.7,
PLXS,270.27,0.66,7.53,7.2,N/A,N/A,2.49,54.3,Bull,3.09,1.12,0.02,37.6,
FORM,119.42,3.65,12.44,9.0,N/A,N/A,1.35,53.4,Bull,2.79,1.61,0.04,37.6,
ARM,298.07,3.97,24.36,305.0,N/A,N/A,4.46,54.3,Bull,6.12,-7.83,0.04,37.6,
TRAX,46.24,2.04,4.98,1.6,N/A,N/A,46.1,70.2,Bear,-0.04,27.58,0.0,37.6,
MMM,179.6,-0.62,1.88,93.2,N/A,N/A,8.5,65.1,Bull,0.49,14.01,0.01,37.5,
RXT,4.92,2.07,19.13,1.2,N/A,N/A,4.65,52.3,Bull,0.14,-7.87,0.02,37.5,
PAX,11.31,0.67,4.48,1.8,N/A,N/A,0.59,54.7,Bull,0.06,2.31,0.01,37.4,
TPB,86.47,1.74,15.9,1.7,N/A,N/A,4.42,58.8,Bull,1.07,-1.35,0.01,37.3,
AAL,16.0,-0.18,4.78,10.6,N/A,N/A,4.37,52.9,Bull,0.12,-5.6,0.01,37.3,
DNN,3.24,3.57,15.36,2.8,N/A,N/A,3.73,58.4,Bull,0.05,0.36,0.01,37.3,
ALAB,339.55,2.43,9.1,57.5,N/A,N/A,4.19,51.4,Bull,5.11,-17.78,0.03,37.3,
PYPL,59.68,-0.17,4.32,51.1,N/A,N/A,16.65,74.7,Bear,-0.06,28.84,0.01,37.3,
EVLV,5.98,0.61,8.16,1.1,N/A,N/A,2.27,57.1,Bull,0.07,1.03,0.01,37.2,
ETON,46.5,0.69,0.17,1.3,N/A,N/A,20.29,64.8,Bear,-0.14,27.01,0.01,37.1,
BN,44.2,0.5,3.93,107.8,N/A,N/A,1.5,56.7,Bull,0.3,1.07,0.02,37.0,
WYNN,101.07,-0.43,1.77,10.5,N/A,N/A,1.24,56.2,Bull,0.58,1.3,0.01,37.0,
WMS,149.87,0.95,8.22,11.4,N/A,N/A,3.46,56.8,Bull,0.78,-0.4,0.02,36.9,
MRVL,218.24,3.66,16.36,184.4,N/A,N/A,2.05,52.2,Bull,4.73,-7.45,0.1,36.8,
HCA,409.12,0.06,1.62,88.5,N/A,N/A,2.19,56.6,Bull,2.46,0.62,0.01,36.8,
BRK-B,519.53,-0.97,1.56,5.0,N/A,N/A,4.35,66.9,Bull,2.15,5.23,0.04,36.7,
SIM,30.03,0.0,9.2,5.0,N/A,N/A,2.21,57.7,Bull,0.22,0.64,0.0,36.7,
KSPI,91.9,0.11,3.52,17.4,N/A,N/A,5.58,63.2,Bull,0.41,2.49,0.07,36.7,
CCU,11.95,2.22,2.31,2.2,N/A,N/A,3.99,61.2,Bull,0.04,9.03,0.6,36.7,
IMTX,9.76,3.61,12.7,1.3,N/A,N/A,1.21,54.7,Bull,0.1,0.83,0.04,36.7,
HAYW,15.7,0.17,3.74,3.3,N/A,N/A,3.36,55.3,Bull,0.12,-1.41,0.0,36.7,
RVMD,200.56,1.39,6.95,42.4,N/A,N/A,13.9,64.4,Bull,0.64,7.32,0.01,36.6,
REZI,25.66,-1.57,7.5,3.9,N/A,N/A,7.31,58.2,Bull,0.09,8.64,0.01,36.6,
APG,41.77,1.26,5.27,17.8,N/A,N/A,1.23,57.4,Bull,0.34,0.99,0.0,36.6,
CRI,40.19,-0.25,4.2,1.5,N/A,N/A,2.83,54.7,Bull,0.24,0.0,0.01,36.5,
TSM,423.48,1.26,4.76,2169.0,N/A,N/A,2.01,53.5,Bull,2.65,-2.45,0.05,36.4,
PENG,58.63,4.21,11.4,2.9,N/A,N/A,2.32,50.2,Bull,0.3,-25.17,0.03,36.4,
MBC,9.08,0.84,10.01,1.8,N/A,N/A,2.55,53.2,Bull,0.07,-0.04,0.01,36.4,
AOS,62.9,-0.15,4.6,8.6,N/A,N/A,3.72,58.4,Bull,0.27,4.69,0.01,36.4,
BRSL,11.04,-0.27,9.96,2.0,N/A,N/A,0.4,55.2,Bull,0.11,1.1,0.01,36.4,
HBT,36.25,0.0,1.14,1.3,N/A,N/A,11.36,73.0,Bull,0.09,13.07,0.01,36.4,
CRSP,52.56,1.78,9.52,5.0,N/A,N/A,2.17,55.6,Bull,0.69,-1.48,0.04,36.4,
EW,89.0,-0.36,3.4,51.5,N/A,N/A,2.23,55.4,Bull,0.49,-3.48,0.02,36.3,
CNXN,86.47,-0.15,3.28,2.2,N/A,N/A,12.49,74.6,Bull,0.22,11.94,0.01,36.3,
HIMX,14.5,5.38,15.63,2.4,N/A,N/A,1.22,54.1,Bull,0.31,-4.79,0.08,36.3,
DELL,435.99,-0.38,7.55,283.6,N/A,N/A,11.26,53.8,Bull,1.86,0.4,0.05,36.2,
BCX,12.03,0.33,1.69,1.0,N/A,N/A,3.03,62.4,Bull,0.04,6.35,0.75,36.2,
CRWV,89.16,4.49,24.23,46.6,N/A,N/A,0.65,54.4,Bull,2.87,0.32,0.07,36.2,
BILL,48.19,2.53,6.78,4.7,N/A,N/A,15.24,64.1,Bull,0.08,16.51,0.02,36.1,
GRAB,3.68,0.27,5.14,15.0,N/A,N/A,1.86,54.6,Bull,0.03,-6.36,0.01,36.1,
TIGO,104.31,13.64,9.6,17.5,N/A,N/A,13.97,67.5,Bear,-0.07,10.46,2.23,36.1,
COHU,53.48,3.26,11.44,2.5,N/A,N/A,1.78,51.7,Bull,0.69,-4.79,0.02,36.0,
GOOGL,357.45,-0.08,0.37,4375.3,N/A,N/A,0.97,52.2,Bull,3.18,0.08,0.04,35.9,
FLR,54.44,11.66,8.5,6.8,N/A,N/A,8.35,59.5,Bull,0.18,7.28,0.19,35.9,
ADI,390.13,3.4,6.18,183.8,N/A,N/A,1.3,54.4,Bull,2.61,-1.4,0.02,35.8,
LSCC,133.1,3.42,7.11,18.3,N/A,N/A,1.26,51.5,Bull,1.01,-3.16,0.01,35.8,
ORKA,100.11,1.72,3.73,5.9,N/A,N/A,19.31,64.8,Bull,0.15,15.35,0.01,35.7,
EL,85.49,0.0,1.9,30.9,N/A,N/A,2.27,55.3,Bull,0.38,3.42,0.01,35.7,
AAP,57.35,-0.98,3.27,3.5,N/A,N/A,1.23,51.4,Bull,0.33,-1.03,0.01,35.7,
GLNG,51.0,-0.04,3.76,5.2,N/A,N/A,1.44,58.0,Bull,0.28,-0.47,0.0,35.7,
RMIX,18.75,2.6,10.98,1.3,N/A,N/A,1.03,50.3,Bull,0.1,-7.98,0.01,35.6,
COGT,42.47,1.61,9.11,7.1,N/A,N/A,10.68,61.0,Bull,0.13,9.27,0.02,35.6,
SKWD,65.12,-0.78,8.62,2.9,N/A,N/A,14.54,66.5,Bull,0.17,9.74,0.04,35.6,
SQM,73.51,1.46,9.62,20.7,N/A,N/A,0.09,57.0,Bull,0.88,0.44,0.01,35.6,
INTC,103.31,3.5,14.53,503.4,N/A,N/A,0.18,51.5,Bull,1.72,-5.95,0.05,35.5,
POOL,200.95,-0.06,8.21,7.3,N/A,N/A,0.97,52.5,Bull,1.11,-4.51,0.01,35.5,
ADEA,28.47,0.67,6.83,3.1,N/A,N/A,0.82,51.7,Bull,0.46,-1.76,0.01,35.5,
JCAP,21.07,0.74,4.75,1.2,N/A,N/A,9.73,68.5,Bull,0.06,11.75,0.0,35.5,
BHE,83.21,1.01,4.31,3.0,N/A,N/A,0.85,50.8,Bull,0.62,-2.18,0.01,35.5,
ADP,271.76,-0.64,1.99,108.7,N/A,N/A,11.38,66.4,Bull,0.67,12.33,0.01,35.4,
MOS,23.07,-1.67,4.29,7.5,N/A,N/A,2.44,55.2,Bull,0.09,7.25,0.01,35.3,
ST,47.01,1.48,1.57,6.7,N/A,N/A,1.53,51.6,Bull,0.2,3.74,0.02,35.1,
GSBD,9.05,-0.44,5.11,1.0,N/A,N/A,1.79,55.2,Bull,0.04,2.61,0.09,35.0,
TME,9.53,-0.57,0.9,15.1,N/A,N/A,3.38,59.6,Bull,0.04,7.38,0.02,35.0,
CSWC,24.8,0.18,5.11,1.6,N/A,N/A,5.27,65.5,Bull,0.1,4.85,0.02,34.9,
AMCR,46.89,-0.36,4.48,21.8,N/A,N/A,8.33,61.8,Bull,0.15,8.59,0.01,34.8,
IQ,1.31,1.17,2.76,1.2,N/A,N/A,9.62,63.3,Bull,0.0,15.5,0.01,34.8,
CARG,38.12,4.8,5.2,3.3,N/A,N/A,11.96,66.1,Bull,0.09,11.54,0.04,34.7,
KKR,103.63,0.27,2.17,92.8,N/A,N/A,4.99,56.9,Bull,0.37,6.9,0.02,34.6,
CVSA,126.32,1.65,1.17,4.2,N/A,N/A,2.33,52.1,Bull,0.59,-3.5,0.04,34.4,
TWFG,28.56,2.66,6.13,1.5,N/A,N/A,16.43,66.7,Bear,-0.04,9.85,1.94,34.2,
ADPT,24.71,4.7,9.48,3.8,N/A,N/A,19.99,62.8,Bull,0.02,17.33,0.02,33.9,
DSGR,34.92,0.29,1.01,1.6,N/A,N/A,12.84,84.3,Bear,-0.11,27.45,0.01,33.9,
RHI,40.67,-0.02,7.59,4.2,N/A,N/A,15.84,60.0,Bear,-0.1,25.52,0.01,33.5,
MAAS,18.91,2.33,4.13,8.4,N/A,N/A,21.38,56.2,Bull,0.0,18.19,0.47,33.4,
AS,36.53,1.16,2.87,20.1,N/A,N/A,3.59,57.3,Bull,0.14,4.97,0.0,33.2,
PKG,251.01,-0.69,2.1,22.5,N/A,N/A,6.45,60.6,Bull,0.72,9.72,0.0,33.1,
ATRC,39.72,0.57,5.18,2.0,N/A,N/A,17.51,66.8,Bull,0.05,15.85,0.0,33.1,
DKL,58.9,3.13,1.49,3.1,N/A,N/A,9.56,67.4,Bull,0.08,9.96,1.04,33.1,
HQY,104.55,1.07,3.92,8.6,N/A,N/A,10.44,64.8,Bull,0.24,10.75,0.06,32.7,
CHE,547.11,-0.42,2.79,7.2,N/A,N/A,12.14,75.3,Bull,1.13,11.98,0.01,32.6,
KFY,82.67,-0.97,0.68,4.2,N/A,N/A,10.08,64.8,Bull,0.08,15.01,0.71,32.5,
NCZ,15.79,0.51,2.13,1.2,N/A,N/A,3.09,59.9,Bull,0.07,0.45,0.04,32.5,
GAM,66.88,0.28,2.89,1.6,N/A,N/A,3.96,71.8,Bull,0.25,3.64,0.08,32.4,
BURL,374.38,0.87,1.6,23.4,N/A,N/A,9.29,67.9,Bull,0.72,14.24,0.01,32.4,
QCRH,104.38,0.04,1.39,1.7,N/A,N/A,6.59,66.4,Bull,0.31,8.17,0.03,32.4,
STE,228.46,-1.43,0.03,22.6,N/A,N/A,4.36,57.7,Bull,0.79,5.77,0.02,32.2,
SBH,15.86,-1.67,5.95,1.5,N/A,N/A,8.45,58.5,Bull,0.05,3.73,0.01,32.2,
SSD,193.44,-1.98,3.63,8.0,N/A,N/A,0.93,51.3,Bull,0.66,2.57,0.6,32.1,
DNTH,111.01,0.99,3.83,6.1,N/A,N/A,13.56,60.2,Bull,0.18,13.74,0.01,32.1,
RVT,18.56,-0.7,3.11,2.0,N/A,N/A,2.67,59.8,Bull,0.07,2.03,0.44,32.1,
SVRA,5.88,1.55,7.69,1.2,N/A,N/A,5.33,57.4,Bull,0.02,-2.49,0.01,32.0,
GPN,87.65,-0.04,4.25,23.2,N/A,N/A,12.65,63.9,Bull,0.13,15.27,0.01,31.9,
FELE,109.1,-0.21,4.45,4.8,N/A,N/A,4.69,59.2,Bull,0.37,5.55,0.01,31.8,
HD,349.75,0.07,5.36,348.5,N/A,N/A,3.96,58.0,Bull,1.38,1.88,0.03,31.8,
IRDM,48.9,1.21,3.28,5.1,N/A,N/A,5.0,54.3,Bull,0.2,-2.33,0.01,31.6,
UHAL,75.1,1.38,5.85,14.6,N/A,N/A,13.49,72.5,Bear,-0.07,12.02,1.54,31.6,
TJX,159.44,-1.62,1.33,179.0,N/A,N/A,1.57,55.1,Bull,0.58,5.35,0.01,31.5,
GHM,104.06,-0.86,8.51,1.2,N/A,N/A,0.26,50.0,Bull,0.46,-3.15,0.05,31.4,
CNS,84.48,0.31,3.57,4.3,N/A,N/A,8.24,64.7,Bull,0.14,9.86,0.68,31.1,
HLX,9.81,5.26,6.63,1.4,N/A,N/A,4.54,57.3,Bull,0.01,8.04,1.37,31.1,
EQIX,1061.27,0.8,4.12,103.9,N/A,N/A,1.63,54.5,Bull,4.27,0.96,0.13,31.0,
VIK,106.06,-0.13,1.63,47.3,N/A,N/A,7.95,62.4,Bull,0.3,6.97,0.01,31.0,
BULLW,2.43,-3.19,5.19,1.3,N/A,N/A,8.13,53.5,Bull,0.0,7.28,1.89,30.8,
UPWK,9.66,2.55,5.46,1.2,N/A,N/A,4.45,57.4,Bull,0.03,9.52,0.03,30.7,
BPYPM,16.39,3.28,2.76,19.1,N/A,N/A,1.79,59.4,Bull,0.05,1.42,0.96,30.6,
PSEC,2.22,0.68,4.46,1.1,N/A,N/A,0.28,53.2,Bull,0.01,0.02,0.02,30.3,
ARCC,19.59,-0.13,4.45,14.1,N/A,N/A,4.52,62.8,Bull,0.07,4.34,0.03,30.3,
FCNCA,2224.29,-0.59,1.72,25.9,N/A,N/A,5.3,59.0,Bull,6.73,6.29,0.0,30.1,
TM,189.29,0.96,0.16,296.1,N/A,N/A,3.22,59.7,Bull,0.56,7.28,0.03,29.7,
UNM,89.78,-0.03,4.26,14.2,N/A,N/A,3.3,54.9,Bull,0.32,3.21,0.0,29.6,
GFL,41.89,0.82,1.38,15.5,N/A,N/A,7.03,64.0,Bull,0.12,5.43,0.0,29.6,
OBDC,11.26,-0.44,4.74,5.6,N/A,N/A,3.34,59.0,Bull,0.04,2.74,0.04,29.6,
MTD,1417.84,-0.24,0.11,28.5,N/A,N/A,9.06,66.6,Bull,3.16,9.39,0.01,29.6,
ROKU,152.26,1.46,5.0,22.1,N/A,N/A,10.34,76.3,Bull,0.34,8.22,0.03,29.4,
OPRA,19.98,2.04,5.71,1.8,N/A,N/A,6.48,56.8,Bull,0.06,4.06,0.02,29.4,
DJT,10.01,1.22,1.52,2.7,N/A,N/A,9.34,57.9,Bull,0.01,17.22,0.03,29.4,
TMP,99.89,-0.9,0.52,1.4,N/A,N/A,6.82,60.6,Bull,0.18,8.65,0.53,29.4,
RYTM,111.69,-0.37,12.53,7.7,N/A,N/A,8.51,59.5,Bull,0.35,3.04,0.04,29.3,
BLTE,162.5,1.14,2.45,6.3,N/A,N/A,5.92,59.4,Bull,0.4,8.82,0.01,29.2,
TNL,77.33,-0.73,2.87,4.7,N/A,N/A,4.43,56.2,Bull,0.17,4.57,0.83,29.2,
TGT,146.34,-0.5,1.28,66.8,N/A,N/A,7.39,62.3,Bull,0.36,8.29,0.02,29.2,
AORT,27.64,4.03,3.02,1.3,N/A,N/A,7.89,62.6,Bull,0.04,14.74,0.07,29.0,
MGRC,122.54,0.64,6.41,3.0,N/A,N/A,4.92,62.7,Bull,0.37,5.38,0.01,28.9,
OSK,155.29,1.21,9.05,9.5,N/A,N/A,6.61,59.7,Bull,0.43,6.12,0.0,28.9,
GEN,27.89,-0.77,1.58,16.8,N/A,N/A,8.11,61.2,Bull,0.07,7.62,0.05,28.9,
VYX,8.46,0.94,2.28,1.2,N/A,N/A,6.01,52.8,Bull,0.02,4.95,0.02,28.7,
CBRE,148.24,0.54,0.97,42.7,N/A,N/A,5.1,58.6,Bull,0.41,6.24,0.02,28.5,
LB,80.4,6.31,5.1,6.2,N/A,N/A,9.22,61.4,Bear,-0.13,2.56,2.56,28.5,
AFRM,77.5,1.2,8.38,25.6,N/A,N/A,4.92,53.6,Bull,0.29,-7.1,0.02,28.4,
CWK,13.59,-0.54,1.24,3.2,N/A,N/A,1.27,51.7,Bull,0.05,0.71,0.0,28.4,
WLYB,54.28,0.0,2.55,2.8,N/A,N/A,12.0,71.2,Bull,0.12,7.14,0.0,28.3,
TAP,42.48,0.17,2.21,8.0,N/A,N/A,3.41,58.4,Bull,0.11,8.45,0.04,28.2,
CQP,66.04,2.98,1.51,32.0,N/A,N/A,4.07,56.0,Bull,0.09,1.79,1.74,28.0,
BOX,32.32,1.48,2.44,4.4,N/A,N/A,12.37,65.0,Bull,0.04,12.85,0.01,27.9,
PRMB,23.92,0.06,5.39,8.7,N/A,N/A,1.84,51.5,Bull,0.09,-0.28,0.02,27.9,
ECL,283.23,-0.08,2.02,79.8,N/A,N/A,3.78,59.0,Bull,0.91,3.25,0.01,27.8,
SCSC,56.94,-0.75,0.81,1.2,N/A,N/A,9.63,61.2,Bear,-0.04,6.51,1.95,27.6,
PNFP,105.73,-0.66,0.48,16.1,N/A,N/A,4.98,58.6,Bull,0.29,5.24,0.01,27.4,
LCLN,23.41,12.76,14.53,2.4,N/A,N/A,3.82,57.8,Bull,0.0,5.98,2.22,27.3,
MET,99.27,-0.68,3.91,64.3,N/A,N/A,10.24,72.4,Bull,0.18,8.99,0.02,27.1,
WBS,79.48,0.89,2.93,12.8,N/A,N/A,4.91,66.8,Bull,0.23,3.88,0.03,26.9,
IEX,232.36,-0.58,0.83,17.2,N/A,N/A,4.23,58.3,Bull,0.66,4.59,0.03,26.7,
HEI,366.1,0.77,2.73,50.8,N/A,N/A,6.9,62.1,Bull,0.98,4.32,0.01,26.6,
ITW,292.62,-0.71,1.98,84.8,N/A,N/A,6.63,61.9,Bull,0.6,8.86,0.01,26.5,
ENJ,20.15,2.03,2.91,9.4,N/A,N/A,0.72,56.9,Bull,0.0,-0.25,8.55,26.4,
ABSI,8.56,3.13,10.03,1.3,N/A,N/A,7.08,52.0,Bull,0.03,-19.25,0.02,26.4,
STRA,82.09,-0.45,0.11,1.8,N/A,N/A,2.54,53.1,Bull,0.29,-2.48,0.02,26.3,
M,24.92,-0.86,0.38,6.6,N/A,N/A,5.79,54.4,Bull,0.05,10.05,0.01,26.3,
MLKN,23.76,0.34,5.51,1.6,N/A,N/A,16.76,65.2,Bear,-0.01,17.86,0.01,26.3,
PTGX,146.18,6.45,5.44,9.5,N/A,N/A,16.42,65.3,Bear,-0.31,6.2,1.42,26.2,
SLG,54.66,0.26,3.27,3.9,N/A,N/A,8.52,60.3,Bull,0.07,12.28,0.0,26.1,
KBR,37.43,-0.37,2.24,4.7,N/A,N/A,4.78,56.3,Bull,0.1,5.53,0.0,26.1,
ZLAB,20.88,13.66,14.66,2.3,N/A,N/A,9.16,64.7,Bear,-0.01,4.5,2.04,26.1,
PJT,173.25,0.29,2.94,7.1,N/A,N/A,6.49,60.0,Bull,0.3,10.41,0.02,26.0,
ENSG,181.77,0.06,2.03,10.6,N/A,N/A,5.05,63.5,Bull,0.41,7.82,0.0,26.0,
ZGN,14.77,-0.17,0.44,4.0,N/A,N/A,6.36,56.7,Bull,0.03,9.93,0.02,25.8,
CSQ,20.81,0.31,3.3,3.3,N/A,N/A,3.32,60.2,Bull,0.07,0.69,0.02,25.8,
AZZ,152.32,0.97,5.25,4.5,N/A,N/A,3.47,55.6,Bull,0.43,4.0,0.01,25.7,
BEKE,17.04,0.71,0.53,19.1,N/A,N/A,3.94,58.5,Bull,0.03,9.44,0.02,25.7,
HTFC,24.9,0.0,0.69,1.1,N/A,N/A,0.57,54.3,Bear,-0.01,0.28,4.64,25.6,
NCV,17.07,-0.64,1.61,1.5,N/A,N/A,1.46,54.7,Bull,0.05,-0.27,0.34,25.6,
TW,103.26,-0.06,2.75,24.2,N/A,N/A,1.08,54.3,Bull,0.29,5.52,0.0,25.5,
ALRM,56.17,-0.22,2.58,2.8,N/A,N/A,10.89,67.5,Bull,0.08,9.06,0.02,25.3,
ETW,9.63,-0.41,1.8,1.1,N/A,N/A,2.3,58.8,Bull,0.02,0.79,1.42,25.2,
PRI,326.41,1.82,0.96,10.2,N/A,N/A,8.98,70.4,Bear,-0.26,6.6,1.69,25.2,
JSM,17.82,1.25,1.48,1.8,N/A,N/A,0.06,54.6,Bull,0.03,0.45,1.32,25.1,
ZBIO,33.08,2.83,5.22,2.0,N/A,N/A,21.61,65.3,Bear,-0.22,15.1,0.01,25.1,
CLOV,4.66,12.56,7.37,2.5,N/A,N/A,8.03,54.2,Bear,-0.01,-0.43,2.54,25.1,
GH,163.36,3.67,0.85,21.1,N/A,N/A,13.42,60.0,Bull,0.37,2.07,0.02,25.0,
CAH,238.75,0.46,3.79,55.7,N/A,N/A,5.75,61.0,Bull,0.7,1.25,0.05,25.0,
GPC,133.36,0.43,7.23,18.3,N/A,N/A,11.68,65.3,Bull,0.25,6.16,0.01,25.0,
SE,113.15,1.94,6.01,68.0,N/A,N/A,11.46,62.0,Bull,0.27,1.81,0.05,24.9,
CNOBP,25.31,-0.2,0.43,1.4,N/A,N/A,1.14,68.7,Bull,0.01,1.1,2.3,24.9,
NBN,132.02,-1.16,6.32,1.1,N/A,N/A,2.7,53.0,Bull,0.43,0.1,0.05,24.7,
HAPN,19.62,-0.46,2.51,2.3,N/A,N/A,4.04,52.1,Bull,0.06,-3.59,0.01,24.7,
MU,894.23,1.45,8.65,995.5,N/A,N/A,0.42,49.0,Bull,3.05,-8.69,0.07,24.6,
YELP,28.84,15.18,9.12,1.4,Communication Services,Internet Content & Information,13.05,62.3,Bull,0.02,11.74,0.03,24.3,3.1
BC,81.17,-0.09,2.75,5.3,N/A,N/A,0.77,51.2,Bull,0.23,4.2,0.01,24.3,
LQDA,89.68,0.29,6.63,8.0,N/A,N/A,18.25,63.9,Bear,-0.01,15.08,0.01,24.3,
T,23.52,-0.8,1.16,162.5,N/A,N/A,2.02,56.0,Bull,0.04,11.31,0.0,24.2,
TT,481.7,0.64,5.88,105.3,N/A,N/A,2.32,55.0,Bull,1.55,0.42,0.01,24.2,
C,133.46,-0.27,1.27,228.2,N/A,N/A,0.21,49.1,Bull,0.46,-4.73,0.01,24.2,
WAB,295.01,-0.08,1.43,49.9,N/A,N/A,6.66,60.8,Bull,0.33,12.94,0.01,24.1,
CART,48.01,6.63,7.66,10.6,N/A,N/A,7.63,61.2,Bull,0.12,-0.77,0.33,23.9,
ABT,106.9,-0.98,1.14,186.8,N/A,N/A,9.2,64.9,Bull,0.07,14.62,0.0,23.7,
ADAMI,25.35,0.0,0.84,2.3,N/A,N/A,1.2,63.5,Bull,0.02,1.24,2.0,23.5,
EXP,212.72,0.65,3.8,6.5,N/A,N/A,0.29,50.4,Bull,0.66,1.42,0.02,23.5,
SSB,107.17,-1.28,1.97,10.5,N/A,N/A,5.31,60.6,Bull,0.2,7.51,0.01,23.5,
CVCO,585.82,1.32,7.09,4.4,N/A,N/A,3.62,55.1,Bull,1.52,3.27,0.03,23.4,
CBRL,57.46,-1.31,1.89,1.3,N/A,N/A,17.36,63.1,Bear,-0.02,14.51,0.01,23.3,
CLBT,15.78,2.07,6.98,3.9,N/A,N/A,7.61,59.3,Bull,0.04,-1.0,0.01,23.3,
ZBH,94.88,-2.38,1.01,18.5,N/A,N/A,4.19,54.5,Bull,0.23,3.88,0.03,23.2,
SCCG,24.57,-0.12,2.26,1.2,N/A,N/A,1.41,63.2,Bull,0.06,-0.24,0.49,23.1,
AEG,9.55,0.95,1.17,18.1,N/A,N/A,8.44,69.6,Bull,0.01,8.52,0.03,22.9,
THO,77.59,-0.12,3.49,4.0,N/A,N/A,1.07,52.6,Bull,0.17,6.49,0.01,22.8,
AMAT,540.17,2.41,6.4,418.8,N/A,N/A,2.06,50.3,Bull,1.64,-10.35,0.04,22.6,
OII,48.85,-0.8,0.15,4.9,N/A,N/A,12.87,59.5,Bear,-0.09,16.05,0.01,22.5,
MBX,68.41,1.94,3.76,3.2,N/A,N/A,25.54,63.0,Bear,-0.13,12.06,0.05,22.5,
AMH,34.59,0.12,3.5,12.4,N/A,N/A,4.31,62.1,Bull,0.08,3.97,0.01,22.2,
COR,324.01,-0.31,4.07,62.0,N/A,N/A,7.5,65.9,Bull,0.54,6.78,0.01,22.2,
GOODN,23.57,0.04,1.46,1.1,N/A,N/A,3.99,67.2,Bull,0.04,5.85,0.26,21.9,
MPLX,58.83,-2.62,0.66,61.3,N/A,N/A,2.67,54.2,Bull,0.14,3.31,0.03,21.9,
HWM,289.43,-0.1,2.54,115.9,N/A,N/A,5.62,60.1,Bull,0.5,6.86,0.03,21.9,
JEF,56.65,0.59,3.75,10.9,N/A,N/A,3.75,55.7,Bull,0.09,8.75,0.01,21.7,
BCAT,16.0,0.25,1.52,1.7,N/A,N/A,3.56,61.8,Bull,0.04,0.86,0.02,21.7,
MCHB,16.85,0.36,0.36,3.7,N/A,N/A,6.64,62.3,Bull,0.03,4.33,0.01,21.7,
XZO,17.32,6.29,11.57,1.5,N/A,N/A,9.86,60.6,Bull,0.04,1.61,0.03,21.5,
TR,39.56,-0.48,1.38,3.0,N/A,N/A,1.2,54.6,Bull,0.1,3.67,0.01,21.4,
IDT,66.17,0.21,0.35,1.6,N/A,N/A,9.46,63.5,Bear,-0.15,10.34,0.71,21.0,
SEIC,104.5,-0.18,1.48,12.6,N/A,N/A,8.87,70.5,Bull,0.11,9.48,0.01,21.0,
TRS,40.6,0.3,1.78,1.5,N/A,N/A,0.19,50.3,Bull,0.12,-1.86,0.01,20.9,
CPA,142.18,0.09,0.68,5.8,N/A,N/A,0.54,48.6,Bull,0.42,-5.58,0.01,20.9,
MMI,31.69,1.44,1.9,1.2,N/A,N/A,4.46,58.6,Bull,0.02,2.62,1.45,20.8,
SCCE,24.5,-0.09,0.78,1.2,N/A,N/A,0.7,57.6,Bull,0.04,1.07,1.04,20.7,
ACT,48.54,-0.27,2.58,6.8,N/A,N/A,6.8,67.4,Bull,0.06,8.47,0.01,20.7,
NMFCZ,25.19,0.4,0.5,2.7,N/A,N/A,1.08,67.8,Bull,0.01,0.82,2.05,20.6,
TV,2.86,0.7,2.14,1.8,N/A,N/A,2.43,57.1,Bull,0.01,3.25,0.02,20.3,
MRSH,192.1,-0.62,1.27,92.2,N/A,N/A,7.85,62.3,Bull,0.22,8.34,0.01,20.3,
KT,18.5,-0.13,2.29,8.9,N/A,N/A,0.01,54.3,Bull,0.04,3.09,0.01,20.2,
GRFS,7.92,1.15,0.64,5.4,N/A,N/A,3.47,56.4,Bull,0.01,8.94,0.01,20.1,
ACVA,7.7,3.36,2.8,1.3,N/A,N/A,8.84,53.9,Bear,-0.07,15.44,0.02,20.0,
ALG,166.16,-0.01,4.45,2.0,N/A,N/A,2.02,54.9,Bull,0.36,3.11,0.05,19.9,
BB,9.1,3.64,7.06,5.1,N/A,N/A,2.53,49.9,Bull,0.02,-17.05,0.02,19.9,
MDLZ,62.33,-0.67,0.03,80.1,N/A,N/A,2.41,54.3,Bull,0.11,5.95,0.01,19.8,
PHI,20.0,1.88,1.42,4.3,N/A,N/A,4.2,62.8,Bear,-0.02,11.23,0.78,19.8,
AMP,555.38,-0.79,2.07,50.3,N/A,N/A,9.55,70.1,Bull,0.4,9.94,0.01,19.8,
FFIV,417.69,1.12,3.76,23.3,N/A,N/A,5.52,57.2,Bull,0.99,-2.95,0.03,19.6,
ADAML,24.6,0.29,0.61,2.2,N/A,N/A,1.76,66.9,Bear,-0.01,1.07,2.12,19.6,
NSP,51.06,-0.4,0.88,2.0,N/A,N/A,14.76,57.5,Bear,-0.47,12.18,0.01,19.6,
VLTO,97.75,-0.28,3.8,23.9,N/A,N/A,6.74,62.8,Bull,0.15,5.45,0.01,19.6,
AER,155.65,0.26,3.14,27.8,N/A,N/A,5.06,60.4,Bull,0.29,3.85,0.01,19.5,
BJRI,69.41,-0.69,2.66,1.5,N/A,N/A,15.81,60.6,Bear,-0.48,11.48,0.01,19.5,
ONBPO,24.84,0.35,0.98,9.5,N/A,N/A,1.24,66.1,Bull,0.02,1.67,1.42,19.5,
MGA,68.96,1.68,0.52,18.0,N/A,N/A,4.54,54.7,Bull,0.1,7.3,0.02,19.5,
INGR,103.16,0.22,3.72,6.5,N/A,N/A,1.75,57.0,Bull,0.21,4.47,0.01,19.5,
PPG,117.88,0.61,6.65,26.0,N/A,N/A,1.87,52.8,Bull,0.29,0.95,0.01,19.4,
BKT,10.46,-0.1,2.35,1.6,N/A,N/A,0.84,57.9,Bull,0.02,-0.59,0.76,19.4,
NRIX,25.24,0.08,8.75,2.6,N/A,N/A,15.87,68.3,Bull,0.01,9.45,0.01,19.3,
SFB,19.66,-0.56,0.15,2.0,N/A,N/A,0.12,49.2,Bear,-0.0,0.25,2.28,19.3,
SATA,98.88,0.08,2.26,8.3,N/A,N/A,3.13,61.1,Bull,0.21,2.41,0.06,19.1,
ELV,389.04,-0.6,3.51,84.9,N/A,N/A,0.55,50.2,Bull,1.04,-6.53,0.01,19.0,
PRGS,42.18,0.89,3.92,1.7,N/A,N/A,14.34,63.1,Bull,0.0,11.42,0.01,19.0,
FIZZ,31.75,-0.67,0.33,3.0,N/A,N/A,1.27,52.8,Bull,0.06,3.84,0.02,18.9,
PCVX,58.89,5.31,5.24,8.8,N/A,N/A,7.23,59.5,Bull,0.03,-1.57,1.37,18.8,
TRV,383.98,-0.52,2.57,80.5,N/A,N/A,10.71,65.7,Bear,-1.33,13.29,0.02,18.8,
HMN,54.12,3.88,4.06,2.2,N/A,N/A,7.23,67.3,Bear,-0.02,2.52,1.51,18.7,
CII,24.99,1.46,3.65,3.7,N/A,N/A,1.92,56.0,Bull,0.06,-2.5,0.15,18.7,
AGNCN,25.83,-0.04,0.51,30.6,N/A,N/A,1.5,74.0,Bull,0.01,1.18,1.57,18.7,
SLVM,38.83,2.77,3.78,1.5,N/A,N/A,0.25,52.5,Bull,0.1,-0.91,0.05,18.7,
PEN,324.92,0.02,1.16,12.8,N/A,N/A,1.28,67.6,Bull,0.73,2.14,0.0,18.6,
ONON,37.77,1.15,4.22,23.8,N/A,N/A,1.25,52.6,Bull,0.1,-2.0,0.03,18.6,
BRC,97.64,-0.61,3.58,4.6,N/A,N/A,7.32,64.4,Bull,0.09,8.3,0.01,18.5,
ALC,70.33,1.14,2.02,34.7,N/A,N/A,2.24,56.5,Bull,0.13,3.72,0.04,18.4,
MCK,876.26,0.56,2.34,101.6,N/A,N/A,6.75,61.1,Bull,0.67,8.72,0.1,18.3,
SCCF,24.56,0.0,1.49,1.2,N/A,N/A,1.02,61.4,Bull,0.06,1.07,0.0,18.2,
FOR,29.21,-1.25,1.53,1.5,N/A,N/A,0.99,50.5,Bull,0.05,-3.47,0.68,18.1,
HCXY,25.07,-0.04,1.79,4.6,N/A,N/A,1.53,62.0,Bull,0.04,1.23,0.63,18.1,
ECAT,15.68,1.0,4.64,1.7,N/A,N/A,3.62,62.7,Bull,0.03,0.6,0.01,18.0,
PLMR,136.82,2.1,0.38,3.6,N/A,N/A,5.46,53.8,Bear,-0.97,-1.7,1.83,18.0,
TXRH,206.31,-0.89,0.42,13.7,N/A,N/A,8.01,61.7,Bull,0.14,8.87,0.05,17.9,
MFG,10.78,0.84,3.26,133.1,N/A,N/A,7.86,60.3,Bull,0.02,2.86,0.01,17.9,
DYN,25.91,0.12,2.9,4.8,N/A,N/A,14.45,63.9,Bear,-0.04,10.63,0.01,17.9,
CBC,33.57,0.78,2.35,8.0,N/A,N/A,9.32,72.9,Bull,0.02,7.91,0.0,17.8,
ASML,1750.89,2.73,7.48,656.9,N/A,N/A,2.69,52.7,Bull,3.94,-2.46,0.05,17.5,
BPOPM,25.2,0.36,0.12,1.6,N/A,N/A,0.42,54.3,Bear,-0.01,0.35,2.04,17.5,
AMBP,4.97,-1.0,5.07,3.0,N/A,N/A,8.46,57.5,Bull,0.0,7.34,0.01,17.4,
SYRE,106.51,2.99,8.32,9.1,N/A,N/A,16.61,60.7,Bear,-0.01,8.97,0.02,17.4,
PAYX,119.08,-0.87,1.92,42.7,N/A,N/A,10.85,64.1,Bear,-0.01,11.88,0.01,17.4,
NXST,191.46,1.86,0.49,5.7,N/A,N/A,3.25,56.9,Bull,0.15,10.0,0.01,17.3,
SIMO,267.43,8.65,5.05,9.1,N/A,N/A,0.31,49.6,Bull,0.26,-17.36,1.25,17.3,
ALL,272.37,-1.0,3.14,69.6,N/A,N/A,10.89,65.8,Bull,0.13,8.25,0.03,17.2,
ARCO,8.4,0.78,2.88,1.8,N/A,N/A,0.75,53.4,Bull,0.02,-0.65,0.01,17.2,
MBWM,60.51,-1.34,0.72,1.1,N/A,N/A,5.83,58.7,Bull,0.07,6.12,0.01,17.1,
ASIC,25.08,-1.2,4.39,1.2,N/A,N/A,8.8,58.3,Bull,0.03,3.96,0.02,17.1,
RJF,178.09,-0.69,1.2,34.5,N/A,N/A,7.72,66.3,Bull,0.19,5.93,0.01,17.1,
SONO,15.48,0.19,5.59,1.8,N/A,N/A,3.33,52.0,Bull,0.02,6.76,0.01,17.0,
NTB,62.0,0.23,0.44,2.5,N/A,N/A,4.01,59.3,Bull,0.01,3.08,1.25,17.0,
SF,82.97,-0.5,0.07,12.6,N/A,N/A,6.78,63.1,Bull,0.04,10.33,0.01,17.0,
IRON,78.41,1.25,1.83,3.0,N/A,N/A,6.0,57.1,Bull,0.13,2.38,0.01,16.7,
AEO,17.63,-0.53,2.6,3.0,N/A,N/A,1.62,52.4,Bull,0.03,4.85,0.01,16.7,
ANRO,29.08,2.14,7.43,1.1,N/A,N/A,12.92,60.9,Bull,0.0,9.82,0.01,16.6,
IRT,16.94,-0.24,1.86,4.0,N/A,N/A,2.17,55.1,Bull,0.03,1.19,0.01,16.5,
GOODO,20.68,0.41,0.12,1.0,N/A,N/A,2.65,72.0,Bull,0.01,3.85,0.81,16.5,
AVBP,31.57,1.81,5.87,1.4,N/A,N/A,2.06,51.8,Bull,0.07,-6.29,0.0,16.2,
UMH,15.71,3.36,2.61,1.3,N/A,N/A,2.36,56.7,Bear,-0.02,2.81,1.47,16.2,
DRTS,13.23,1.84,12.2,1.1,N/A,N/A,14.19,58.8,Bull,0.01,4.08,0.03,16.2,
CLBK,10.83,-0.09,0.19,1.1,N/A,N/A,8.01,63.1,Bear,-0.06,12.12,0.0,16.2,
DFIN,48.38,-2.56,2.87,1.2,N/A,N/A,5.51,53.5,Bear,-0.29,7.44,0.69,16.0,
A,141.24,-0.07,2.07,39.9,N/A,N/A,6.24,62.7,Bull,0.15,5.18,0.01,15.9,
LUXE,8.05,-5.29,0.12,1.1,N/A,N/A,0.97,49.9,Bear,-0.0,4.27,1.31,15.7,
IFS,58.97,-0.47,0.79,6.8,N/A,N/A,4.92,53.9,Bear,-0.26,0.89,1.47,15.6,
SVC,8.45,7.23,4.84,1.1,N/A,N/A,1.08,53.3,Bear,-0.04,-2.86,1.81,15.6,
TDG,1267.49,0.43,1.05,69.8,N/A,N/A,0.74,51.3,Bull,2.75,-1.85,0.01,15.6,
CCK,122.21,0.92,4.0,13.2,N/A,N/A,9.55,66.8,Bull,0.01,9.95,0.0,15.5,
TRI,99.04,-1.11,0.93,43.4,N/A,N/A,7.38,53.9,Bull,0.02,10.47,0.01,15.4,
STVN,20.29,0.95,0.45,6.1,N/A,N/A,7.66,57.9,Bear,-0.02,2.73,1.06,15.4,
MEDP,590.45,0.93,2.31,16.3,N/A,N/A,11.1,63.8,Bear,-0.98,9.7,0.01,15.3,
TMO,580.72,0.12,1.12,214.5,N/A,N/A,9.79,67.8,Bear,-0.02,10.18,0.03,15.3,
YMM,9.56,0.31,0.74,9.9,N/A,N/A,7.27,62.8,Bear,-0.0,11.55,0.01,15.3,
NIC,173.89,-0.16,2.56,3.6,N/A,N/A,7.36,64.2,Bear,-0.16,6.56,0.6,15.2,
FRO,39.83,0.68,1.17,8.8,N/A,N/A,6.09,57.3,Bull,0.04,4.46,0.02,15.2,
SRRK,52.64,9.96,7.45,6.3,N/A,N/A,5.35,57.0,Bear,-0.07,-9.15,1.49,15.1,
EQBK,51.22,-0.54,0.97,1.1,N/A,N/A,4.75,62.2,Bull,0.01,6.93,0.55,15.0,
MSEX,57.37,0.03,2.8,1.1,N/A,N/A,3.93,57.0,Bear,-0.02,5.21,0.93,14.9,
LNN,115.01,0.31,3.78,1.2,N/A,N/A,0.2,50.9,Bull,0.23,1.05,0.01,14.9,
OKTA,148.88,3.74,4.89,24.9,N/A,N/A,14.2,61.3,Bear,-0.3,7.39,0.04,14.8,
ADUS,118.54,-0.2,2.65,2.2,N/A,N/A,10.41,65.3,Bear,-0.29,9.55,0.01,14.8,
BCAX,27.51,6.26,4.72,1.8,N/A,N/A,7.02,54.3,Bear,-0.26,-7.31,1.35,14.8,
WSE,12.53,1.05,4.42,15.2,N/A,N/A,0.74,54.5,Bull,0.03,-2.72,0.01,14.8,
UZD,19.14,-0.05,0.73,1.6,N/A,N/A,0.29,55.6,Bull,0.02,1.06,0.87,14.6,
PFG,114.74,-0.58,0.91,24.7,N/A,N/A,4.69,59.3,Bull,0.16,2.23,0.01,14.5,
TBBK,70.1,-0.92,4.52,2.9,N/A,N/A,9.09,60.0,Bull,0.04,5.41,0.01,14.4,
ETV,15.0,0.2,2.32,1.6,N/A,N/A,2.02,57.0,Bull,0.03,-0.99,0.04,14.4,
CGON,74.97,0.16,5.31,6.6,N/A,N/A,8.56,58.2,Bull,0.11,-0.36,0.01,14.3,
MRP,28.97,0.54,3.52,4.8,N/A,N/A,1.69,53.8,Bull,0.05,2.1,0.01,14.3,
BWIN,28.58,-0.07,3.03,4.0,N/A,N/A,12.46,59.0,Bear,-0.02,7.85,0.01,14.2,
BPYPP,16.1,-0.43,0.06,18.7,N/A,N/A,2.19,55.0,Bull,0.01,1.07,1.17,14.2,
LYG,6.29,1.62,1.94,91.7,N/A,N/A,7.08,60.1,Bull,0.0,4.83,0.04,14.2,
OTTR,93.26,0.23,5.47,3.9,N/A,N/A,3.39,57.9,Bull,0.1,4.83,0.01,14.2,
MMS,60.37,3.49,0.19,3.1,N/A,N/A,0.67,51.8,Bull,0.06,6.6,0.03,14.1,
GDV,30.15,-0.1,1.38,2.7,N/A,N/A,2.73,63.8,Bull,0.02,2.23,0.61,14.1,
WLY,53.77,0.22,3.01,2.7,N/A,N/A,10.39,59.8,Bull,0.02,6.88,0.01,14.1,
SCCD,24.84,-0.06,0.49,1.2,N/A,N/A,0.46,59.3,Bull,0.02,1.05,0.8,14.1,
OTIS,73.63,-0.27,2.33,28.1,N/A,N/A,0.7,54.2,Bull,0.14,0.74,0.01,14.0,
PACS,46.99,0.7,2.14,7.4,N/A,N/A,10.3,61.8,Bear,-0.23,8.73,0.01,14.0,
ADAMM,25.15,0.08,0.39,2.3,N/A,N/A,0.99,60.6,Bear,-0.01,0.78,1.52,13.9,
KOP,51.21,-2.15,4.46,1.0,N/A,N/A,9.16,60.4,Bear,-0.03,7.66,0.2,13.9,
NUVB,6.35,3.93,0.32,2.1,N/A,N/A,8.79,54.4,Bear,-0.06,9.29,0.03,13.9,
SLMBP,75.09,0.0,0.68,14.1,N/A,N/A,1.01,59.6,Bull,0.07,0.63,0.77,13.8,
EVC,11.64,2.05,3.77,1.1,N/A,N/A,12.56,56.4,Bull,0.01,-0.99,0.01,13.8,
KMX,58.25,0.33,1.73,8.2,N/A,N/A,9.59,59.3,Bear,-0.38,8.9,0.0,13.7,
MD,26.51,2.0,0.11,2.2,N/A,N/A,5.84,55.2,Bear,-0.12,-1.52,1.3,13.7,
WTM,2141.09,1.38,1.06,5.3,N/A,N/A,0.29,50.2,Bear,-10.38,-2.02,1.63,13.7,
LXP,60.6,0.08,0.12,3.6,N/A,N/A,7.13,70.6,Bear,-0.23,10.08,0.01,13.7,
ATR,136.35,0.42,1.79,8.6,N/A,N/A,6.53,63.9,Bull,0.03,9.01,0.01,13.6,
LBRDP,21.78,0.76,0.69,3.1,N/A,N/A,0.38,53.6,Bear,-0.01,-0.09,1.61,13.6,
ABXL,25.97,-0.04,0.43,1.9,N/A,N/A,1.18,65.0,Bull,0.01,1.56,1.15,13.6,
TEO,14.02,1.56,0.11,5.9,N/A,N/A,4.62,56.9,Bull,0.02,3.43,0.01,13.6,
ATEX,100.32,0.92,7.2,2.0,N/A,N/A,14.24,54.8,Bear,-0.61,-6.12,0.77,13.5,
KB,125.23,3.22,6.29,43.5,N/A,N/A,9.86,62.2,Bull,0.12,1.66,0.03,13.5,
WSC,26.09,1.05,7.45,4.7,N/A,N/A,0.63,49.6,Bull,0.05,-0.57,0.04,13.4,
CON,33.67,10.27,6.4,3.9,N/A,N/A,13.25,68.3,Bear,-0.1,6.74,0.0,13.4,
SNA,414.68,-1.0,1.38,21.5,N/A,N/A,3.95,56.9,Bull,0.1,3.66,0.72,13.4,
OXLCL,24.88,0.48,1.3,4.3,N/A,N/A,2.09,68.8,Bull,0.03,1.97,0.29,13.3,
CIMN,25.0,0.04,0.49,2.0,N/A,N/A,0.95,61.9,Bull,0.01,1.13,1.05,13.3,
LMRI,11.49,0.44,10.37,1.1,N/A,N/A,8.14,58.6,Bull,0.01,-4.25,0.04,13.3,
SLDE,21.33,2.84,5.44,2.5,N/A,N/A,8.25,57.7,Bear,-0.06,2.5,0.79,13.2,
TRMK,47.57,-0.71,0.25,2.8,N/A,N/A,2.96,56.4,Bull,0.06,2.81,0.01,13.2,
MESO,15.62,4.41,7.35,2.0,N/A,N/A,3.31,54.2,Bear,-0.09,5.33,0.75,13.2,
ASX,37.67,1.13,7.11,83.0,N/A,N/A,1.48,50.0,Bull,0.07,-11.7,0.03,13.2,
HHH,68.05,3.59,4.9,4.1,N/A,N/A,0.52,52.1,Bear,-0.12,-5.54,1.55,13.2,
BIIB,206.8,0.25,1.9,30.5,N/A,N/A,2.64,53.1,Bull,0.24,3.84,0.01,13.2,
MICC,19.01,0.48,2.15,11.6,N/A,N/A,6.97,61.6,Bull,0.02,2.59,0.01,13.1,
TOP,10.86,1.83,5.44,1.3,N/A,N/A,20.7,55.6,Bear,-0.21,2.94,0.01,13.0,
CCEC,22.75,-0.35,2.28,1.4,N/A,N/A,3.81,55.8,Bear,-0.04,1.82,1.11,12.9,
ZD,55.89,9.7,5.29,1.9,N/A,N/A,10.86,60.6,Bear,-0.1,7.11,0.04,12.9,
ARR,16.68,0.79,1.28,2.8,N/A,N/A,0.62,53.3,Bull,0.03,-0.78,0.04,12.9,
FTNT,162.93,1.76,0.61,117.5,N/A,N/A,9.52,57.3,Bull,0.1,3.44,0.03,12.9,
CXT,54.41,0.11,4.74,3.1,N/A,N/A,10.44,61.6,Bear,-0.12,7.04,0.06,12.7,
LZB,40.88,0.6,3.82,1.6,N/A,N/A,4.49,55.1,Bull,0.04,4.35,0.01,12.7,
BTZ,10.15,1.3,1.3,1.1,N/A,N/A,1.03,58.0,Bull,0.0,0.43,1.31,12.7,
DG,127.36,-0.07,0.24,28.1,N/A,N/A,5.98,60.0,Bull,0.04,7.1,0.01,12.5,
LOGI,104.55,1.53,2.02,14.7,N/A,N/A,0.79,50.9,Bull,0.14,2.55,0.04,12.5,
FDX,314.38,-0.47,2.27,74.7,N/A,N/A,0.07,50.6,Bull,0.55,-0.1,0.01,12.4,
DCOM,41.01,-0.21,0.6,1.8,N/A,N/A,3.96,57.4,Bull,0.04,3.66,0.01,12.3,
ASBA,24.75,0.32,0.53,3.7,N/A,N/A,0.62,60.1,Bull,0.02,0.36,0.55,12.2,
MFC,44.78,0.45,0.77,74.4,N/A,N/A,6.99,68.8,Bear,-0.02,8.45,0.02,12.1,
IX,40.49,-1.93,0.46,46.4,N/A,N/A,3.8,54.4,Bull,0.05,0.48,0.05,12.1,
CPK,133.5,-0.25,0.25,3.2,N/A,N/A,3.16,55.4,Bear,-0.48,4.37,0.74,12.1,
NVST,27.51,0.47,0.73,4.4,N/A,N/A,4.04,54.8,Bull,0.01,6.18,0.01,12.0,
CNH,10.85,0.0,5.85,13.4,N/A,N/A,1.52,52.0,Bull,0.01,3.83,0.01,12.0,
GNL,9.07,0.0,4.01,1.9,N/A,N/A,1.26,56.1,Bull,0.01,2.14,0.01,11.8,
AFG,145.58,-0.78,2.72,12.2,N/A,N/A,4.68,60.9,Bull,0.12,3.62,0.01,11.7,
TY,35.48,-0.34,1.87,1.9,N/A,N/A,2.28,60.4,Bull,0.04,-0.06,0.31,11.7,
DMRA,30.45,1.91,5.04,1.8,N/A,N/A,9.88,56.1,Bear,-0.17,6.73,0.0,11.7,
DCBG,26.38,0.21,0.57,1.0,N/A,N/A,0.21,53.4,Bull,0.01,-1.11,0.97,11.6,
ABM,48.35,-0.4,0.93,2.8,N/A,N/A,6.19,59.6,Bear,-0.11,8.42,0.01,11.6,
STC,68.42,0.5,0.37,2.1,N/A,N/A,1.04,50.6,Bear,-0.13,0.68,1.24,11.6,
CCS,70.04,1.64,4.29,2.0,N/A,N/A,7.44,57.1,Bear,-0.05,7.69,0.03,11.6,
IMCR,34.5,0.0,2.04,1.7,N/A,N/A,6.64,58.3,Bear,-0.16,7.98,0.02,11.5,
RQI,12.59,0.21,0.05,1.7,N/A,N/A,0.39,54.2,Bull,0.01,3.0,0.02,11.4,
PSA,326.43,-0.17,0.7,57.4,N/A,N/A,2.79,55.1,Bull,0.38,1.83,0.0,11.4,
KFRC,57.73,-1.38,1.69,1.0,N/A,N/A,10.88,58.6,Bear,-0.34,5.67,0.03,11.3,
AMAL,49.79,-0.72,1.18,1.5,N/A,N/A,7.38,63.5,Bull,0.0,7.07,0.01,11.3,
KBH,57.51,0.97,5.06,3.5,N/A,N/A,3.37,53.6,Bull,0.06,2.54,0.01,11.2,
FAF,75.07,-0.11,0.11,7.7,N/A,N/A,5.58,56.9,Bear,-0.12,8.31,0.0,11.1,
POWWP,24.42,-0.5,0.28,2.8,N/A,N/A,0.87,53.9,Bull,0.01,0.28,0.74,11.0,
NIQ,11.76,0.77,5.28,3.4,N/A,N/A,12.35,64.6,Bear,-0.01,4.54,0.01,10.8,
PHM,130.06,0.39,2.84,24.3,N/A,N/A,2.49,52.6,Bull,0.1,4.26,0.01,10.8,
ATHS,24.85,0.01,0.82,5.1,N/A,N/A,0.9,58.6,Bull,0.01,1.07,0.74,10.7,
NDAQ,94.98,0.3,0.84,52.9,N/A,N/A,5.63,61.9,Bear,-0.01,7.83,0.01,10.7,
CRNX,84.02,0.12,0.6,8.9,N/A,N/A,27.5,89.9,Bear,-1.7,0.53,0.01,10.6,
OPY,114.01,-0.24,6.91,1.2,N/A,N/A,5.02,55.1,Bull,0.12,-0.96,0.05,10.6,
GRDN,42.06,6.57,6.41,2.5,N/A,N/A,4.72,56.5,Bull,0.03,2.7,0.01,10.6,
MTG,30.06,-0.66,0.62,6.2,N/A,N/A,5.97,61.5,Bear,-0.04,7.41,0.02,10.6,
JOYY,74.7,-0.04,1.54,3.9,N/A,N/A,8.08,67.3,Bear,-0.11,5.9,0.06,10.5,
TRVI,18.78,1.52,2.91,2.6,N/A,N/A,10.19,56.6,Bear,-0.0,5.27,0.01,10.5,
IBN,30.25,-0.75,1.71,109.1,N/A,N/A,4.99,60.7,Bull,0.01,5.18,0.02,10.5,
ETSY,84.72,2.99,3.72,7.5,N/A,N/A,9.6,57.0,Bear,-0.35,4.53,0.13,10.4,
GL,185.54,-0.26,1.81,14.3,N/A,N/A,6.58,63.8,Bull,0.09,3.58,0.01,10.4,
RGA,245.0,3.68,3.44,15.5,N/A,N/A,8.05,68.1,Bear,-0.72,5.99,0.03,10.3,
DFTX,46.5,0.78,6.85,5.0,N/A,N/A,20.95,62.7,Bear,-0.24,-1.21,0.04,10.3,
CAG,14.8,-0.34,2.0,7.1,N/A,N/A,3.72,55.1,Bear,-0.03,8.24,0.01,10.2,
BEPI,16.07,-0.53,0.16,4.6,N/A,N/A,3.11,65.6,Bear,-0.0,3.81,0.58,10.2,
AFGE,16.15,-0.06,0.06,1.3,N/A,N/A,0.2,53.1,Bull,0.01,-0.25,0.6,10.2,
HWCPZ,22.22,0.32,0.23,1.9,N/A,N/A,0.78,57.4,Bull,0.0,1.53,0.9,10.2,
HSIC,87.68,-0.62,2.25,9.8,N/A,N/A,4.91,58.4,Bull,0.05,3.89,0.01,10.1,
NYAX,68.27,2.12,2.46,2.6,N/A,N/A,2.14,52.5,Bull,0.02,2.88,0.48,10.0,
WES,46.94,-0.03,0.8,19.4,N/A,N/A,5.3,63.5,Bear,-0.01,7.31,0.0,10.0,
OGS,79.62,0.47,1.96,5.0,N/A,N/A,0.19,52.7,Bear,-0.07,1.0,1.06,9.9,
MGTX,12.79,1.91,6.76,1.2,N/A,N/A,9.82,57.7,Bear,-0.02,-8.25,0.59,9.9,
AQNB,25.57,-0.25,0.24,19.6,N/A,N/A,0.19,52.2,Bull,0.01,0.29,0.77,9.9,
RLI,63.9,-0.75,4.34,5.9,N/A,N/A,8.43,60.0,Bear,-0.1,5.35,0.01,9.7,
EVTC,30.95,0.05,1.86,1.9,N/A,N/A,7.19,55.9,Bear,-0.09,6.0,0.01,9.7,
RUSHA,79.83,0.13,0.06,6.2,N/A,N/A,6.12,57.9,Bull,0.01,5.77,0.01,9.7,
GBTG,9.43,0.0,0.11,4.9,N/A,N/A,3.19,70.1,Bear,-0.01,0.43,0.91,9.6,
BMI,137.07,-0.07,2.02,4.0,N/A,N/A,0.56,50.2,Bull,0.18,-4.93,0.01,9.6,
MC,67.28,-0.02,0.29,5.3,N/A,N/A,0.65,49.8,Bull,0.03,5.53,0.01,9.5,
FBK,60.53,-0.47,0.26,3.0,N/A,N/A,5.31,60.6,Bear,-0.01,6.8,0.01,9.5,
EPC,27.87,-0.89,2.5,1.3,N/A,N/A,8.3,54.4,Bear,-0.17,5.25,0.02,9.5,
FTAIM,27.56,0.04,0.75,2.8,N/A,N/A,1.42,60.3,Bear,-0.02,1.95,0.82,9.5,
TAK,17.56,3.17,2.75,53.8,N/A,N/A,4.99,61.0,Bear,-0.03,6.04,0.09,9.3,
WSBC,41.4,-0.79,0.05,4.0,N/A,N/A,6.01,58.2,Bear,-0.11,6.21,0.01,9.3,
BOKF,144.28,-0.13,2.12,8.8,N/A,N/A,4.29,62.8,Bull,0.06,4.03,0.0,9.3,
TRU,79.85,0.81,1.56,15.2,N/A,N/A,5.67,55.1,Bear,-0.21,6.43,0.01,9.3,
LLYVK,103.23,-0.48,4.7,9.5,N/A,N/A,1.93,52.3,Bull,0.12,0.02,0.01,9.2,
MATX,206.26,0.55,1.47,6.2,N/A,N/A,3.04,50.8,Bear,-1.15,0.3,0.87,9.1,
PHVS,35.2,2.18,7.91,2.4,N/A,N/A,6.69,57.2,Bull,0.02,0.37,0.03,8.8,
TOL,151.96,0.42,4.16,14.1,N/A,N/A,1.84,51.7,Bull,0.13,1.66,0.01,8.8,
INVH,30.25,-0.4,1.78,17.9,N/A,N/A,2.54,54.9,Bull,0.02,2.2,0.01,8.8,
MGEE,80.85,0.8,1.7,3.1,N/A,N/A,1.38,52.0,Bear,-0.29,-1.09,0.96,8.7,
CPAC,11.93,-0.17,1.02,1.0,N/A,N/A,3.14,55.1,Bear,-0.03,4.47,0.31,8.6,
CPB,22.56,-0.02,2.62,6.7,N/A,N/A,2.5,53.1,Bull,0.02,2.2,0.03,8.6,
AHR,56.52,3.31,1.65,10.5,N/A,N/A,5.81,57.8,Bear,-0.4,5.51,0.02,8.6,
BY,39.16,-0.38,0.07,1.8,N/A,N/A,5.99,63.5,Bear,-0.03,5.53,0.01,8.6,
CDZIP,22.33,-0.31,0.09,1.9,N/A,N/A,2.13,53.1,Bear,-0.01,1.5,0.72,8.6,
GAB,5.7,0.71,1.6,1.7,N/A,N/A,1.76,55.4,Bull,0.0,1.06,0.13,8.5,
SAFE,15.99,-1.24,0.95,1.1,N/A,N/A,0.39,47.0,Bear,-0.09,-2.02,0.99,8.5,
EXPD,177.54,-0.57,5.75,23.2,N/A,N/A,5.24,57.7,Bull,0.06,3.21,0.02,8.5,
SMA,34.77,0.9,3.67,1.9,N/A,N/A,5.12,59.9,Bear,-0.05,5.82,0.01,8.4,
MFAN,25.0,0.08,0.54,2.6,N/A,N/A,1.05,66.5,Bull,0.01,0.78,0.58,8.3,
CRVL,60.85,-2.56,1.32,3.2,N/A,N/A,0.55,49.3,Bull,0.07,-2.31,0.01,8.3,
EFX,177.34,0.88,2.73,20.7,N/A,N/A,3.07,54.0,Bear,-0.34,6.55,0.01,8.1,
JPM,353.67,-0.74,0.53,954.7,N/A,N/A,5.27,58.9,Bear,-0.42,5.11,0.03,8.0,
V,367.35,-0.84,0.33,661.9,N/A,N/A,5.31,61.2,Bear,-0.26,5.27,0.02,8.0,
SCHW,106.46,-1.11,1.16,187.2,N/A,N/A,7.13,64.2,Bull,0.02,3.24,0.01,8.0,
CXW,32.38,0.45,8.31,3.2,N/A,N/A,12.48,65.9,Bear,-0.06,1.55,0.01,7.9,
DLX,26.1,0.05,0.9,1.2,N/A,N/A,2.47,52.9,Bear,-0.08,6.5,0.01,7.8,
BAC,62.46,-0.86,0.82,440.5,N/A,N/A,6.04,61.3,Bear,-0.11,4.68,0.02,7.8,
AB,37.13,0.08,1.12,3.5,N/A,N/A,0.05,50.5,Bear,-0.06,1.06,0.81,7.8,
ONBPP,24.81,-0.07,0.28,9.5,N/A,N/A,1.04,61.5,Bull,0.01,0.4,0.37,7.8,
VOYA,101.27,-0.23,1.85,9.2,N/A,N/A,7.81,65.0,Bear,-0.18,3.8,0.0,7.7,
FNF,52.2,-0.65,1.18,14.1,N/A,N/A,4.51,57.3,Bear,-0.08,5.39,0.01,7.7,
JAZZ,255.47,-0.46,1.03,16.7,N/A,N/A,5.66,56.7,Bear,-0.24,4.78,0.01,7.7,
MUFG,22.58,0.27,0.58,267.3,N/A,N/A,6.63,58.0,Bear,-0.08,4.3,0.01,7.7,
AGNCP,25.22,0.08,0.72,29.9,N/A,N/A,1.53,73.5,Bull,0.0,0.6,0.65,7.6,
SW,46.65,-0.59,1.49,24.6,N/A,N/A,4.09,52.1,Bear,-0.07,5.48,0.01,7.6,
GSK,52.67,0.96,1.9,105.7,N/A,N/A,1.23,54.8,Bull,0.05,-0.21,0.03,7.6,
NP,32.42,-1.23,2.25,4.5,N/A,N/A,6.99,54.9,Bull,0.01,1.58,0.04,7.6,
BRO,70.72,-0.65,0.45,23.8,N/A,N/A,6.14,56.4,Bear,-0.19,4.52,0.0,7.6,
REGCO,21.88,-0.07,1.02,4.0,N/A,N/A,0.2,51.9,Bear,-0.0,-0.46,0.89,7.5,
BHRB,73.5,-0.35,0.34,1.5,N/A,N/A,5.15,60.2,Bear,-0.03,4.55,0.02,7.3,
LCII,106.28,0.44,3.83,2.6,N/A,N/A,1.26,54.6,Bull,0.02,5.15,0.01,7.3,
TRNZ,25.34,0.12,0.24,1.8,N/A,N/A,0.65,55.1,Bull,0.0,0.56,0.66,7.3,
NVRI,22.41,-2.61,0.9,1.9,N/A,N/A,2.9,50.4,Bear,-0.02,-2.23,0.7,7.3,
XENE,64.55,0.39,0.56,6.2,N/A,N/A,5.1,54.0,Bear,-0.59,-9.03,0.54,7.1,
VRTS,163.77,0.17,2.77,1.1,N/A,N/A,6.48,55.9,Bear,-0.74,3.74,0.02,7.1,
FRA,10.85,0.23,0.32,1.6,N/A,N/A,0.76,57.4,Bull,0.01,1.01,0.08,7.1,
BNY,157.83,-0.62,0.96,107.8,N/A,N/A,5.33,58.5,Bear,-0.43,4.3,0.01,7.1,
NMR,9.96,0.44,2.93,28.8,N/A,N/A,7.5,63.5,Bear,-0.01,3.15,0.01,7.0,
NUTX,164.37,8.19,11.49,1.0,N/A,N/A,7.71,55.2,Bull,0.03,-10.62,0.24,6.9,
WSFS,80.93,-0.91,0.91,4.2,N/A,N/A,4.66,58.1,Bear,-0.05,4.28,0.02,6.8,
BANR,70.28,-0.3,0.56,2.4,N/A,N/A,3.68,56.6,Bear,-0.06,4.77,0.01,6.7,
AGYS,110.16,2.4,4.75,3.0,N/A,N/A,10.94,56.7,Bear,-0.1,1.08,0.02,6.7,
UBS,53.66,1.55,1.74,164.0,N/A,N/A,6.08,58.7,Bear,-0.05,3.03,0.05,6.5,
DLTR,128.5,-0.91,1.01,24.9,N/A,N/A,6.86,57.4,Bear,-0.13,2.87,0.03,6.5,
APGE,134.59,0.07,0.37,10.1,N/A,N/A,11.37,79.8,Bear,-1.29,0.7,0.01,6.5,
BPYPO,15.37,0.52,1.45,17.8,N/A,N/A,1.43,56.0,Bull,0.01,1.45,0.01,6.4,
LFST,10.88,2.06,3.82,4.1,N/A,N/A,9.18,55.9,Bear,-0.12,1.63,0.02,6.4,
YETI,50.93,-1.82,4.08,3.9,N/A,N/A,4.29,53.1,Bear,-0.01,4.14,0.01,6.3,
FWONA,91.69,0.47,2.09,22.9,N/A,N/A,4.41,56.9,Bear,-0.29,3.97,0.0,6.2,
HNGE,83.04,3.7,11.15,6.2,N/A,N/A,11.92,59.9,Bear,-0.2,-6.49,0.03,6.2,
REGCP,23.18,0.2,0.12,4.2,N/A,N/A,0.93,54.6,Bear,-0.01,-0.0,0.69,6.2,
SLAB,218.65,0.08,0.53,7.2,N/A,N/A,0.56,58.2,Bull,0.18,0.01,0.01,6.1,
HXL,103.37,0.38,0.41,7.8,N/A,N/A,3.27,51.0,Bear,-0.81,4.26,0.01,6.0,
HIG,143.96,-0.38,1.45,39.1,N/A,N/A,4.25,59.5,Bear,-0.06,3.74,0.02,6.0,
DE,613.92,-0.15,3.59,166.0,N/A,N/A,2.53,53.5,Bear,-0.2,4.61,0.01,6.0,
JKHY,155.13,-1.15,0.71,11.2,N/A,N/A,5.21,57.2,Bear,-0.32,3.2,0.01,5.9,
MSGE,77.28,0.8,0.03,3.6,N/A,N/A,3.53,53.7,Bear,-0.07,4.09,0.01,5.9,
COO,72.68,-0.87,0.5,14.3,N/A,N/A,3.47,54.7,Bull,0.01,2.81,0.01,5.9,
IMVT,40.21,1.17,4.1,8.2,N/A,N/A,8.63,59.5,Bear,-0.14,1.25,0.03,5.8,
BDJ,9.84,0.72,0.61,1.7,N/A,N/A,3.69,65.6,Bull,0.0,2.41,0.04,5.8,
SLS,11.8,0.85,17.88,2.2,N/A,N/A,11.17,52.8,Bear,-0.06,-7.52,0.03,5.8,
GD,385.95,-0.25,0.66,104.7,N/A,N/A,5.02,61.3,Bear,-0.48,2.9,0.02,5.6,
EXR,149.12,-0.28,0.73,31.6,N/A,N/A,1.85,53.3,Bull,0.02,3.58,0.01,5.6,
RWTN,24.85,-0.4,0.08,3.2,N/A,N/A,0.1,48.8,Bear,-0.0,0.08,0.64,5.5,
CUBE,41.82,-0.07,0.87,9.4,N/A,N/A,2.56,55.3,Bear,-0.04,4.06,0.01,5.4,
MFAO,25.07,0.1,0.29,2.6,N/A,N/A,1.06,66.7,Bull,0.01,0.88,0.2,5.4,
MSGS,395.63,1.04,0.5,9.4,N/A,N/A,3.27,53.7,Bear,-1.12,3.6,0.01,5.3,
QGEN,42.35,1.49,2.29,8.6,N/A,N/A,6.05,61.8,Bear,-0.08,2.02,0.04,5.3,
AGNCL,25.05,-0.56,0.24,29.9,N/A,N/A,1.12,58.8,Bull,0.01,0.56,0.02,5.3,
OXLCN,24.84,0.26,0.24,4.3,N/A,N/A,0.99,58.9,Bull,0.01,1.13,0.11,5.2,
MLYS,27.28,1.07,6.9,2.2,N/A,N/A,1.0,53.5,Bull,0.02,-3.88,0.01,5.1,
RUSHB,77.9,0.06,0.22,6.0,N/A,N/A,4.6,55.2,Bear,-0.05,2.77,0.01,5.1,
PSNL,13.24,1.61,4.58,1.4,N/A,N/A,10.16,53.7,Bear,-0.06,-5.9,0.0,5.1,
RLAY,19.36,-1.97,2.81,3.8,N/A,N/A,9.46,55.4,Bear,-0.07,-3.22,0.03,5.0,
RNW,6.24,0.16,0.32,2.3,N/A,N/A,2.56,52.8,Bull,0.0,-0.48,0.0,5.0,
LUV,46.8,-0.3,4.07,23.0,N/A,N/A,0.89,49.0,Bull,0.03,-3.37,0.02,5.0,
NSC,337.23,-1.53,0.52,76.9,N/A,N/A,3.38,54.8,Bear,-0.78,2.98,0.01,4.7,
BCS,28.05,-0.46,2.0,98.0,N/A,N/A,4.87,54.5,Bear,-0.02,2.07,0.02,4.7,
NOV,19.7,-0.98,1.42,7.1,N/A,N/A,0.71,51.4,Bear,-0.01,4.31,0.01,4.7,
TENB,35.25,-2.54,8.0,4.0,N/A,N/A,8.61,53.2,Bear,-0.06,-11.39,0.03,4.6,
CGEM,18.14,1.06,9.94,1.1,N/A,N/A,8.4,57.7,Bull,0.0,0.06,0.02,4.6,
PII,69.94,-0.17,4.26,4.0,N/A,N/A,1.44,49.3,Bear,-0.21,3.77,0.01,4.6,
AGNCZ,25.48,-0.06,0.16,30.2,N/A,N/A,1.35,69.2,Bull,0.01,1.31,0.08,4.6,
CFG,71.67,-1.05,0.02,30.5,N/A,N/A,3.41,52.7,Bear,-0.13,2.55,0.03,4.5,
BMO,181.12,0.17,0.93,127.5,N/A,N/A,5.11,60.8,Bear,-0.11,1.92,0.01,4.5,
CROX,134.29,0.09,4.91,6.4,N/A,N/A,6.41,53.4,Bear,-0.36,1.14,0.02,4.5,
WEN,7.52,1.81,2.23,1.4,N/A,N/A,1.04,50.0,Bull,0.0,-0.34,0.4,4.5,
AMG,369.89,-0.62,0.86,9.8,N/A,N/A,5.53,54.9,Bull,0.04,0.95,0.01,4.5,
ROIV,36.02,2.56,6.22,25.4,N/A,N/A,8.36,60.8,Bear,-0.0,0.14,0.01,4.4,
DHR,199.0,-0.49,2.06,140.6,N/A,N/A,3.86,55.4,Bull,0.07,-0.03,0.01,4.4,
DBRG,15.93,-0.06,0.38,3.0,N/A,N/A,0.99,63.9,Bull,0.01,1.01,0.0,4.4,
HOG,25.86,0.64,5.4,2.7,N/A,N/A,2.69,51.6,Bear,-0.04,2.88,0.0,4.3,
KRP,15.0,3.38,0.2,1.6,N/A,N/A,1.54,54.6,Bear,-0.01,2.04,0.17,4.3,
RVTY,113.78,-0.4,1.12,12.7,N/A,N/A,5.5,55.6,Bear,-0.04,1.39,0.0,4.2,
LNG,264.06,-0.64,0.19,55.7,N/A,N/A,4.01,55.9,Bear,-0.64,2.1,0.01,4.2,
VRNS,43.23,1.87,8.22,4.9,N/A,N/A,8.09,52.4,Bear,-0.58,-2.91,0.01,4.1,
BBIO,83.99,1.44,4.87,16.2,N/A,N/A,8.04,60.1,Bear,-0.47,-2.21,0.01,4.1,
IHS,8.24,0.73,0.49,2.8,N/A,N/A,0.15,52.2,Bull,0.0,0.98,0.2,4.0,
RCUS,29.11,2.77,3.28,3.6,N/A,N/A,6.39,55.0,Bear,-0.03,0.67,0.01,4.0,
ABVX,132.22,1.71,5.84,11.2,N/A,N/A,7.14,57.1,Bear,-0.53,-5.49,0.05,4.0,
MTB,247.27,-1.15,0.4,36.1,N/A,N/A,3.61,53.1,Bear,-0.88,2.03,0.02,4.0,
UNP,292.8,-0.87,0.23,175.5,N/A,N/A,3.49,53.6,Bear,-1.28,2.04,0.01,3.9,
BHVN,14.67,1.73,8.67,2.2,N/A,N/A,7.71,54.2,Bear,-0.08,-5.66,0.0,3.9,
TRIN,17.76,0.94,1.23,1.7,N/A,N/A,3.46,54.5,Bear,-0.02,1.92,0.01,3.8,
MBINM,25.57,-0.12,0.1,1.2,N/A,N/A,0.95,56.1,Bear,-0.01,0.55,0.33,3.7,
HLN,9.96,-0.7,0.91,44.7,N/A,N/A,2.82,54.6,Bear,-0.03,2.05,0.02,3.6,
OMC,82.74,0.27,5.13,22.6,N/A,N/A,5.06,56.3,Bear,-0.08,0.98,0.01,3.6,
ERAS,18.33,0.33,0.99,6.3,N/A,N/A,7.15,52.0,Bear,-0.23,-1.08,0.01,3.6,
TRNI,25.3,0.19,0.11,1.8,N/A,N/A,0.61,59.4,Bear,-0.01,0.23,0.36,3.5,
GBDC,13.02,-0.27,1.52,3.4,N/A,N/A,1.42,53.5,Bull,0.0,0.81,0.01,3.5,
GDDY,91.03,0.75,10.02,11.4,N/A,N/A,2.13,50.3,Bear,-0.86,2.37,0.01,3.5,
SMFG,25.94,0.82,0.23,117.4,N/A,N/A,5.18,56.0,Bear,-0.09,0.78,0.02,3.5,
LGND,301.56,0.47,4.88,6.0,N/A,N/A,6.5,54.8,Bear,-1.21,-4.64,0.02,3.4,
OMDA,20.91,7.01,5.39,1.2,N/A,N/A,4.95,51.5,Bear,-0.27,-10.18,0.11,3.4,
RNR,321.76,-0.53,0.56,13.4,N/A,N/A,2.36,52.3,Bear,-1.02,2.15,0.01,3.4,
TGLS,45.1,1.41,3.81,2.0,N/A,N/A,0.9,49.9,Bear,-0.04,2.72,0.02,3.3,
LYV,182.43,0.36,4.76,42.8,N/A,N/A,3.45,54.5,Bear,-0.05,1.47,0.01,3.2,
SYK,335.02,-0.71,2.86,129.4,N/A,N/A,3.07,53.2,Bear,-0.12,1.59,0.01,3.2,
REYN,26.33,0.15,5.57,5.5,N/A,N/A,5.37,57.3,Bear,-0.0,0.23,0.02,3.1,
USB,63.16,-1.02,0.24,99.0,N/A,N/A,3.67,53.6,Bear,-0.23,1.2,0.01,3.1,
FBIN,50.64,0.58,2.8,6.0,N/A,N/A,5.78,53.1,Bear,-0.27,-1.88,0.01,3.0,
MTH,72.83,0.79,3.75,4.7,N/A,N/A,0.01,48.2,Bull,0.03,-3.54,0.07,3.0,
WELL,235.49,-0.22,0.45,170.1,N/A,N/A,2.57,50.3,Bear,-1.89,1.68,0.01,3.0,
BNS,88.46,0.15,0.78,108.3,N/A,N/A,3.94,56.6,Bear,-0.12,0.99,0.01,3.0,
WAFD,37.16,-0.83,1.06,2.8,N/A,N/A,0.99,49.6,Bull,0.01,-2.47,0.01,3.0,
AGNCO,25.57,0.0,0.2,30.3,N/A,N/A,1.35,74.1,Bull,0.0,0.95,0.03,2.9,
IDYA,36.5,0.72,2.82,3.5,N/A,N/A,5.31,54.8,Bear,-0.13,-1.32,0.03,2.9,
ARGX,889.68,1.64,4.2,54.3,N/A,N/A,2.78,53.6,Bear,-0.3,1.37,0.01,2.9,
CVLT,137.45,3.07,16.68,5.5,N/A,N/A,5.49,52.9,Bear,-0.57,-8.71,0.02,2.9,
LGIH,59.47,0.49,8.98,1.4,N/A,N/A,5.45,52.7,Bear,-0.05,0.13,0.01,2.9,
SON,56.55,-0.91,0.34,5.6,N/A,N/A,3.23,51.5,Bear,-0.21,1.18,0.01,2.9,
RY,211.25,-0.09,0.83,293.9,N/A,N/A,4.09,56.5,Bear,-0.44,0.68,0.01,2.8,
CL,92.31,-0.74,1.11,74.1,N/A,N/A,1.59,52.2,Bull,0.02,0.65,0.02,2.8,
PRG,44.24,1.84,0.5,1.7,N/A,N/A,5.33,51.6,Bear,-0.25,0.0,0.01,2.8,
SUPN,47.82,2.27,7.15,2.7,N/A,N/A,1.83,54.1,Bull,0.01,-1.32,0.01,2.8,
AXON,533.84,2.18,1.15,42.1,N/A,N/A,4.23,49.9,Bear,-0.53,-5.65,0.07,2.7,
ASB,30.93,-0.74,0.16,5.9,N/A,N/A,2.7,52.2,Bear,-0.04,1.08,0.03,2.7,
MSM,123.74,-0.14,0.27,6.9,N/A,N/A,4.03,52.8,Bear,-0.49,0.58,0.01,2.7,
MS,213.84,0.04,1.62,335.7,N/A,N/A,1.48,50.1,Bull,0.05,-3.27,0.02,2.6,
DSL,10.74,0.37,0.66,1.1,N/A,N/A,0.17,51.6,Bull,0.0,-1.82,0.03,2.6,
SNDA,40.65,0.72,0.72,1.9,N/A,N/A,3.9,53.0,Bear,-0.24,0.44,0.02,2.6,
OXLCZ,24.93,-0.04,0.02,4.3,N/A,N/A,0.89,66.1,Bull,0.0,0.56,0.02,2.5,
MCBS,35.53,-0.98,0.42,1.0,N/A,N/A,2.43,51.2,Bear,-0.06,0.62,0.07,2.4,
CM,118.71,0.23,0.13,108.3,N/A,N/A,3.11,55.1,Bear,-0.21,0.79,0.01,2.4,
AJG,250.2,-0.61,0.31,64.5,N/A,N/A,4.69,52.7,Bear,-1.77,-1.14,0.01,2.4,
AGNCM,25.12,-0.12,0.32,29.8,N/A,N/A,1.33,62.8,Bull,0.0,0.76,0.04,2.4,
UMBFO,26.49,0.15,0.34,2.0,N/A,N/A,0.71,54.4,Bull,0.01,0.42,0.02,2.3,
LSPD,10.35,1.17,2.37,1.4,N/A,N/A,3.5,52.5,Bear,-0.01,0.49,0.0,2.3,
NBTX,40.0,5.85,4.21,1.8,N/A,N/A,4.39,53.5,Bear,-0.02,-0.17,0.01,2.3,
EFC,13.48,2.59,1.51,1.6,N/A,N/A,1.93,56.1,Bear,-0.0,0.23,0.13,2.3,
BULL,7.39,2.29,4.6,3.8,N/A,N/A,4.0,51.8,Bear,-0.05,0.07,0.03,2.3,
WAFDP,16.54,0.85,1.41,1.2,N/A,N/A,1.29,56.1,Bear,-0.01,1.44,0.01,2.2,
RF,31.13,-0.83,0.58,26.8,N/A,N/A,3.18,53.2,Bear,-0.05,0.35,0.02,2.1,
DORM,138.17,0.43,3.76,4.1,N/A,N/A,4.01,51.8,Bear,-0.21,-0.24,0.01,2.1,
CVBF,22.56,-0.66,0.85,4.0,N/A,N/A,2.8,52.2,Bear,-0.06,0.4,0.02,2.0,
TFC,52.1,-0.94,0.49,64.2,N/A,N/A,2.17,53.0,Bear,-0.06,0.82,0.01,2.0,
OXLCO,24.12,0.35,0.84,4.2,N/A,N/A,0.96,55.2,Bear,-0.0,0.6,0.1,2.0,
ALX,274.7,0.72,7.72,1.4,N/A,N/A,3.18,53.8,Bear,-0.26,0.12,0.04,2.0,
CZR,30.05,0.01,1.02,6.1,N/A,N/A,2.07,56.1,Bear,-0.01,0.72,0.02,1.9,
MANE,110.43,1.63,5.17,4.5,N/A,N/A,3.67,50.8,Bear,-0.28,-7.67,0.01,1.9,
NTRS,183.35,-0.43,0.64,33.7,N/A,N/A,3.54,55.0,Bear,-0.23,-0.11,0.01,1.9,
PBI,17.84,-0.61,1.77,2.5,N/A,N/A,3.42,50.1,Bear,-0.06,-2.67,0.01,1.8,
KYMR,105.64,-0.72,2.17,8.8,N/A,N/A,3.31,49.0,Bear,-1.19,-11.49,0.02,1.8,
LLY,1177.97,-1.17,2.54,1122.0,N/A,N/A,3.2,52.3,Bear,-3.15,-0.89,0.03,1.8,
CYTK,81.18,-0.23,5.26,10.1,N/A,N/A,3.32,53.5,Bear,-0.12,-4.34,0.02,1.8,
TD,120.85,-0.27,0.78,200.2,N/A,N/A,2.91,53.5,Bear,-0.16,0.27,0.0,1.8,
GRBK,72.21,1.08,2.09,3.1,N/A,N/A,0.18,49.3,Bull,0.02,-1.94,0.03,1.8,
SIGI,96.25,-0.55,1.53,5.8,N/A,N/A,2.68,52.4,Bear,-0.11,0.33,0.01,1.8,
SWX,91.93,-0.5,2.84,6.7,N/A,N/A,1.74,54.4,Bear,-0.13,0.83,0.01,1.8,
OCFC,19.35,-0.85,0.23,1.9,N/A,N/A,0.74,48.3,Bear,-0.06,1.28,0.02,1.8,
ACHC,30.47,-0.83,2.85,2.9,N/A,N/A,3.29,48.8,Bear,-0.41,-2.61,0.01,1.7,
OGN,13.55,0.0,0.0,3.6,N/A,N/A,2.9,60.5,Bear,-0.01,0.22,0.01,1.7,
FBNC,64.0,-0.31,1.8,2.7,N/A,N/A,2.45,52.7,Bear,-0.03,0.44,0.01,1.7,
CR,217.72,-0.38,2.0,12.6,N/A,N/A,3.17,51.0,Bear,-0.71,-0.62,0.01,1.6,
GILD,131.5,0.49,0.99,162.5,N/A,N/A,0.27,50.5,Bear,-0.16,1.29,0.03,1.6,
NWN,50.39,-0.75,3.0,2.1,N/A,N/A,1.01,53.0,Bear,-0.06,0.98,0.02,1.6,
HBANL,25.13,0.24,0.36,50.7,N/A,N/A,0.78,60.3,Bull,0.0,0.72,0.02,1.6,
XMTR,89.82,3.14,4.79,5.0,N/A,N/A,2.85,49.8,Bear,-0.25,-6.5,0.02,1.6,
ALKS,49.27,1.86,0.57,8.1,N/A,N/A,2.5,46.3,Bear,-0.57,-5.14,0.04,1.6,
CP,90.64,0.43,1.96,80.5,N/A,N/A,1.6,51.7,Bear,-0.21,0.57,0.02,1.6,
KMPR,29.35,-1.61,3.42,1.8,N/A,N/A,2.92,53.8,Bear,-0.02,-0.27,0.01,1.6,
WST,348.3,-0.09,2.15,24.5,N/A,N/A,3.1,52.5,Bear,-0.36,-1.47,0.01,1.6,
CNC,64.19,-0.02,3.17,31.7,N/A,N/A,2.83,49.8,Bear,-0.09,-4.69,0.03,1.6,
CRS,558.06,0.15,7.39,27.7,N/A,N/A,2.46,49.4,Bear,-1.95,-3.55,0.03,1.5,
PFBC,105.59,0.05,1.1,1.5,N/A,N/A,3.0,54.0,Bear,-0.16,-0.14,0.0,1.5,
NLY,22.83,0.76,0.5,17.1,N/A,N/A,2.45,54.9,Bear,-0.06,-0.12,0.03,1.5,
AES,14.71,0.07,0.21,10.5,N/A,N/A,1.0,65.3,Bear,-0.0,0.72,0.02,1.4,
SENEA,166.13,-0.27,0.39,1.1,N/A,N/A,1.54,48.0,Bear,-0.5,-5.98,0.08,1.4,
BCRX,9.57,2.96,6.63,2.4,N/A,N/A,2.62,53.1,Bear,-0.02,-8.37,0.01,1.4,
OSW,26.45,-0.32,2.68,2.7,N/A,N/A,1.51,50.2,Bear,-0.02,0.53,0.01,1.4,
DX,12.92,0.86,1.65,3.2,N/A,N/A,0.9,53.6,Bull,0.0,-0.44,0.04,1.4,
MCY,107.75,0.29,0.59,6.0,N/A,N/A,2.57,52.5,Bear,-0.11,-1.38,0.01,1.4,
MKC,52.24,-0.08,2.63,14.1,N/A,N/A,2.72,55.5,Bear,-0.02,-0.4,0.01,1.4,
VRTX,485.33,0.27,1.72,122.7,N/A,N/A,2.36,53.7,Bear,-0.45,-0.01,0.01,1.3,
EWBC,131.01,-0.66,0.62,18.1,N/A,N/A,1.87,51.5,Bear,-0.09,0.21,0.02,1.3,
DEA,24.91,0.08,2.26,1.2,N/A,N/A,1.39,50.0,Bear,-0.06,0.16,0.05,1.3,
MBINL,24.97,-0.04,0.04,1.1,N/A,N/A,1.19,58.6,Bear,-0.0,0.28,0.06,1.3,
ZION,69.81,-1.1,0.15,10.4,N/A,N/A,2.37,50.5,Bear,-0.12,-1.21,0.01,1.2,
PDO,13.1,0.23,0.46,1.9,N/A,N/A,0.96,55.2,Bull,0.0,-0.55,0.03,1.2,
XYL,120.66,-0.08,3.15,28.2,N/A,N/A,2.17,53.2,Bear,-0.15,-0.46,0.01,1.2,
MAZE,28.9,1.3,7.36,1.6,N/A,N/A,2.08,54.5,Bear,-0.02,-5.46,0.01,1.2,
FG,29.33,0.51,2.66,3.9,N/A,N/A,1.92,50.2,Bear,-0.16,-1.15,0.01,1.1,
AMD,493.46,0.85,3.64,798.7,N/A,N/A,1.22,48.6,Bear,-1.61,-11.55,0.06,1.1,
TROW,113.97,0.31,1.99,24.2,N/A,N/A,1.64,47.9,Bear,-0.84,-3.86,0.02,1.0,
SNY,43.55,1.54,1.09,104.6,N/A,N/A,0.19,50.9,Bear,-0.1,0.11,0.1,1.0,
TEX,66.49,1.74,5.81,7.5,N/A,N/A,1.78,51.6,Bear,-0.08,-1.45,0.01,1.0,
APD,298.25,-0.56,1.14,66.8,N/A,N/A,1.84,54.2,Bear,-0.14,-0.43,0.01,1.0,
TYL,311.37,1.65,0.57,12.5,N/A,N/A,0.45,51.1,Bear,-0.59,0.61,0.01,0.9,
RAL,66.53,0.88,1.77,7.3,N/A,N/A,1.7,46.6,Bear,-0.44,-3.93,0.0,0.9,
INGM,28.83,0.96,2.18,6.6,N/A,N/A,1.3,50.0,Bear,-0.12,-0.81,0.01,0.8,
AAPL,313.47,0.34,1.48,4559.4,N/A,N/A,1.12,47.7,Bear,-3.17,-0.59,0.03,0.8,
TFIN,76.07,0.38,0.18,1.8,N/A,N/A,1.44,48.4,Bear,-0.34,-3.03,0.01,0.8,
SIRI,29.76,-0.4,0.47,10.1,N/A,N/A,1.31,47.0,Bear,-0.2,-2.17,0.02,0.8,
AVO,12.77,1.67,1.27,1.1,N/A,N/A,1.45,51.9,Bear,-0.06,-4.2,0.01,0.8,
RSG,215.54,2.84,2.37,64.5,N/A,N/A,1.01,52.5,Bear,-0.86,-1.67,0.04,0.8,
ASND,251.76,0.76,3.22,15.5,N/A,N/A,1.43,50.5,Bear,-1.28,-6.91,0.01,0.8,
AKTS,24.07,2.69,9.06,3.6,N/A,N/A,1.45,49.9,Bear,-0.08,-13.67,0.0,0.8,
CINF,178.71,-0.18,0.58,27.5,N/A,N/A,1.55,50.2,Bear,-0.57,-0.32,0.01,0.8,
AGNC,10.69,0.8,0.33,12.6,N/A,N/A,1.05,50.5,Bear,-0.03,-2.84,0.03,0.8,
GIS,36.17,0.28,1.17,19.3,N/A,N/A,1.07,50.2,Bear,-0.2,-0.14,0.01,0.7,
R,264.18,0.72,3.03,10.1,N/A,N/A,1.37,49.7,Bear,-0.5,-1.76,0.0,0.7,
NVO,47.31,2.9,0.48,203.6,N/A,N/A,0.54,47.9,Bear,-0.58,-4.4,0.05,0.7,
HUM,364.8,-0.66,0.26,44.1,N/A,N/A,1.28,43.6,Bear,-4.32,-6.99,0.01,0.7,
WDFC,233.31,0.91,2.72,3.1,N/A,N/A,1.01,49.4,Bear,-0.75,-11.58,0.01,0.6,
MHO,147.39,0.38,0.86,3.7,N/A,N/A,0.83,47.8,Bear,-0.5,0.05,0.01,0.6,
AIG,78.75,-1.53,0.21,42.4,N/A,N/A,1.06,50.1,Bear,-0.14,-0.54,0.01,0.6,
CASH,88.5,-0.15,0.29,1.9,N/A,N/A,1.06,51.1,Bear,-0.09,-1.92,0.01,0.6,
FSV,142.88,0.08,1.41,6.3,N/A,N/A,0.98,51.1,Bear,-0.04,-0.39,0.0,0.5,
MAS,75.97,0.66,6.28,14.9,N/A,N/A,0.92,49.0,Bear,-0.29,-2.4,0.01,0.5,
VLY,14.39,-0.55,0.7,8.0,N/A,N/A,0.68,47.5,Bear,-0.02,-1.71,0.02,0.5,
STRF,95.92,0.11,1.22,36.8,N/A,N/A,0.51,50.6,Bear,-0.21,-0.18,0.01,0.4,
PGR,213.66,-0.78,1.06,125.2,N/A,N/A,0.69,49.6,Bear,-0.23,-7.39,0.01,0.4,
GS,1038.31,0.56,1.96,300.7,N/A,N/A,0.33,48.4,Bear,-2.52,-1.6,0.03,0.4,
AXP,338.35,-1.24,0.62,231.4,N/A,N/A,0.28,47.5,Bear,-0.66,-3.49,0.03,0.4,
CACC,584.44,0.54,2.73,6.0,N/A,N/A,0.22,47.6,Bear,-0.77,-6.63,0.02,0.3,
MCB,93.87,1.1,1.5,1.2,N/A,N/A,0.23,49.3,Bear,-0.0,-3.39,0.01,0.2,
MAA,133.51,-0.09,0.89,15.5,N/A,N/A,0.22,48.8,Bear,-0.05,-0.14,0.01,0.2,
ESS,285.05,-0.02,0.32,18.3,N/A,N/A,0.12,44.8,Bear,-1.36,-2.9,0.0,0.1,